R1;CUPS;Número (ID5);Póliza;Autoconsumo;CAU;Es servicios auxiliares;Coordenada X;Coordenada Y;Coordenada Z;Nudo;Provincia;Municipio;Parroquia/población;CT AA conectividad;Línea;Tramo;Fase;Tensión alimentación (kV);Tipo instalación (conexión);Pot. contratada (kW);Pot. máxima;Potencia instalada (adscrita) (kW);Tarifa;Tipo equipo medida;Fecha de instalación equipo de medida;Código CNAE;Casa cerrada;Fecha alta contrato;Fecha baja contrato;Observaciones;Coordenada X Z29;Coordenada Y Z29;Coordenada X Z31;Coordenada Y Z31;Sustituye a;Sustituido por;Inspección;CT AA manual;Excluido conectividad;Digitalizar;infra_id
R1-112;ES0157000001701998PS0F;KAM0030989564;1701998;;;;335508,355;4082671,05;448,518;0484562705LB368756766;Málaga;Ardales;;;112.LBT.D100000002;112.BTV.D100000552;;0,23;Fachada;3,45;;;2.0TD;SMT;;9820;0;31/05/2021 2:00;;;870332,2;4089145,69;-199821,209;4109936,878;;;;CT28 DEPOSITO AGUA;;;
R1-112;ES0157000010300201RJ0F;KAM0026733863;10300201;;;;335556,356;4082855,05;429,18;0484512862LB368773428;Málaga;Ardales;;;112.LBT.D200000129;112.BTV.D100000518;;0,23;Fachada;3,45;;;2.0TD;SMT;;9820;0;02/08/2022 12:58;;;870368,591;4089332,597;-199761,348;4110118,511;;;;CT28 DEPOSITO AGUA;;;
R1-112;ES0157000010300205RV;KAM0020239410;10300205;;;;335573,356;4082845,05;431;0484493579LB368772557;Málaga;Ardales;;;112.LBT.D200000129;112.BTV.D100000516;;0,23;Fachada;3,45;;;2.0TD;SMT;;9820;0;03/11/2022 14:05;;;870386,209;4089323,673;-199744,92;4110107,395;;;;CT28 DEPOSITO AGUA;;;
R1-112;ES0157000010300208RC;29577465;10300208;;;;335580,356;4082842,05;431;0484485663LB368772298;Málaga;Ardales;;;112.LBT.D200000129;112.BTV.D100000515;;0,23;Fachada;3,45;;;2.0TD;MEC;;9820;0;31/05/2021 21:58;;;870393,394;4089321,115;-199738,085;4110103,939;;;;CT28 DEPOSITO AGUA;;;
R1-112;ES0157000010300211WT0F;(error consulta Clientes);10300211;;;;335602,355;4082829,04;440;0484460709LB368771165;Málaga;Ardales;;;112.LBT.D200000129;112.BTV.D100000487;;0,23;Fachada;0;;;;;;;;;;;870416,198;4089309,498;-199716,83;4110089,484;;;;CT28 DEPOSITO AGUA;;;
R1-112;ES0157000010300212WR;KAM0027613175;10300212;;;;335606,355;4082828,05;440;0484456202LB368771082;Málaga;Ardales;;;112.LBT.D200000129;112.BTV.D100000488;;0,23;Fachada;3,45;;;2.0TD;SMT;;9820;0;21/06/2022 10:57;;;870420,258;4089308,761;-199712,879;4110088,237;;;;CT28 DEPOSITO AGUA;;;
R1-112;ES0157000010300214WA;KAM0027613555;10300214;;;;335618,355;4082820,05;440;0484442570LB368770382;Málaga;Ardales;;;112.LBT.D200000129;112.BTV.D100000491;;0,23;Fachada;3,45;;;2.0TD;SMT;;9820;0;31/05/2021 21:58;;;870432,754;4089301,521;-199701,342;4110079,445;;;;CT28 DEPOSITO AGUA;;;
R1-112;ES0157000010300218WF;KAM0027614060;10300218;;;;335647,355;4082797,04;451;0484409548LB368768360;Málaga;Ardales;;;112.LBT.D200000129;112.BTV.D100000484;;0,23;Fachada;3,45;;;2.0TD;SMT;;9820;0;31/05/2021 21:58;;;870463,184;4089280,35;-199673,696;4110054,509;;;;CT28 DEPOSITO AGUA;;;
R1-112;ES0157000010300219WP;14698000;10300219;;;;335653,355;4082793,04;447;0484402732LB368768010;Málaga;Ardales;;;112.LBT.D200000129;112.BTV.D100000483;;0,23;Fachada;2,3;;;2.0TD;MEC;;9820;0;31/05/2021 21:58;;;870469,432;4089276,73;-199667,928;4110050,113;;;;CT28 DEPOSITO AGUA;;;
R1-112;ES0157000010300222WB;14697796;10300222;;;;335665,355;4082783,04;457;0484389058LB368767130;Málaga;Ardales;;;112.LBT.D200000129;112.BTV.D100000471;;0,23;Fachada;3,45;;;2.0TD;MEC;;9820;0;31/05/2021 21:58;;;870482,054;4089267,492;-199656,518;4110039,314;;;;CT28 DEPOSITO AGUA;;;
R1-112;ES0157000010300223WN;(error consulta Clientes);10300223;;;;335668,355;4082780,04;457;0484385628LB368766865;Málaga;Ardales;;;112.LBT.D200000129;112.BTV.D100000472;;0,23;Fachada;0;;;;;;;;;;;870485,241;4089264,683;-199653,697;4110036,113;;;;CT28 DEPOSITO AGUA;;;
R1-112;ES0157000010300225WZ;KAM0027613174;10300225;;;;335676,355;4082773,04;448;0484376504LB368766248;Málaga;Ardales;;;112.LBT.D200000129;112.BTV.D100000474;;0,23;Fachada;4,6;;;2.0TD;SMT;;9820;0;26/08/2021 12:03;;;870493,677;4089258,191;-199646,112;4110028,579;;;;CT28 DEPOSITO AGUA;;;
R1-112;ES0157000010300229WH;KAM0019150262;10300229;;;;335650,355;4082788,04;447;0484405988LB368767555;Málaga;Ardales;;;112.LBT.D200000129;112.BTV.D100000477;;0,23;Fachada;3,45;;;2.0TD;SMT;;9820;0;31/05/2021 21:58;;;870466,749;4089271,545;-199671,256;4110045,285;;;;CT28 DEPOSITO AGUA;;;
R1-112;ES0157000010300230WL0F;KAM0020239399;10300230;;;;335640,355;4082795,04;451;0484417355LB368768168;Málaga;Ardales;;;112.LBT.D200000129;112.BTV.D100000479;;0,23;Fachada;2,3;;;2.0TD;SMT;;9820;0;25/08/2022 12:37;;;870456,314;4089277,911;-199680,849;4110052,946;;;;CT28 DEPOSITO AGUA;;;
R1-112;ES0157000010300235AR0F;KAM0027613111;10300235;;;;335582,355;4082833,05;440;0484483226LB368771491;Málaga;Ardales;;;112.LBT.D200000129;112.BTV.D100000500;;0,23;Fachada;2,3;;;2.0TD;SMT;;9820;0;31/05/2021 21:58;;;870395,958;4089312,247;-199736,65;4110094,779;;;;CT28 DEPOSITO AGUA;;;
R1-112;ES0157000010300238AG0F;KAM0020239317;10300238;;;;335552,356;4082834,05;431;0484516892LB368771529;Málaga;Ardales;;;112.LBT.D200000129;112.BTV.D100000506;;0,23;Fachada;3,45;;;2.0TD;SMT;;9820;0;31/05/2021 21:58;;;870365,915;4089311,358;-199766,696;4110097,687;;;;CT28 DEPOSITO AGUA;;;
R1-112;ES0157000010300240AY0F;KAM0027613728;10300240;;;;335542,356;4082833,05;436;0484528086LB368771421;Málaga;Ardales;;;112.LBT.D200000129;112.BTV.D100000508;;0,23;Fachada;3,45;;;2.0TD;SMT;;9820;0;31/05/2021 21:58;;;870355,984;4089309,729;-199776,797;4110097,319;;;;CT28 DEPOSITO AGUA;;;
R1-112;ES0157000010300241AF0F;KAM0027613915;10300241;;;;335536,356;4082832,05;436;0484534793LB368771321;Málaga;Ardales;;;112.LBT.D200000129;112.BTV.D100000509;;0,23;Fachada;3,45;;;2.0TD;SMT;;9820;0;31/05/2021 21:58;;;870350,051;4089308,352;-199782,882;4110096,696;;;;CT28 DEPOSITO AGUA;;;
R1-112;ES0157000010300243AD0F;KAM0019150154;10300243;;;;335514,356;4082830,05;434;0484559423LB368771102;Málaga;Ardales;;;112.LBT.D200000129;112.BTV.D100000512;;0,23;Fachada;2,3;;;2.0TD;SMT;;9820;0;31/05/2021 21:58;;;870328,19;4089304,969;-199805,091;4110096,085;;;;CT28 DEPOSITO AGUA;;;
R1-112;ES0157000010300244AX;KAM0027613112;10300244;;;;335554,356;4082850,05;427,792;0484514996LB368772974;Málaga;Ardales;;;112.LBT.D200000129;112.BTV.D100000519;;0,23;Fachada;3,45;;;2.0TD;SMT;;9820;0;31/05/2021 21:58;;;870366,907;4089327,474;-199763,673;4110113,62;;;;CT28 DEPOSITO AGUA;;;
R1-112;ES0157000010301627VJ0F;KAM0027612250;10301627;;;;335724,353;4082521,04;437;0484317217LB368743627;Málaga;Ardales;;;112.LBT.D200000129;112.BTV.D200000338;;0,23;Subterránea;8,8;;;2.0TD;SMT;;143;0;27/05/2022 12:14;;;870557,505;4089009,368;-199613,936;4109772,6;;;;CT28 DEPOSITO AGUA;;;
R1-112;ES0157000010301987XM0F;KAM0029577462;10301987;;;;335654,355;4082730,04;460;0484400246LB368762336;Málaga;Ardales;;;112.LBT.D200000129;112.BTV.PC40000001;;0,23;Subterránea;3,45;;;2.0TD;SMT;;9820;0;07/07/2022 9:55;;;870474,397;4089213,833;-199670,924;4109986,817;;;;CT28 DEPOSITO AGUA;;;
R1-112;ES0157000010301996XZ0F;KAM0030989565;10301996;;;;335631,355;4082809,05;439,535;0484427752LB368769414;Málaga;Ardales;;;112.LBT.D200000129;112.BTV.D100000486;;0,23;Fachada;4,6;;;2.0TD;SMT;;9820;0;08/07/2021 14:25;;;870446,438;4089291,346;-199688,992;4110067,579;;;;CT28 DEPOSITO AGUA;;;
R1-112;ES0157000010302046NH0F;(error consulta Clientes);10302046;;;;335573,355;4082835,05;431;0484493363LB368771656;Málaga;Ardales;;;112.LBT.D200000129;112.BTV.D100000501;;0,23;Fachada;0;;;;;;;;;;;870386,838;4089313,679;-199745,556;4110097,358;;;;CT28 DEPOSITO AGUA;;;
R1-112;ES0157000010400256GH;KAM0026733754;10400256;;;;335605,355;4082803,05;443,945;0484456781LB368768828;Málaga;Ardales;;;112.LBT.D100000002;112.BTV.D100000670;;0,23;Fachada;2,3;;;2.0TD;SMT;;9820;0;04/08/2022 14:43;;;870420,832;4089283,713;-199715,47;4110063,208;;;;CT28 DEPOSITO AGUA;;;
R1-112;ES0157000010400258GC0F;KAM0019878218;10400258;;;;335595,355;4082804,05;451;0484468018LB368768901;Málaga;Ardales;;;112.LBT.D100000002;112.BTV.D100000667;;0,23;Fachada;3,45;;;2.0TD;SMT;;9820;0;31/05/2021 21:58;;;870410,775;4089284,083;-199725,443;4110064,846;;;;CT28 DEPOSITO AGUA;;;
R1-112;ES0157000010400260GE;KAM0019150153;10400260;;;;335555,355;4082803,05;447;0484512857LB368768741;Málaga;Ardales;;;112.LBT.D100000002;112.BTV.D100000656;;0,23;Fachada;3,45;;;2.0TD;SMT;;9820;0;31/05/2021 21:58;;;870370,863;4089280,566;-199765,654;4110066,382;;;;CT28 DEPOSITO AGUA;;;
R1-112;ES0157000010400267MY;KAM0019878449;10400267;;;;335532,355;4082801,05;443,223;0484538608LB368768521;Málaga;Ardales;;;112.LBT.D100000002;112.BTV.D100000647;;0,23;Fachada;3,45;;;2.0TD;SMT;;9820;0;14/04/2022 7:36;;;870348,003;4089277,12;-199788,867;4110065,835;;;;CT28 DEPOSITO AGUA;;;
R1-112;ES0157000010400918XJ;KAM0027613829;10400918;;;;335515,355;4082789,05;438;0484557414LB368767410;Málaga;Ardales;;;112.LBT.D100000002;112.BTV.D100000635;;0,23;Fachada;3,45;;;2.0TD;SMT;;9820;0;31/05/2021 21:58;;;870331,769;4089264,057;-199806,691;4110054,87;;;;CT28 DEPOSITO AGUA;;;
R1-112;ES0157000010400925XC;KAM0026733715;10400925;;;;335565,355;4082806,05;447;0484501707LB368769029;Málaga;Ardales;;;112.LBT.D100000002;112.BTV.D100000658;;0,23;Fachada;4,6;;;2.0TD;SMT;;9820;0;05/08/2022 13:34;;;870380,668;4089284,194;-199755,427;4110068,758;;;;CT28 DEPOSITO AGUA;;;
R1-112;ES0157000010401957DV0F;28734477;1041957;;;;335492,355;4082780,05;439;0484583013LB368766559;Málaga;Ardales;;;112.LBT.D100000002;112.BTV.D100000607;;0,23;Fachada;3,45;;;2.0TD;MEC;;9820;0;10/03/2022 11:13;;;870309,35;4089253,615;-199830,348;4110047,297;;;;CT28 DEPOSITO AGUA;;;
R1-112;ES0157000010500291FA0F;KAM0027594720;10500291;;;;335598,356;4082926,05;415;0484467297LB368779898;Málaga;Ardales;;;112.LBT.D200000129;112.BTV.D100000182;;0,23;Fachada;3,45;;;2.0TD;SMT;;9820;0;31/05/2021 21:58;;;870406,096;4089406,196;-199714,685;4110187,107;;;;CT28 DEPOSITO AGUA;;;
R1-112;ES0157000010500293FM0F;KAM0027612923;10500293;;;;335606,356;4082919,05;415;0484458173LB368779281;Málaga;Ardales;;;112.LBT.D200000129;112.BTV.D100000178;;0,23;Fachada;3,45;;;2.0TD;SMT;;9820;0;31/05/2021 21:58;;;870414,531;4089399,704;-199707,1;4110179,573;;;;CT28 DEPOSITO AGUA;;;
R1-112;ES0157000010500297FD0F;14697778;10500297;;;;335618,356;4082907,05;420;0484444455LB368778221;Málaga;Ardales;;;112.LBT.D200000129;112.BTV.D100000170;;0,23;Fachada;2,3;;;;MEC;;9820;0;31/05/2021 21:58;;;870427,279;4089388,467;-199695,817;4110166,767;;;;CT28 DEPOSITO AGUA;;;
R1-112;ES0157000010500300FN0F;KAM0027612261;10500300;;;;335632,356;4082897,05;416,078;0484428537LB368777344;Málaga;Ardales;;;112.LBT.D200000129;112.BTV.D100000164;;0,23;Fachada;2,3;;;2.0TD;SMT;;9820;0;31/05/2021 21:58;;;870441,9;4089379,354;-199682,401;4110155,841;;;;CT28 DEPOSITO AGUA;;;
R1-112;ES0157000010500307FL0F;14697785;10500307;;;;335657,356;4082881,05;424;0484400152LB368775946;Málaga;Ardales;;;112.LBT.D200000129;112.BTV.D100000160;;0,23;Fachada;3,45;;;2.0TD;MEC;;9820;0;31/05/2021 21:58;;;870467,891;4089364,938;-199658,324;4110138,195;;;;CT28 DEPOSITO AGUA;;;
R1-112;ES0157000010500309FK0F;KAM0027594531;10500309;;;;335665,356;4082875,04;424;0484391050LB368775420;Málaga;Ardales;;;112.LBT.D200000129;112.BTV.D100000101;;0,23;Fachada;3,45;;;2.0TD;SMT;;9820;0;31/05/2021 21:58;;;870476,265;4089359,435;-199650,676;4110131,655;;;;CT28 DEPOSITO AGUA;;;
R1-112;ES0157000010500311PT0F;KAM0027613476;10500311;;;;335671,355;4082872,04;424;0484384257LB368775160;Málaga;Ardales;;;112.LBT.D200000129;112.BTV.D100000098;;0,23;Fachada;4,6;;;2.0TD;SMT;;9820;0;24/08/2022 14:28;;;870482,449;4089356,814;-199644,845;4110128,263;;;;CT28 DEPOSITO AGUA;;;
R1-112;ES0157000010500312PR0F;KAM0019248312;10500312;;;;335676,355;4082869,04;420,643;0484378584LB368774898;Málaga;Ardales;;;112.LBT.D200000129;112.BTV.D100000096;;0,23;Fachada;2,3;;;2.0TD;SMT;;9820;0;28/06/2022 11:09;;;870487,634;4089354,131;-199640,017;4110124,934;;;;CT28 DEPOSITO AGUA;;;
R1-112;ES0157000010500317PY;KAM0027594785;10500317;;;;335698,355;4082854,04;423,92;0484353586LB368773585;Málaga;Ardales;;;112.LBT.D200000129;112.BTV.D100000072;;0,23;Fachada;3,45;;;2.0TD;SMT;;9820;0;31/05/2021 21:58;;;870510,565;4089340,525;-199618,888;4110108,482;;;;CT28 DEPOSITO AGUA;;;
R1-112;ES0157000010500318PF0F;15583958;10500318;;;;335706,355;4082850,04;430;0484344527LB368773238;Málaga;Ardales;;;112.LBT.D200000129;112.BTV.D100000076;;0,23;Fachada;3,46;;;2.0TD;MEC;;9820;0;29/08/2022 12:24;;;870518,812;4089337,031;-199611,113;4110103,959;;;;CT28 DEPOSITO AGUA;;;
R1-112;ES0157000010500319PP;19592830;10500319;;;;335722,355;4082842,04;430;0484326410LB368772545;Málaga;Ardales;;;112.LBT.D200000129;112.BTV.D100000080;;0,23;Fachada;2,3;;;2.0TD;MEC;;9820;0;31/05/2021 21:58;;;870535,305;4089330,043;-199595,561;4110094,914;;;;CT28 DEPOSITO AGUA;;;
R1-112;ES0157000010500322PB0F;KAM0027594555;10500322;;;;335732,355;4082839,04;428;0484315129LB368772292;Málaga;Ardales;;;112.LBT.D200000129;112.BTV.D100000086;;0,23;Fachada;3,45;;;2.0TD;SMT;;9820;0;31/05/2021 21:58;;;870545,488;4089327,674;-199585,715;4110091,268;;;;CT28 DEPOSITO AGUA;;;
R1-112;ES0157000010500324PJ0F;KAM0027613610;10500324;;;;335708,355;4082840,04;430;0484342067LB368772341;Málaga;Ardales;;;112.LBT.D200000129;112.BTV.D100000124;;0,23;Fachada;3,45;;;2.0TD;SMT;;9820;0;31/05/2021 21:58;;;870521,44;4089327,163;-199609,74;4110093,795;;;;CT28 DEPOSITO AGUA;;;
R1-112;ES0157000010500325PZ0F;KAM0019150215;10500325;;;;335701,355;4082844,04;430;0484350005LB368772689;Málaga;Ardales;;;112.LBT.D200000129;112.BTV.D100000122;;0,23;Fachada;2,3;;;2.0TD;SMT;;9820;0;31/05/2021 21:58;;;870514,192;4089330,72;-199616,512;4110098,254;;;;CT28 DEPOSITO AGUA;;;
R1-112;ES0157000010500327PQ;14697999;10500327;;;;335685,355;4082852,04;432;0484368122LB368773382;Málaga;Ardales;;;112.LBT.D200000129;112.BTV.D100000117;;0,23;Fachada;2,3;;;;MEC;;9820;0;23/09/2009 22:39;;;870497,699;4089337,708;-199632,063;4110107,3;;;;CT28 DEPOSITO AGUA;;;
R1-112;ES0157000010500328PV;KAM0026733784;10500328;;;;335683,355;4082853,04;432;0484370387LB368773469;Málaga;Ardales;;;112.LBT.D200000129;112.BTV.D100000116;;0,23;Fachada;3,45;;;2.0TD;SMT;;9820;0;31/05/2021 21:58;;;870495,637;4089338,581;-199634,007;4110108,43;;;;CT28 DEPOSITO AGUA;;;
R1-112;ES0157000010500333PE0F;KAM0027594512;10500333;;;;335665,355;4082863,04;424;0484390791LB368774338;Málaga;Ardales;;;112.LBT.D200000129;112.BTV.D100000107;;0,23;Aérea;3,45;;;2.0TD;SMT;;9820;0;31/05/2021 21:58;;;870477,019;4089347,442;-199651,439;4110119,61;;;;CT28 DEPOSITO AGUA;;;
R1-112;ES0157000010500337DA;KAM0027594700;10500337;;;;335642,356;4082879,05;426;0484416931LB368775740;Málaga;Ardales;;;112.LBT.D200000129;112.BTV.D100000137;;0,23;Fachada;3,45;;;2.0TD;SMT;;9820;0;31/05/2021 21:58;;;870453,027;4089361,995;-199673,506;4110137,14;;;;CT28 DEPOSITO AGUA;;;
R1-112;ES0157000010500338DG;KAM0027612993;10500338;;;;335637,356;4082882,05;426;0484422604LB368776002;Málaga;Ardales;;;112.LBT.D200000129;112.BTV.D100000139;;0,23;Fachada;3,45;;;2.0TD;SMT;;9820;0;31/05/2021 21:58;;;870447,841;4089364,678;-199678,334;4110140,468;;;;CT28 DEPOSITO AGUA;;;
R1-112;ES0157000010500343DD;14698003;10500343;;;;335607,356;4082905,05;420;0484456748LB368778022;Málaga;Ardales;;;112.LBT.D200000129;112.BTV.D100000196;;0,23;Fachada;2,3;;;2.0TD;MEC;;9820;0;31/05/2021 21:58;;;870416,412;4089385,776;-199706,985;4110165,458;;;;CT28 DEPOSITO AGUA;;;
R1-112;ES0157000010500348DZ0F;KAM0019878354;10500348;;;;335575,356;4082913,05;415;0484492810LB368778687;Málaga;Ardales;;;112.LBT.D200000129;112.BTV.D100000213;;0,23;Fachada;2,3;;;2.0TD;SMT;;9820;0;31/05/2021 21:58;;;870383,928;4089391,757;-199738,596;4110175,519;;;;CT28 DEPOSITO AGUA;;;
R1-112;ES0157000010500350DQ0F;KAM0027612444;10500350;;;;335570,356;4082901,05;419;0484498158LB368777597;Málaga;Ardales;;;112.LBT.D200000129;112.BTV.D100000215;;0,23;Fachada;3,45;;;2.0TD;SMT;;9820;0;31/05/2021 21:58;;;870379,687;4089379,449;-199744,376;4110163,792;;;;CT28 DEPOSITO AGUA;;;
R1-112;ES0157000010500351DV0F;KAM0019150243;10500351;;;;335568,356;4082896,05;419;0484500292LB368777143;Málaga;Ardales;;;112.LBT.D200000129;112.BTV.D100000218;;0,23;Fachada;3,45;;;2.0TD;SMT;;9820;0;31/05/2021 21:58;;;870378,003;4089374,327;-199746,701;4110158,901;;;;CT28 DEPOSITO AGUA;;;
R1-112;ES0157000010500356DE0F;KAM0027614150;10500356;;;;335564,356;4082884,05;419;0484504518LB368776055;Málaga;Ardales;;;112.LBT.D200000129;112.BTV.D100000222;;0,23;Fachada;3,45;;;2.0TD;SMT;;9820;0;31/05/2021 21:58;;;870374,76;4089362,082;-199751,477;4110147,11;;;;CT28 DEPOSITO AGUA;;;
R1-112;ES0157000010500358XR0F;KAM0027612284;10500358;;;;335553,356;4082891,05;419;0484517007LB368776666;Málaga;Ardales;;;112.LBT.D200000129;112.BTV.D100000236;;0,23;Fachada;3,45;;;2.0TD;SMT;;9820;0;31/05/2021 21:58;;;870363,327;4089368,385;-199762,074;4110154,835;;;;CT28 DEPOSITO AGUA;;;
R1-112;ES0157000010500360XA0F;KAM0027613157;10500360;;;;335558,356;4082902,05;418,607;0484511638LB368777666;Málaga;Ardales;;;112.LBT.D200000129;112.BTV.D100000234;;0,23;Fachada;3,45;;;2.0TD;SMT;;9820;0;31/05/2021 21:58;;;870367,631;4089379,693;-199756,357;4110165,558;;;;CT28 DEPOSITO AGUA;;;
R1-112;ES0157000010500363XY0F;KAM0027613402;10500363;;;;335565,356;4082914,05;414;0484504047LB368778760;Málaga;Ardales;;;112.LBT.D200000129;112.BTV.D100000229;;0,23;Fachada;6,9;;;2.0TD;SMT;;9820;0;31/05/2021 21:58;;;870373,872;4089392,127;-199748,569;4110177,158;;;;CT28 DEPOSITO AGUA;;;
R1-112;ES0157000010500364XF0F;KAM0019248465;10500364;;;;335566,356;4082917,05;414;0484502991LB368779032;Málaga;Ardales;;;112.LBT.D200000129;112.BTV.D100000231;;0,23;Fachada;3,45;;;2.0TD;SMT;;9820;0;31/05/2021 21:58;;;870374,682;4089395,188;-199747,375;4110180,106;;;;CT28 DEPOSITO AGUA;;;
R1-112;ES0157000010500936NG;KAM0027594353;10500936;;;;335699,355;4082845,04;430;0484352269LB368772776;Málaga;Ardales;;;112.LBT.D200000129;112.BTV.D100000121;;0,23;Fachada;3,45;;;2.0TD;SMT;;9820;0;24/03/2022 19:06;;;870512,131;4089331,593;-199618,456;4110099,385;;;;CT28 DEPOSITO AGUA;;;
R1-112;ES0157000010501415XT0F;KAM0027612420;10501415;;;;335644,355;4082856,05;433;0484414191LB368773671;Málaga;Ardales;;;112.LBT.D200000129;112.BTV.D100000440;;0,23;Fachada;4,6;;;2.0TD;SMT;;9820;0;31/05/2021 21:58;;;870456,472;4089339,135;-199672,96;4110113,928;;;;CT28 DEPOSITO AGUA;;;
R1-112;ES0157000010501749RN;KAM0027594590;10501749;;;;335597,356;4082913,05;365;0484468137LB368778725;Málaga;Ardales;;;112.LBT.D200000129;112.BTV.D100000204;;0,23;Fachada;3,45;;;2.0TD;SMT;;9820;0;31/05/2021 21:58;;;870405,915;4089393,141;-199716,514;4110174,122;;;;CT28 DEPOSITO AGUA;;;
R1-112;ES0157000010501796AJ0F;KAM0030989681;10501796;;;;335739,354;4082684,04;369;0484303923LB368758339;Málaga;Ardales;;;112.LBT.D200000129;112.BTV.D100000040;;0,23;Aérea;3,45;;;2.0TD;SMT;;9820;0;31/05/2021 21:58;;;870562,238;4089173,211;-199588,531;4109935,25;;;;CT28 DEPOSITO AGUA;;;
R1-112;ES0157000010501833MG0F;KAM0026733937;10501833;;;;335767,355;4082813,04;424,055;0484275313LB368770011;Málaga;Ardales;;;112.LBT.D200000129;112.BTV.T100000090;;0,23;Subterránea;4,6;;;2.0TD;SMT;;9820;0;31/05/2021 21:58;;;870582,103;4089303,893;-199552,236;4110062,949;;;;CT28 DEPOSITO AGUA;;;
R1-112;ES0157000010501897FE0F;19592820;10501897;;;;335634,356;4082895,05;419;0484426250LB368777168;Málaga;Ardales;;;112.LBT.D200000129;112.BTV.D100000146;;0,23;Fachada;4,6;;;;MEC;;9820;0;21/01/2016 14:39;;;870444,025;4089377,481;-199680,52;4110153,707;;;;CT28 DEPOSITO AGUA;;;
R1-112;ES0157000010501900PW0F;19592828;10501900;;;;335754,355;4082823,04;430;0484290110LB368770889;Málaga;Ardales;;;112.LBT.D200000129;112.BTV.D100000009;;0,23;Subterránea;5,75;;;2.0TD;MEC;;9820;0;22/11/2021 13:23;;;870568,481;4089313,069;-199564,649;4110073,812;;;;CT28 DEPOSITO AGUA;;;
R1-112;ES0157000010501922DR0F;KAM0027613414;10501922;;;;335597,356;4082912,05;415;0484468115LB368778635;Málaga;Ardales;;;112.LBT.D200000129;112.BTV.D100000202;;0,23;Fachada;4,6;;;2.0TD;SMT;;9820;0;31/05/2021 21:58;;;870405,978;4089392,142;-199716,578;4110173,119;;;;CT28 DEPOSITO AGUA;;;
R1-112;ES0157000010501944XT0F;KAM0027594575;10501944;;;;335685,355;4082852,04;432;0484368122LB368773382;Málaga;Ardales;;;112.LBT.D200000129;112.BTV.D100000117;;0,23;Fachada;3,45;;;2.0TD;SMT;;9820;0;31/05/2021 21:58;;;870497,699;4089337,708;-199632,063;4110107,3;;;;CT28 DEPOSITO AGUA;;;
R1-112;ES0157000010501962XH0F;28734496;10501962;;;;335657,355;4082868,05;424;0484399871LB368774775;Málaga;Ardales;;;112.LBT.D200000129;112.BTV.D100000131;;0,23;Fachada;3,45;;;2.0TD;MEC;;9820;0;31/05/2021 21:58;;;870468,709;4089351,946;-199659,15;4110125,147;;;;CT28 DEPOSITO AGUA;;;
R1-112;ES0157000010501975BP0F;KAM0027613962;10501975;;;;335612,356;4082912,05;415;0484451292LB368778661;Málaga;Ardales;;;112.LBT.D200000129;112.BTV.D100000174;;0,23;Fachada;4,6;;;2.0TD;SMT;;9820;0;10/10/2022 11:58;;;870420,968;4089393,086;-199701,522;4110172,166;;;;CT28 DEPOSITO AGUA;;;
R1-112;ES0157000010501980BJ0F;29577492;10501980;;;;335555,356;4082952,05;410;0484516086LB368782166;Málaga;Ardales;;;112.LBT.D100000009;112.BTV.D100001506;;0,4;Fachada;1,039;;;;MEC;;4399;0;31/05/2021 21:58;;;870361,486;4089429,473;-199756,193;4110215,933;;;;CT28 DEPOSITO AGUA;;;
R1-112;ES0157000010501999ND0F;KAM0019592820;10501999;;;;335634,356;4082895,05;416,193;0484426250LB368777168;Málaga;Ardales;;;112.LBT.D200000129;112.BTV.D100000146;;0,23;Fachada;5,75;;;2.0TD;SMT;;9820;0;31/05/2021 21:58;;;870444,025;4089377,481;-199680,52;4110153,707;;;;CT28 DEPOSITO AGUA;;;
R1-112;ES0157000010600385NR;KAM0019878307;10600385;;;;335565,356;4082878,05;422,96;0484503267LB368775516;Málaga;Ardales;;;112.LBT.D200000129;112.BTV.D100000468;;0,23;Fachada;3,45;;;2.0TD;SMT;;9820;0;04/10/2022 10:32;;;870376,137;4089356,149;-199750,855;4110141,025;;;;CT28 DEPOSITO AGUA;;;
R1-112;ES0157000010600393ND;KAM0019878340;10600393;;;;335659,355;4082837,04;431,552;0484396957LB368771985;Málaga;Ardales;;;112.LBT.D200000129;112.BTV.D100000446;;0,23;Fachada;3,45;;;2.0TD;SMT;;9820;0;31/05/2021 21:58;;;870472,659;4089321,081;-199659,112;4110093,895;;;;CT28 DEPOSITO AGUA;;;
R1-112;ES0157000010600394NX0F;14697893;10600394;;;;335653,355;4082842,04;432;0484403794LB368772425;Málaga;Ardales;;;112.LBT.D200000129;112.BTV.D100000441;;0,23;Fachada;3,45;;;2.0TD;MEC;;9820;0;31/05/2021 21:58;;;870466,348;4089325,7;-199664,816;4110099,294;;;;CT28 DEPOSITO AGUA;;;
R1-112;ES0157000010600395NB;KAM0020239301;10600395;;;;335664,355;4082833,04;439;0484391262LB368771634;Málaga;Ardales;;;112.LBT.D200000129;112.BTV.D100000447;;0,23;Fachada;3,45;;;2.0TD;SMT;;9820;0;31/05/2021 21:58;;;870477,908;4089317,398;-199654,347;4110089,563;;;;CT28 DEPOSITO AGUA;;;
R1-112;ES0157000010600396NN;KAM0026733815;10600396;;;;335669,355;4082830,04;439;0484385590LB368771372;Málaga;Ardales;;;112.LBT.D200000129;112.BTV.D100000448;;0,23;Fachada;3,45;;;2.0TD;SMT;;9820;0;31/05/2021 21:58;;;870483,094;4089314,715;-199649,519;4110086,234;;;;CT28 DEPOSITO AGUA;;;
R1-112;ES0157000010600397NJ0F;KAM0027613105;10600397;;;;335675,355;4082826,04;438;0484378774LB368771022;Málaga;Ardales;;;112.LBT.D200000129;112.BTV.D100000449;;0,23;Fachada;3,45;;;2.0TD;SMT;;9820;0;31/05/2021 21:58;;;870489,342;4089311,095;-199643,751;4110081,838;;;;CT28 DEPOSITO AGUA;;;
R1-112;ES0157000010600405NK0F;KAM0027612502;10600405;;;;335610,356;4082873,05;426;0484452690LB368775144;Málaga;Ardales;;;112.LBT.D200000129;112.BTV.D100000457;;0,23;Fachada;3,45;;;2.0TD;SMT;;9820;0;31/05/2021 21:58;;;870421,424;4089353,984;-199706,006;4110133,149;;;;CT28 DEPOSITO AGUA;;;
R1-112;ES0157000010600406NE;KAM0027613154;10600406;;;;335595,356;4082877,05;425;0484469599LB368775478;Málaga;Ardales;;;112.LBT.D200000129;112.BTV.D100000460;;0,23;Fachada;3,45;;;2.0TD;SMT;;9820;0;31/05/2021 21:58;;;870406,182;4089357,038;-199720,807;4110138,116;;;;CT28 DEPOSITO AGUA;;;
R1-112;ES0157000010600892BW;KAM0019248372;10600892;;;;335622,356;4082869,05;426;0484439145LB368774804;Málaga;Ardales;;;112.LBT.D200000129;112.BTV.D100000455;;0,23;Fachada;3,45;;;2.0TD;SMT;;9820;0;31/05/2021 21:58;;;870433,668;4089350,742;-199694,215;4110128,372;;;;CT28 DEPOSITO AGUA;;;
R1-112;ES0157000010600911BK0F;KAM0027613603;10600911;;;;335604,356;4082868,05;426;0484459311LB368774683;Málaga;Ardales;;;112.LBT.D200000129;112.BTV.D100000463;;0,23;Fachada;3,45;;;2.0TD;SMT;;9820;0;31/05/2021 21:58;;;870415,743;4089348,61;-199712,345;4110128,512;;;;CT28 DEPOSITO AGUA;;;
R1-112;ES0157000010600957JK0F;KAM0027612126;10600957;;;;335606,356;4082874,05;426;0484457198LB368775227;Málaga;Ardales;;;112.LBT.D200000129;112.BTV.D100000458;;0,23;Fachada;3,45;;;2.0TD;SMT;;9820;0;27/09/2021 20:44;;;870417,364;4089354,732;-199709,957;4110134,407;;;;CT28 DEPOSITO AGUA;;;
R1-112;ES0157000010601874FH0F;(error consulta Clientes);10601874;;;;335699,355;4082808,04;440;0484351468LB368769442;Málaga;Ardales;;;112.LBT.D200000129;112.BTV.D100000454;;0,23;Fachada;0;;;;;;;;;;;870514,46;4089294,616;-199620,805;4110062,248;;;;CT28 DEPOSITO AGUA;;;
R1-112;ES0157000010601906DG0F;KAM0027594797;10601906;;;;335593,356;4082872,05;426;0484471734LB368775024;Málaga;Ardales;;;112.LBT.D200000129;112.BTV.P200000010;;0,23;Fachada;5,75;;;2.0TD;SMT;;9820;0;31/05/2021 21:58;;;870404,498;4089351,915;-199723,132;4110133,225;;;;CT28 DEPOSITO AGUA;;;
R1-112;ES0157000010601912DX0F;19592796;10601912;;;;335593,356;4082872,05;426;0484471734LB368775024;Málaga;Ardales;;;112.LBT.D200000129;112.BTV.P200000010;;0,23;Fachada;5,75;;;2.0TD;MEC;;9820;0;31/05/2021 21:58;;;870404,498;4089351,915;-199723,132;4110133,225;;;;CT28 DEPOSITO AGUA;;;
R1-112;ES0157000010601965BV0F;29577446;10601965;;;;335653,355;4082850,04;432;0484403967LB368773146;Málaga;Ardales;;;112.LBT.D200000129;112.BTV.D100000439;;0,23;Fachada;2,3;;;2.0TD;MEC;;9820;0;31/05/2021 21:58;;;870465,845;4089333,695;-199664,309;4110107,324;;;;CT28 DEPOSITO AGUA;;;
R1-112;ES0157000010601966BH0F;KAM0019248347;10601966;;;;335687,355;4082830,04;438;0484365403LB368771403;Málaga;Ardales;;;112.LBT.D200000129;112.BTV.D100000436;;0,23;Fachada;3,45;;;2.0TD;SMT;;9820;0;31/05/2021 21:58;;;870501,082;4089315,848;-199631,453;4110085,091;;;;CT28 DEPOSITO AGUA;;;
R1-112;ES0157000010602054SZ0F;(error consulta Clientes);10602054;;;;335587,356;4082880,05;422,668;0484478637LB368775734;Málaga;Ardales;;;112.LBT.D200000129;112.BTV.D100000470;;0,23;Fachada;0;;;;;;;;;;;870397,998;4089359,532;-199728,646;4110141,635;;;;CT28 DEPOSITO AGUA;;;
R1-112;ES0157000011500636FD;KAM0019150388;11500636;;;;335464,355;4082755,05;435;0484613873LB368764258;Málaga;Ardales;;;112.LBT.D100000002;112.BTV.D100000588;;0,23;Fachada;3,45;;;2.0TD;SMT;;9820;0;31/05/2021 21:58;;;870282,941;4089226,869;-199860,039;4110023,982;;;;CT28 DEPOSITO AGUA;;;
R1-112;ES0157000011500637FX;KAM0019878182;11500637;;;;335467,355;4082748,05;435;0484610356LB368763632;Málaga;Ardales;;;112.LBT.D100000002;112.BTV.D100000586;;0,23;Fachada;3,45;;;2.0TD;SMT;;9820;0;31/05/2021 21:58;;;870286,38;4089220,062;-199857,472;4110016,766;;;;CT28 DEPOSITO AGUA;;;
R1-112;ES0157000011500638FB;KAM0027613194;11500638;;;;335467,355;4082746,05;435;0484610313LB368763452;Málaga;Ardales;;;112.LBT.D100000002;112.BTV.D100000584;;0,23;Fachada;2,3;;;;SMT;;9820;0;31/05/2021 21:58;;;870286,506;4089218,063;-199857,599;4110014,758;;;;CT28 DEPOSITO AGUA;;;
R1-112;ES0157000011500639FN;KAM0027594505;11500639;;;;335469,355;4082742,05;435;0484607983LB368763095;Málaga;Ardales;;;112.LBT.D100000002;112.BTV.D100000582;;0,23;Fachada;2,3;;;2.0TD;SMT;;9820;0;31/05/2021 21:58;;;870288,756;4089214,191;-199855,846;4110010,617;;;;CT28 DEPOSITO AGUA;;;
R1-112;ES0157000011500645FH0F;KAM0020239306;11500645;;;;335472,355;4082757,05;435;0484604944LB368764452;Málaga;Ardales;;;112.LBT.D100000002;112.BTV.D100000597;;0,23;Fachada;3,45;;;2.0TD;SMT;;9820;0;02/02/2022 15:05;;;870290,81;4089229,371;-199851,882;4110025,482;;;;CT28 DEPOSITO AGUA;;;
R1-112;ES0157000011500646FL;KAM0026733862;11500646;;;;335471,355;4082765,05;434;0484606239LB368765171;Málaga;Ardales;;;112.LBT.D100000002;112.BTV.D100000599;;0,23;Fachada;3,45;;;2.0TD;SMT;;9820;0;31/05/2021 21:58;;;870289,307;4089237,303;-199852,378;4110033,575;;;;CT28 DEPOSITO AGUA;;;
R1-112;ES0157000011500647FC;KAM0027612991;11500647;;;;335469,355;4082768,05;434;0484608547LB368765438;Málaga;Ardales;;;112.LBT.D100000002;112.BTV.D100000601;;0,23;Fachada;3,45;;;2.0TD;SMT;;9820;0;23/12/2021 13:20;;;870287,12;4089240,175;-199854,195;4110036,713;;;;CT28 DEPOSITO AGUA;;;
R1-112;ES0157000011600683XY;KAM0027594424;11600683;;;;335512,355;4082774,05;443;0484560453LB368766053;Málaga;Ardales;;;112.LBT.D100000002;112.BTV.D100000622;;0,23;Fachada;3,45;;;2.0TD;SMT;;9820;0;31/05/2021 21:58;;;870329,715;4089248,878;-199810,655;4110040,005;;;;CT28 DEPOSITO AGUA;;;
R1-112;ES0157000011600687XX;KAM0026733776;11600687;;;;335553,355;4082684,05;456;0484512520LB368758016;Málaga;Ardales;;;112.LBT.D100000002;112.BTV.D100000800;;0,23;Fachada;3,45;;;2.0TD;SMT;;9820;0;31/05/2021 21:58;;;870376,354;4089161,514;-199775,217;4109947,069;;;;CT28 DEPOSITO AGUA;;;
R1-112;ES0157000011600698XK;(error consulta Clientes);11600698;;;;335501,355;4082781,05;443;0484572941LB368766665;Málaga;Ardales;;;112.LBT.D100000002;112.BTV.D100000611;;0,23;Fachada;0;;;;;;;;;;;870318,282;4089255,181;-199821,251;4110047,729;;;;CT28 DEPOSITO AGUA;;;
R1-112;ES0157000011600701BR;KAM0027594712;11600701;;;;335509,355;4082763,05;443;0484563579LB368765057;Málaga;Ardales;;;112.LBT.D100000002;112.BTV.D100000626;;0,23;Fachada;3,45;;;2.0TD;SMT;;9820;0;31/05/2021 21:58;;;870327,409;4089237,696;-199814,364;4110029,155;;;;CT28 DEPOSITO AGUA;;;
R1-112;ES0157000011600702BW;KAM0026733908;11600702;;;;335510,355;4082760,05;443;0484562392LB368764788;Málaga;Ardales;;;112.LBT.D100000002;112.BTV.D100000628;;0,23;Fachada;3,45;;;2.0TD;SMT;;9820;0;31/05/2021 21:58;;;870328,598;4089234,761;-199813,551;4110026,08;;;;CT28 DEPOSITO AGUA;;;
R1-112;ES0157000011600703BA;KAM0027613061;11600703;;;;335511,355;4082758,05;446;0484561227LB368764610;Málaga;Ardales;;;112.LBT.D100000002;112.BTV.D100000630;;0,23;Fachada;3,45;;;2.0TD;SMT;;9820;0;10/10/2022 12:20;;;870329,723;4089232,825;-199812,674;4110024,009;;;;CT28 DEPOSITO AGUA;;;
R1-112;ES0157000011600704BG0F;KAM0027612729;11600704;;;;335511,355;4082719,05;445;0484560382LB368761096;Málaga;Ardales;;;112.LBT.D100000002;112.BTV.D100000804;;0,23;Fachada;2,3;;;2.0TD;SMT;;9820;0;31/05/2021 21:58;;;870332,177;4089193,849;-199815,15;4109984,865;;;;CT28 DEPOSITO AGUA;;;
R1-112;ES0157000011600707BF0F;KAM0027614454;11600707;;;;335533,355;4082712,05;450;0484535557LB368760504;Málaga;Ardales;;;112.LBT.D100000002;112.BTV.D100000796;;0,23;Fachada;2,3;;;2.0TD;SMT;;9820;0;31/05/2021 21:58;;;870354,604;4089188,238;-199793,513;4109976,442;;;;CT28 DEPOSITO AGUA;;;
R1-112;ES0157000011600708BP;KAM0027614036;11600708;;;;335535,355;4082707,05;451;0484533205LB368760057;Málaga;Ardales;;;112.LBT.D100000002;112.BTV.D100000795;;0,23;Fachada;4,6;;;2.0TD;SMT;;9820;0;04/07/2022 13:13;;;870356,918;4089183,367;-199791,823;4109971,297;;;;CT28 DEPOSITO AGUA;;;
R1-112;ES0157000011600709BD;KAM0019150342;11600709;;;;335538,355;4082699,05;451;0484529667LB368759341;Málaga;Ardales;;;112.LBT.D100000002;112.BTV.D100000788;;0,23;Fachada;3,45;;;2.0TD;SMT;;9820;0;31/05/2021 21:58;;;870360,419;4089175,561;-199789,32;4109963,077;;;;CT28 DEPOSITO AGUA;;;
R1-112;ES0157000011600711BB;KAM0027612854;11600711;;;;335545,355;4082685,05;451;0484521513LB368758092;Málaga;Ardales;;;112.LBT.D100000002;112.BTV.D100000790;;0,23;Fachada;3,45;;;2.0TD;SMT;;9820;0;31/05/2021 21:58;;;870368,296;4089162,01;-199783,183;4109948,581;;;;CT28 DEPOSITO AGUA;;;
R1-112;ES0157000011600717BV;KAM0027594659;11600717;;;;335565,354;4082654,04;459;0484498413LB368755333;Málaga;Ardales;;;112.LBT.D100000002;112.BTV.D100000782;;0,23;Fachada;2,3;;;2.0TD;SMT;;9820;0;31/05/2021 21:58;;;870390,234;4089132,278;-199765,079;4109916,186;;;;CT28 DEPOSITO AGUA;;;
R1-112;ES0157000011602009KK0F;KAM0030989740;11602009;;;;335550,958;4082689,44;457,25;0484515325LB368758497;Málaga;Ardales;;;112.LBT.D100000002;'7801057586308899661;;0,23;Fachada;4,6;;;2.0TD;SMT;;9820;0;31/05/2021 21:58;;;870373,619;4089166,75;-199777,281;4109952,631;;;;CT28 DEPOSITO AGUA;;;
R1-112;ES0157000011602044TX0F;KAM0027614458;11602044;;;;335531,112;4082717,24;450;0484538185LB368760967;Málaga;Ardales;;;112.LBT.D100000002;'7801057586308902052;;0,23;Fachada;3,45;;;2.0TD;SMT;;9820;0;10/11/2021 13:36;;;870352,036;4089193,284;-199795,435;4109981,794;;;;CT28 DEPOSITO AGUA;;;
R1-112;ES0157000011700720NQ;KAM0019150331;11700720;;;;335490,355;4082698,05;445,823;0484583477LB368759167;Málaga;Ardales;;;112.LBT.D100000002;112.BTV.D100000566;;0,23;Fachada;3,45;;;2.0TD;SMT;;9820;0;31/05/2021 21:58;;;870312,512;4089171,54;-199837,561;4109965,121;;;;CT28 DEPOSITO AGUA;;;
R1-112;ES0157000011700723NL;KAM0027613151;11700723;;;;335495,355;4082687,05;449,3;0484577631LB368758185;Málaga;Ardales;;;112.LBT.D100000002;112.BTV.D100000558;;0,23;Fachada;3,45;;;2.0TD;SMT;;9820;0;31/05/2021 21:58;;;870318,201;4089160,862;-199833,241;4109953,762;;;;CT28 DEPOSITO AGUA;;;
R1-112;ES0157000011700724NC;KAM0027614215;11700724;;;;335497,355;4082681,05;439;0484575258LB368757648;Málaga;Ardales;;;112.LBT.D100000002;112.BTV.D100000556;;0,23;Fachada;3,45;;;2.0TD;SMT;;9820;0;31/05/2021 21:58;;;870320,578;4089154,992;-199831,615;4109947,613;;;;CT28 DEPOSITO AGUA;;;
R1-112;ES0157000011700725NK;KAM0027613810;11700725;;;;335499,355;4082678,05;446;0484572950LB368757381;Málaga;Ardales;;;112.LBT.D100000002;112.BTV.D100000554;;0,23;Fachada;3,45;;;2.0TD;SMT;;9820;0;31/05/2021 21:58;;;870322,765;4089152,119;-199829,798;4109944,475;;;;CT28 DEPOSITO AGUA;;;
R1-112;ES0157000011700729JW;KAM0019878421;11700729;;;;335517,354;4082637,05;449;0484551875LB368753718;Málaga;Ardales;;;112.LBT.D100000002;112.BTV.D100000768;;0,23;Fachada;3,45;;;2.0TD;SMT;;9820;0;31/05/2021 21:58;;;870343,334;4089112,278;-199814,335;4109902,181;;;;CT28 DEPOSITO AGUA;;;
R1-112;ES0157000011700732JM0F;KAM0027613783;11700732;;;;335522,354;4082627,05;461,635;0484546051LB368752826;Málaga;Ardales;;;112.LBT.D100000002;112.BTV.D100000766;;0,23;Fachada;4,6;;;2.0TD;SMT;;9820;0;07/07/2021 14:21;;;870348,96;4089102,599;-199809,952;4109891,826;;;;CT28 DEPOSITO AGUA;;;
R1-112;ES0157000011700733JY0F;KAM0027613156;11700733;;;;335530,354;4082613,04;457;0484536776LB368751578;Málaga;Ardales;;;112.LBT.D100000002;112.BTV.D100000763;;0,23;Fachada;4,6;;;2.0TD;SMT;;9820;0;18/07/2022 11:45;;;870357,837;4089089,101;-199802,811;4109877,257;;;;CT28 DEPOSITO AGUA;;;
R1-112;ES0157000011700734JF;KAM0019248504;11700734;;;;335492,355;4082709,05;440;0484581473LB368760162;Málaga;Ardales;;;112.LBT.D100000002;112.BTV.D100000573;;0,23;Fachada;3,45;;;2.0TD;SMT;;9820;0;31/05/2021 21:58;;;870313,819;4089182,66;-199834,856;4109976,034;;;;CT28 DEPOSITO AGUA;;;
R1-112;ES0157000011700736JD0F;KAM0019150308;11700736;;;;335502,355;4082683,05;446;0484569694LB368757837;Málaga;Ardales;;;112.LBT.D100000002;112.BTV.D100000546;;0,23;Fachada;3,45;;;2.0TD;SMT;;9820;0;29/08/2022 11:04;;;870325,449;4089157,305;-199826,469;4109949,303;;;;CT28 DEPOSITO AGUA;;;
R1-112;ES0157000011700739JN;15782300;11700739;;;;335508,355;4082671,05;446;0484562705LB368756766;Málaga;Ardales;;;112.LBT.D100000002;112.BTV.D100000552;;0,23;Fachada;3,45;;;;MEC;;9820;0;23/09/2009 22:41;;;870332,2;4089145,69;-199821,209;4109936,878;;;;CT28 DEPOSITO AGUA;;;
R1-112;ES0157000011700740JJ;KAM0026733747;11700740;;;;335514,354;4082659,05;446;0484555717LB368755695;Málaga;Ardales;;;112.LBT.D100000002;112.BTV.D100000773;;0,23;Fachada;3,45;;;2.0TD;SMT;;9820;0;31/05/2021 21:58;;;870338,951;4089134,075;-199815,95;4109924,453;;;;CT28 DEPOSITO AGUA;;;
R1-112;ES0157000011700741JZ;KAM0026733853;11700741;;;;335516,354;4082654,05;449;0484553366LB368755248;Málaga;Ardales;;;112.LBT.D100000002;112.BTV.D100000771;;0,23;Fachada;3,45;;;2.0TD;SMT;;9820;0;10/10/2022 12:25;;;870341,264;4089129,204;-199814,26;4109919,307;;;;CT28 DEPOSITO AGUA;;;
R1-112;ES0157000011700742JS0F;KAM0019248278;11700742;;;;335520,354;4082647,05;449;0484548728LB368754624;Málaga;Ardales;;;112.LBT.D100000002;112.BTV.D100000770;;0,23;Fachada;3,45;;;2.0TD;SMT;;9820;0;31/05/2021 21:58;;;870345,702;4089122,46;-199810,689;4109912,027;;;;CT28 DEPOSITO AGUA;;;
R1-112;ES0157000011700923KN;KAM0027613752;11700923;;;;335505,354;4082658,05;449;0484565789LB368755590;Málaga;Ardales;;;112.LBT.D100000002;112.BTV.D100000539;;0,23;Fachada;3,45;;;2.0TD;SMT;;9820;0;31/05/2021 21:58;;;870330,019;4089132,51;-199825,046;4109924,02;;;;CT28 DEPOSITO AGUA;;;
R1-112;ES0157000011700964TF;KAM0019150249;11700964;;;;335526,354;4082620,05;457;0484541413LB368752202;Málaga;Ardales;;;112.LBT.D100000002;112.BTV.D100000765;;0,23;Fachada;3,45;;;2.0TD;SMT;;9820;0;31/05/2021 21:58;;;870353,398;4089095,855;-199806,381;4109884,546;;;;CT28 DEPOSITO AGUA;;;
R1-112;ES0157000011701011WP;KAM0027614368;11701011;;;;335527,354;4082636,05;454;0484540639LB368753646;Málaga;Ardales;;;112.LBT.D100000002;112.BTV.D100000780;;0,23;Fachada;3,45;;;2.0TD;SMT;;9820;0;25/08/2022 15:26;;;870353,39;4089111,908;-199804,362;4109900,542;;;;CT28 DEPOSITO AGUA;;;
R1-112;ES0157000011701127FD;KAM0027594377;11701127;;;;335514,354;4082658,05;449;0484555695LB368755605;Málaga;Ardales;;;112.LBT.D100000002;112.BTV.D100000772;;0,23;Fachada;3,45;;;2.0TD;SMT;;9820;0;31/05/2021 21:58;;;870339,014;4089133,076;-199816,013;4109923,449;;;;CT28 DEPOSITO AGUA;;;
R1-112;ES0157000011701890VJ0F;KAM0027594404;11701890;;;;335499,355;4082693,05;445;0484573276LB368758733;Málaga;Ardales;;;112.LBT.D100000002;112.BTV.D100000550;;0,23;Fachada;3,45;;;2.0TD;SMT;;9820;0;31/05/2021 21:58;;;870321,821;4089167,11;-199828,845;4109959,531;;;;CT28 DEPOSITO AGUA;;;
R1-112;ES0157000011702004EN0F;KAM0030989513;11702004;;;;335520,354;4082632,04;458,272;0484548403LB368753273;Málaga;Ardales;;;112.LBT.D100000002;112.BTV.D100000767;;0,23;Fachada;4,6;;;2.0TD;SMT;;9820;0;31/05/2021 21:58;;;870346,647;4089107,46;-199811,642;4109896,962;;;;CT28 DEPOSITO AGUA;;;
R1-112;ES0157000011801930CA;19592790;11801930;;;;335542,354;4082633,05;457;0484523752LB368753401;Málaga;Ardales;;;112.LBT.D100000002;112.BTV.D100000777;;0,23;Fachada;3,45;;;2.0TD;MEC;;9820;0;31/05/2021 21:58;;;870368,57;4089109,854;-199789,497;4109896,579;;;;CT28 DEPOSITO AGUA;;;
R1-112;ES0157000011900752SV;KAM0019150218;11900752;;;;335489,355;4082724,05;440;0484585163LB368761508;Málaga;Ardales;;;112.LBT.D100000002;112.BTV.D100000807;;0,23;Fachada;3,45;;;2.0TD;SMT;;9820;0;20/04/2022 11:21;;;870309,876;4089197,461;-199836,914;4109991,28;;;;CT28 DEPOSITO AGUA;;;
R1-112;ES0157000011900756SK0F;KAM0019248386;11900756;;;;335451,355;4082701,05;438;0484627281LB368759370;Málaga;Ardales;;;112.LBT.D100000002;112.BTV.D100000707;;0,23;Fachada;4,6;;;2.0TD;SMT;;9820;0;31/05/2021 21:58;;;870273,348;4089172,084;-199876,515;4109970,608;;;;CT28 DEPOSITO AGUA;;;
R1-112;ES0157000011900757SE;KAM0027613076;11900757;;;;335450,355;4082700,05;438;0484628381LB368759278;Málaga;Ardales;;;112.LBT.D100000002;112.BTV.D100000706;;0,23;Fachada;3,45;;;2.0TD;SMT;;9820;0;31/05/2021 21:58;;;870272,411;4089171,022;-199877,582;4109969,668;;;;CT28 DEPOSITO AGUA;;;
R1-112;ES0157000011900758QT;KAM0027614467;11900758;;;;335435,355;4082691,05;438;0484645008LB368758441;Málaga;Ardales;;;112.LBT.D100000002;112.BTV.D100000695;;0,23;Fachada;3,45;;;2.0TD;SMT;;9820;0;31/05/2021 21:58;;;870257,987;4089161,083;-199893,209;4109961,587;;;;CT28 DEPOSITO AGUA;;;
R1-112;ES0157000011900759QR;KAM0027612438;11900759;;;;335506,355;4082722,05;447,888;0484566054LB368761358;Málaga;Ardales;;;112.LBT.D100000002;112.BTV.D100000805;;0,23;Fachada;3,45;;;2.0TD;SMT;;9820;0;31/05/2021 21:58;;;870326,992;4089196,533;-199819,978;4109988,194;;;;CT28 DEPOSITO AGUA;;;
R1-112;ES0157000011900760QW;KAM0020239481;11900760;;;;335502,355;4082722,05;445;0484570540LB368761351;Málaga;Ardales;;;112.LBT.D100000002;112.BTV.D100000806;;0,23;Fachada;3,45;;;2.0TD;SMT;;9820;0;31/05/2021 21:58;;;870322,994;4089196,281;-199823,993;4109988,448;;;;CT28 DEPOSITO AGUA;;;
R1-112;ES0157000011900762QG;KAM0027612653;11900762;;;;335476,355;4082711,05;440;0484599460LB368760314;Málaga;Ardales;;;112.LBT.D100000002;112.BTV.D100000682;;0,23;Fachada;4,6;;;2.0TD;SMT;;9820;0;31/05/2021 21:58;;;870297,703;4089183,651;-199850,788;4109979,058;;;;CT28 DEPOSITO AGUA;;;
R1-112;ES0157000011900763QM0F;KAM0027594570;11900763;;;;335472,355;4082707,05;438;0484603860LB368759947;Málaga;Ardales;;;112.LBT.D100000002;112.BTV.D100000680;;0,23;Fachada;3,45;;;2.0TD;SMT;;820;0;31/05/2021 21:58;;;870293,957;4089179,402;-199855,057;4109975,297;;;;CT28 DEPOSITO AGUA;;;
R1-112;ES0157000011900765QF;KAM0026733874;11900765;;;;335463,355;4082702,05;438;0484613845LB368759481;Málaga;Ardales;;;112.LBT.D100000002;112.BTV.D100000676;;0,23;Fachada;3,45;;;2.0TD;SMT;;9820;0;31/05/2021 21:58;;;870285,277;4089173,839;-199864,407;4109970,85;;;;CT28 DEPOSITO AGUA;;;
R1-112;ES0157000011900767QD;KAM0027594437;11900767;;;;335453,355;4082695,05;438;0484624908LB368758833;Málaga;Ardales;;;112.LBT.D100000002;112.BTV.D100000686;;0,23;Fachada;3,45;;;2.0TD;SMT;;9820;0;31/05/2021 21:58;;;870275,724;4089166,214;-199874,889;4109964,459;;;;CT28 DEPOSITO AGUA;;;
R1-112;ES0157000011900768QX;KAM0027613881;11900768;;;;335437,355;4082687,05;438;0484642678LB368758084;Málaga;Ardales;;;112.LBT.D100000002;112.BTV.D100000693;;0,23;Fachada;3,45;;;2.0TD;SMT;;9820;0;31/05/2021 21:58;;;870260,238;4089157,212;-199891,456;4109957,445;;;;CT28 DEPOSITO AGUA;;;
R1-112;ES0157000011901908CT0F;19592834;11901908;;;;335474,355;4082717,05;440;0484601833LB368760851;Málaga;Ardales;;;112.LBT.D100000002;112.BTV.XX00000046;;0,23;Fachada;4,6;;;2.0TD;MEC;;9820;0;02/06/2022 13:24;;;870295,326;4089189,522;-199852,414;4109985,207;;;;CT28 DEPOSITO AGUA;;;
R1-112;ES0157000012000777VS;KAM0026733943;12000777;;;;335406,355;4082724,05;432;0484678247LB368761364;Málaga;Ardales;;;112.LBT.D100000002;112.BTV.D100000747;;0,23;Fachada;3,45;;;2.0TD;SMT;;9820;0;31/05/2021 21:58;;;870226,928;4089192,237;-199920,221;4109996,55;;;;CT28 DEPOSITO AGUA;;;
R1-112;ES0157000012000778VQ;KAM0027612182;12000778;;;;335406,355;4082710,05;432;0484677943LB368760102;Málaga;Ardales;;;112.LBT.D100000002;112.BTV.D100000744;;0,23;Fachada;3,45;;;2.0TD;SMT;;9820;0;31/05/2021 21:58;;;870227,809;4089178,246;-199921,11;4109982,498;;;;CT28 DEPOSITO AGUA;;;
R1-112;ES0157000012000779VV;11945212;12000779;;;;335408,355;4082705,05;434,315;0484675592LB368759655;Málaga;Ardales;;;112.LBT.D100000002;112.BTV.D100000740;;0,23;Fachada;3,45;;;;MEC;;9820;0;01/04/2016 10:32;;;870230,123;4089173,375;-199919,42;4109977,353;;;;CT28 DEPOSITO AGUA;;;
R1-112;ES0157000012000780VH;KAM0027612231;12000780;;;;335408,355;4082701,05;434;0484675505LB368759295;Málaga;Ardales;;;112.LBT.D100000002;112.BTV.D100000738;;0,23;Fachada;3,45;;;2.0TD;SMT;;9820;0;31/05/2021 21:58;;;870230,375;4089169,378;-199919,674;4109973,338;;;;CT28 DEPOSITO AGUA;;;
R1-112;ES0157000012000781VL;KAM0027614053;12000781;;;;335413,355;4082689,05;434;0484669637LB368758222;Málaga;Ardales;;;112.LBT.D100000002;112.BTV.D100000736;;0,23;Fachada;3,45;;;2.0TD;SMT;;820;0;04/07/2022 12:27;;;870236,127;4089157,7;-199915,418;4109960,976;;;;CT28 DEPOSITO AGUA;;;
R1-112;ES0157000012000782VC;KAM0019878455;12000782;;;;335414,355;4082685,05;434;0484668429LB368757864;Málaga;Ardales;;;112.LBT.D100000002;112.BTV.D100000734;;0,23;Fachada;3,45;;;2.0TD;SMT;;9820;0;31/05/2021 21:58;;;870237,378;4089153,765;-199914,668;4109956,898;;;;CT28 DEPOSITO AGUA;;;
R1-112;ES0157000012000784VE0F;KAM0027613522;12000784;;;;335421,355;4082665,05;438;0484660144LB368756074;Málaga;Ardales;;;112.LBT.D100000002;112.BTV.D100000721;;0,23;Fachada;3,45;;;2.0TD;SMT;;9820;0;31/05/2021 21:58;;;870245,632;4089134,218;-199908,912;4109936,379;;;;CT28 DEPOSITO AGUA;;;
R1-112;ES0157000012000785HT0F;KAM0019878257;12000785;;;;335422,355;4082660,05;438;0484658914LB368755625;Málaga;Ardales;;;112.LBT.D100000002;112.BTV.D100000723;;0,23;Fachada;2,3;;;2.0TD;SMT;;9820;0;31/05/2021 21:58;;;870246,946;4089129,284;-199908,226;4109931,297;;;;CT28 DEPOSITO AGUA;;;
R1-112;ES0157000012000786HR;KAM0027614515;12000786;;;;335424,355;4082652,05;448;0484656498LB368754908;Málaga;Ardales;;;112.LBT.D100000002;112.BTV.D100000727;;0,23;Fachada;3,45;;;2.0TD;SMT;;9820;0;31/05/2021 21:58;;;870249,449;4089121,415;-199906,726;4109923,141;;;;CT28 DEPOSITO AGUA;;;
R1-112;ES0157000012000787HW;KAM0027612042;12000787;;;;335425,355;4082649,05;448;0484655311LB368754639;Málaga;Ardales;;;112.LBT.D100000002;112.BTV.D100000729;;0,23;Fachada;3,45;;;2.0TD;SMT;;9820;0;31/05/2021 21:58;;;870250,637;4089118,48;-199905,913;4109920,066;;;;CT28 DEPOSITO AGUA;;;
R1-112;ES0157000012000788HA;(error consulta Clientes);12000788;;;;335425,355;4082647,05;448;0484655268LB368754459;Málaga;Ardales;;;112.LBT.D100000002;112.BTV.D100000730;;0,23;Fachada;0;;;;;;;;;;;870250,763;4089116,481;-199906,04;4109918,059;;;;CT28 DEPOSITO AGUA;;;
R1-112;ES0157000012000958WN;(error consulta Clientes);12000958;;;;335419,355;4082668,05;438;0484662453LB368756341;Málaga;Ardales;;;112.LBT.D100000002;112.BTV.D100000719;;0,23;Fachada;0;;;;;;;;;;;870243,445;4089137,091;-199910,729;4109939,517;;;;CT28 DEPOSITO AGUA;;;
R1-112;ES0157000012001790SQ0F;KAM0027613531;12001790;;;;335429,355;4082635,05;448;0484650522LB368753385;Málaga;Ardales;;;112.LBT.D100000002;112.BTV.XX00000055;;0,23;Fachada;3,45;;;2.0TD;SMT;;9820;0;31/05/2021 21:58;;;870255,515;4089104,741;-199902,787;4109905,76;;;;CT28 DEPOSITO AGUA;;;
R1-112;ES0157000012001819QE0F;KAM0027612378;12001819;;;;335422,355;4082657,05;442;0484658849LB368755355;Málaga;Ardales;;;112.LBT.D100000002;112.BTV.D100000725;;0,23;Fachada;3,45;;;2.0TD;SMT;;9820;0;31/05/2021 21:58;;;870247,135;4089126,286;-199908,416;4109928,286;;;;CT28 DEPOSITO AGUA;;;
R1-112;ES0157000012601412GM;KAM0019248479;12601412;;;;335765,355;4082782,04;430;0484276885LB368767214;Málaga;Ardales;;;112.LBT.D200000129;112.BTV.D100000049;;0,23;Subterránea;4,6;;;2.0TD;SMT;;9820;0;16/03/2022 13:55;;;870582,055;4089272,787;-199556,212;4110031,962;;;;CT28 DEPOSITO AGUA;;;
R1-112;ES0157000012601978ML0F;29577469;12601978;;;;335692,355;4082769,04;439,465;0484358474LB368765916;Málaga;Ardales;;;112.LBT.D200000129;112.BTV.D100000002;;0,23;Subterránea;4,6;;;2.0TD;MEC;;9820;0;31/05/2021 21:58;;;870509,919;4089255,2;-199630,307;4110023,548;;;;CT28 DEPOSITO AGUA;;;
R1-112;ES0157000012602036PP0F;KAM0019248384;12602036;;;;335775,841;4082792,69;431;0484265356LB368768191;Málaga;Ardales;;;112.LBT.D200000129;112.BTV.6308900654;;0,23;Subterránea;4,6;;;2.0TD;SMT;;9609;0;06/07/2021 12:05;;;870591,864;4089284,09;-199545,011;4110041,985;;;;CT28 DEPOSITO AGUA;;;
R1-112;ES0157000015201823CJ0F;KAM0026733799;15201823;;;;335763,355;4082781,04;423,133;0484279107LB368767121;Málaga;Ardales;;;112.LBT.D200000129;112.BTV.T100000091;;0,23;Subterránea;3,4;;;2.0TD;SMT;;9820;0;31/05/2021 21:58;;;870580,119;4089271,661;-199558,283;4110031,085;;;;CT28 DEPOSITO AGUA;;;
R1-112;ES0157000021800902NR0F;KAM0027810258;21800902;;;;335583,354;4082597,04;471;0484476990LB368750229;Málaga;Ardales;;;112.LBT.D100000001;112.BTV.D100000528;;0,38;Subterránea;1,644;;;3.0TD;SMT;;3600;0;31/05/2021 21:58;;;870411,811;4089076,447;-199750,631;4109857,833;;;;CT28 DEPOSITO AGUA;;;
R1-112;ES0157000040300204LN;KAM0020239547;40300204;;;;335570,356;4082848,05;431;0484497009LB368772822;Málaga;Ardales;;;112.LBT.D200000129;112.BTV.D100000517;;0,23;Fachada;4,6;;;2.0TD;SMT;;9820;0;31/05/2021 21:58;;;870383,023;4089326,482;-199747,741;4110110,596;;;;CT28 DEPOSITO AGUA;;;
R1-112;ES0157000040300206LZ;KAM0027594663;40300206;;;;335580,356;4082842,05;431;0484485663LB368772298;Málaga;Ardales;;;112.LBT.D200000129;112.BTV.D100000515;;0,23;Fachada;3,45;;;2.0TD;SMT;;9820;0;31/05/2021 21:58;;;870393,394;4089321,115;-199738,085;4110103,939;;;;CT28 DEPOSITO AGUA;;;
R1-112;ES0157000040300207LS;KAM0027594360;40300207;;;;335580,356;4082842,05;431;0484485663LB368772298;Málaga;Ardales;;;112.LBT.D200000129;112.BTV.D100000515;;0,23;Fachada;3,45;;;2.0TD;SMT;;9820;0;31/05/2021 21:58;;;870393,394;4089321,115;-199738,085;4110103,939;;;;CT28 DEPOSITO AGUA;;;
R1-112;ES0157000040300209LV;KAM0027594693;40300209;;;;335583,355;4082841,05;431;0484482278LB368772214;Málaga;Ardales;;;112.LBT.D200000129;112.BTV.D100000514;;0,23;Fachada;3,45;;;2.0TD;SMT;;9820;0;31/05/2021 21:58;;;870396,454;4089320,305;-199735,138;4110102,745;;;;CT28 DEPOSITO AGUA;;;
R1-112;ES0157000040300210LH;KAM0027594544;40300210;;;;335591,355;4082837,05;431;0484473220LB368771867;Málaga;Ardales;;;112.LBT.D200000129;112.BTV.D100000513;;0,23;Fachada;3,45;;;2.0TD;SMT;;9820;0;31/05/2021 21:58;;;870404,701;4089316,811;-199727,363;4110098,222;;;;CT28 DEPOSITO AGUA;;;
R1-112;ES0157000040300220CM;KAM0027594356;40300220;;;;335658,355;4082789,04;446,068;0484397038LB368767659;Málaga;Ardales;;;112.LBT.D200000129;112.BTV.D100000482;;0,23;Fachada;2,3;;;2.0TD;SMT;;9820;0;31/05/2021 21:58;;;870474,681;4089273,048;-199663,163;4110045,781;;;;CT28 DEPOSITO AGUA;;;
R1-112;ES0157000040300221CY;KAM0019878406;40300221;;;;335660,355;4082787,04;447;0484394752LB368767482;Málaga;Ardales;;;112.LBT.D200000129;112.BTV.D100000481;;0,23;Fachada;2,3;;;2.0TD;SMT;;9820;0;11/08/2022 12:32;;;870476,806;4089271,175;-199661,283;4110043,647;;;;CT28 DEPOSITO AGUA;;;
R1-112;ES0157000040300224CD;KAM0027613032;40300224;;;;335671,355;4082777,04;457;0484382199LB368766600;Málaga;Ardales;;;112.LBT.D200000129;112.BTV.D100000473;;0,23;Fachada;3,45;;;2.0TD;SMT;;9820;0;31/05/2021 21:58;;;870488,428;4089261,873;-199650,877;4110032,911;;;;CT28 DEPOSITO AGUA;;;
R1-112;ES0157000040300227CN0F;KAM0019150353;40300227;;;;335657,355;4082782,04;457;0484398008LB368767026;Málaga;Ardales;;;112.LBT.D200000129;112.BTV.D100000475;;0,23;Fachada;2,3;;;2.0TD;SMT;;9820;0;31/05/2021 21:58;;;870474,122;4089265,989;-199664,611;4110038,819;;;;CT28 DEPOSITO AGUA;;;
R1-112;ES0157000040300233CH0F;KAM0020239570;40300233;;;;335594,355;4082827,05;440;0484469638LB368770971;Málaga;Ardales;;;112.LBT.D200000129;112.BTV.D100000494;;0,23;Fachada;3,45;;;2.0TD;SMT;;9820;0;03/11/2022 14:10;;;870408,328;4089307,006;-199724,986;4110087,995;;;;CT28 DEPOSITO AGUA;;;
R1-112;ES0157000040300234CL;KAM0026734010;40300234;;;;335587,355;4082831,05;440;0484477576LB368771320;Málaga;Ardales;;;112.LBT.D200000129;112.BTV.D100000499;;0,23;Fachada;3,45;;;2.0TD;SMT;;9820;0;31/05/2021 21:58;;;870401,081;4089310,563;-199731,758;4110092,454;;;;CT28 DEPOSITO AGUA;;;
R1-112;ES0157000040300242KG0F;701034;40300242;;;;335526,356;4082831,05;436;0484545987LB368771213;Málaga;Ardales;;;112.LBT.D200000129;112.BTV.D100000510;;0,23;Fachada;2,3;;;;MEC;;9820;0;23/09/2009 22:48;;;870340,12;4089306,723;-199792,983;4110096,327;;;;CT28 DEPOSITO AGUA;;;
R1-112;ES0157000040300245KF;(error consulta Clientes);40300245;;;;335551,356;4082851,05;431;0484518382LB368773059;Málaga;Ardales;;;112.LBT.D200000129;112.BTV.D100000521;;0,23;Fachada;0;;;;;;;;;;;870363,846;4089328,285;-199766,621;4110114,814;;;;CT28 DEPOSITO AGUA;;;
R1-112;ES0157000040300966YS0F;14697907;40300966;;;;335610,355;4082826,05;440;0484451672LB368770909;Málaga;Ardales;;;112.LBT.D200000129;112.BTV.D100000489;;0,23;Fachada;3,45;;;2.0TD;MEC;;9820;0;31/05/2021 21:58;;;870424,381;4089307,014;-199708,991;4110085,975;;;;CT28 DEPOSITO AGUA;;;
R1-112;ES0157000040300995FK;KAM0027612812;40300995;;;;335697,354;4082667,04;447;0484350658LB368756734;Málaga;Ardales;;;112.LBT.D200000129;112.BTV.D200000329;;0,23;Fachada;4,6;;;2.0TD;SMT;;9820;0;09/07/2021 11:54;;;870521,334;4089153,578;-199631,765;4109920,854;;;;CT28 DEPOSITO AGUA;;;
R1-112;ES0157000040301008PB;KAM0027594502;40301008;;;;335613,355;4082824,05;440;0484448264LB368770734;Málaga;Ardales;;;112.LBT.D200000129;112.BTV.D100000490;;0,23;Fachada;3,45;;;2.0TD;SMT;;9820;0;31/05/2021 21:58;;;870427,505;4089305,204;-199706,107;4110083,778;;;;CT28 DEPOSITO AGUA;;;
R1-112;ES0157000040301027DF;KAM0026733728;40301027;;;;335559,356;4082835,05;431;0484509063LB368771631;Málaga;Ardales;;;112.LBT.D200000129;112.BTV.D100000504;;0,23;Fachada;3,45;;;2.0TD;SMT;;9820;0;31/05/2021 21:58;;;870372,848;4089312,798;-199759,607;4110098,247;;;;CT28 DEPOSITO AGUA;;;
R1-112;ES0157000040301085BL;KAM0027613176;40301085;;;;335597,355;4082825,05;440;0484466230LB368770796;Málaga;Ardales;;;112.LBT.D200000129;112.BTV.D100000495;;0,23;Fachada;3,45;;;2.0TD;SMT;;9820;0;02/08/2022 12:39;;;870411,452;4089305,196;-199722,102;4110085,797;;;;CT28 DEPOSITO AGUA;;;
R1-112;ES0157000040301098ND;KAM0026733787;40301098;;;;335564,356;4082835,05;431;0484503456LB368771640;Málaga;Ardales;;;112.LBT.D200000129;112.BTV.D100000503;;0,23;Fachada;3,45;;;2.0TD;SMT;;9820;0;31/05/2021 21:58;;;870377,845;4089313,113;-199754,588;4110097,929;;;;CT28 DEPOSITO AGUA;;;
R1-112;ES0157000040301133JK;KAM0019878376;40301133;;;;335690,355;4082732,04;448;0484359915LB368762579;Málaga;Ardales;;;112.LBT.D200000129;112.BTV.D200000323;;0,23;Fachada;3,45;;;2.0TD;SMT;;9820;0;09/12/2021 14:47;;;870510,249;4089218,097;-199634,664;4109986,539;;;;CT28 DEPOSITO AGUA;;;
R1-112;ES0157000040301151ZQ0F;KAM0033789062;40301151;;;;335552,356;4082857,05;431;0484517391LB368773601;Málaga;Ardales;;;112.LBT.D200000129;112.BTV.D100000526;;0,4;Fachada;4;;;2.0TD;SMT;;9820;0;16/05/2022 11:40;;;870364,467;4089334,344;-199765,236;4110120,772;;;;CT28 DEPOSITO AGUA;;;
R1-112;ES0157000040301157ZE;KAM0026733907;40301157;;;;335605,355;4082822,05;440;0484457193LB368770540;Málaga;Ardales;;;112.LBT.D200000129;112.BTV.D100000497;;0,23;Fachada;3,45;;;2.0TD;SMT;;9820;0;31/05/2021 21:58;;;870419,636;4089302,701;-199714,263;4110082,278;;;;CT28 DEPOSITO AGUA;;;
R1-112;ES0157000040301215VB;KAM0027613062;40301215;;;;335646,355;4082791,04;447,53;0484410540LB368767818;Málaga;Ardales;;;112.LBT.D200000129;112.BTV.D100000478;;0,23;Fachada;4,6;;;2.0TD;SMT;;9820;0;19/09/2022 10:34;;;870462,562;4089274,291;-199675,08;4110048,55;;;;CT28 DEPOSITO AGUA;;;
R1-112;ES0157000040301275CW;KAM0027613996;40301275;;;;335699,354;4082689,04;356;0484348891LB368758720;Málaga;Ardales;;;112.LBT.D200000129;112.BTV.D200000325;;0,23;Aérea;4,6;;;2.0TD;SMT;;9820;0;30/06/2021 18:38;;;870521,948;4089175,69;-199628,361;4109942,808;;;;CT28 DEPOSITO AGUA;;;
R1-112;ES0157000040301622NG0F;15782092;40301622;;;;335724,353;4082521,04;437;0484317217LB368743627;Málaga;Ardales;;;112.LBT.D200000129;112.BTV.D200000338;;0,4;Subterránea;1,385;;;;MEC;;4332;0;12/09/2012 12:44;;;870557,505;4089009,368;-199613,936;4109772,6;;;;CT28 DEPOSITO AGUA;;;
R1-112;ES0157000040301697SX0F;KAM0027613611;40301697;;;;335676,355;4082773,04;448;0484376504LB368766248;Málaga;Ardales;;;112.LBT.D200000129;112.BTV.D100000474;;0,23;Fachada;3,45;;;2.0TD;SMT;;9820;0;31/05/2021 21:58;;;870493,677;4089258,191;-199646,112;4110028,579;;;;CT28 DEPOSITO AGUA;;;
R1-112;ES0157000040400257ES;KAM0019150336;40400257;;;;335604,355;4082803,05;452;0484457903LB368768826;Málaga;Ardales;;;112.LBT.D100000002;112.BTV.D100000669;;0,23;Fachada;2,3;;;2.0TD;SMT;;9820;0;31/05/2021 21:58;;;870419,833;4089283,65;-199716,473;4110063,271;;;;CT28 DEPOSITO AGUA;;;
R1-112;ES0157000040400259EV;KAM0019150389;40400259;;;;335570,355;4082807,05;447;0484496121LB368769128;Málaga;Ardales;;;112.LBT.D100000002;112.BTV.D100000660;;0,23;Fachada;3,45;;;2.0TD;SMT;;9820;0;19/10/2022 14:54;;;870385,602;4089285,508;-199750,345;4110069,445;;;;CT28 DEPOSITO AGUA;;;
R1-112;ES0157000040400261EL;KAM0027612617;40400261;;;;335551,355;4082802,05;447;0484517321LB368768644;Málaga;Ardales;;;112.LBT.D100000002;112.BTV.D100000654;;0,23;Fachada;3,45;;;2.0TD;SMT;;820;0;31/05/2021 21:58;;;870366,929;4089279,315;-199769,733;4110065,633;;;;CT28 DEPOSITO AGUA;;;
R1-112;ES0157000040400262EC;KAM0019150209;40400262;;;;335543,355;4082799,05;442;0484526228LB368768360;Málaga;Ardales;;;112.LBT.D100000002;112.BTV.D100000652;;0,23;Fachada;2,3;;;2.0TD;SMT;;9820;0;31/05/2021 21:58;;;870359,122;4089275,813;-199777,953;4110063,129;;;;CT28 DEPOSITO AGUA;;;
R1-112;ES0157000040400263EK;KAM0019150356;40400263;;;;335533,355;4082796,05;442;0484537378LB368768072;Málaga;Ardales;;;112.LBT.D100000002;112.BTV.D100000641;;0,23;Fachada;3,45;;;2.0TD;SMT;;9820;0;04/10/2021 20:44;;;870349,317;4089272,186;-199788,18;4110060,753;;;;CT28 DEPOSITO AGUA;;;
R1-112;ES0157000040400265TT0F;KAM0019150319;40400265;;;;335486,355;4082776,05;439;0484589655LB368766188;Málaga;Ardales;;;112.LBT.D100000002;112.BTV.D100000609;;0,23;Fachada;3,45;;;2.0TD;SMT;;9820;0;31/05/2021 21:58;;;870303,606;4089249,24;-199836,624;4110043,663;;;;CT28 DEPOSITO AGUA;;;
R1-112;ES0157000040401137ZK;KAM0019150267;40401137;;;;335590,355;4082805,05;451;0484473647LB368768982;Málaga;Ardales;;;112.LBT.D100000002;112.BTV.D100000665;;0,23;Fachada;3,45;;;2.0TD;SMT;;9820;0;31/05/2021 21:58;;;870405,716;4089284,768;-199730,398;4110066,167;;;;CT28 DEPOSITO AGUA;;;
R1-112;ES0157000040401310EX;KAM0027613592;40401310;;;;335577,355;4082808,05;451;0484488292LB368769230;Málaga;Ardales;;;112.LBT.D100000002;112.BTV.D100000662;;0,23;Fachada;4,6;;;2.0TD;SMT;;9820;0;31/05/2021 21:58;;;870392,535;4089286,948;-199743,256;4110070,004;;;;CT28 DEPOSITO AGUA;;;
R1-112;ES0157000040401458MC0F;KAM0027594456;40401458;;;;335516,355;4082794,05;438;0484556400LB368767862;Málaga;Ardales;;;112.LBT.D100000002;112.BTV.D100000650;;0,23;Fachada;5,75;;;2.0TD;SMT;;9820;0;28/09/2022 12:36;;;870332,454;4089269,117;-199805,37;4110059,825;;;;CT28 DEPOSITO AGUA;;;
R1-112;ES0157000040500290RK0F;KAM0027594425;40500290;;;;335590,356;4082932,05;415;0484476399LB368780425;Málaga;Ardales;;;112.LBT.D200000129;112.BTV.D100000186;;0,23;Fachada;3,45;;;2.0TD;SMT;;9820;0;31/05/2021 21:58;;;870397,723;4089411,689;-199722,334;4110193,637;;;;CT28 DEPOSITO AGUA;;;
R1-112;ES0157000040500298WY0F;KAM0026733861;40500298;;;;335628,356;4082900,05;419;0484433088LB368777608;Málaga;Ardales;;;112.LBT.D200000129;112.BTV.D100000168;;0,23;Fachada;4,6;;;2.0TD;SMT;;9820;0;04/07/2022 13:35;;;870437,714;4089382,101;-199686,225;4110159,106;;;;CT28 DEPOSITO AGUA;;;
R1-112;ES0157000040500303WB0F;(error consulta Clientes);40500303;;;;335641,356;4082890,05;419;0484418291LB368776729;Málaga;Ardales;;;112.LBT.D200000129;112.BTV.D100000150;;0,23;Fachada;0;;;;;;;;;;;870451,335;4089372,925;-199673,812;4110148,244;;;;CT28 DEPOSITO AGUA;;;
R1-112;ES0157000040500304WN;KAM0027612115;40500304;;;;335644,356;4082888,05;419;0484414883LB368776554;Málaga;Ardales;;;112.LBT.D200000129;112.BTV.D100000152;;0,23;Fachada;2,3;;;2.0TD;SMT;;9820;0;31/05/2021 21:58;;;870454,459;4089371,115;-199670,928;4110146,046;;;;CT28 DEPOSITO AGUA;;;
R1-112;ES0157000040500308WQ0F;14697950;40500308;;;;335660,356;4082879,05;424;0484396744LB368775771;Málaga;Ardales;;;112.LBT.D200000129;112.BTV.D100000162;;0,23;Fachada;2,3;;;2.0TD;MEC;;9820;0;31/05/2021 21:58;;;870471,015;4089363,128;-199655,44;4110135,997;;;;CT28 DEPOSITO AGUA;;;
R1-112;ES0157000040500310WH0F;KAM0027594681;40500310;;;;335668,355;4082875,04;424;0484387686LB368775425;Málaga;Ardales;;;112.LBT.D200000129;112.BTV.D100000100;;0,23;Fachada;3,45;;;2.0TD;SMT;;9820;0;23/06/2021 12:05;;;870479,262;4089359,624;-199647,666;4110131,464;;;;CT28 DEPOSITO AGUA;;;
R1-112;ES0157000040500313WK0F;KAM0027612358;40500313;;;;335680,355;4082866,04;424;0484374033LB368774635;Málaga;Ardales;;;112.LBT.D200000129;112.BTV.D100000094;;0,23;Fachada;3,45;;;2.0TD;SMT;;820;0;05/07/2022 11:24;;;870491,821;4089351,385;-199636,193;4110121,669;;;;CT28 DEPOSITO AGUA;;;
R1-112;ES0157000040500315AT0F;14697930;40500315;;;;335690,355;4082860,04;424;0484362688LB368774112;Málaga;Ardales;;;112.LBT.D200000129;112.BTV.D100000090;;0,23;Fachada;2,3;;;;MEC;;9820;0;31/05/2021 21:58;;;870502,192;4089346,018;-199626,537;4110115,012;;;;CT28 DEPOSITO AGUA;;;
R1-112;ES0157000040500321AY;(error consulta Clientes);40500321;;;;335727,355;4082841,04;428;0484320780LB368772464;Málaga;Ardales;;;112.LBT.D200000129;112.BTV.D100000084;;0,23;Fachada;0;;;;;;;;;;;870540,365;4089329,358;-199590,606;4110093,593;;;;CT28 DEPOSITO AGUA;;;
R1-112;ES0157000040500323AP;14697696;40500323;;;;335713,355;4082838,04;430;0484336417LB368772169;Málaga;Ardales;;;112.LBT.D200000129;112.BTV.D100000126;;0,23;Fachada;3,45;;;2.0TD;MEC;;9820;0;31/05/2021 21:58;;;870526,563;4089325,479;-199604,849;4110091,47;;;;CT28 DEPOSITO AGUA;;;
R1-112;ES0157000040500326AB0F;KAM0027594419;40500326;;;;335689,355;4082850,04;432;0484363593LB368773209;Málaga;Ardales;;;112.LBT.D200000129;112.BTV.D100000119;;0,23;Fachada;3,45;;;2.0TD;SMT;;9820;0;31/05/2021 21:58;;;870501,822;4089335,961;-199628,175;4110105,038;;;;CT28 DEPOSITO AGUA;;;
R1-112;ES0157000040500329AZ0F;KAM0026733859;40500329;;;;335677,355;4082856,04;432;0484377181LB368773729;Málaga;Ardales;;;112.LBT.D200000129;112.BTV.D100000114;;0,23;Fachada;3,45;;;2.0TD;SMT;;9820;0;31/05/2021 21:58;;;870489,452;4089341,202;-199639,839;4110111,822;;;;CT28 DEPOSITO AGUA;;;
R1-112;ES0157000040500330AS;KAM0027594657;40500330;;;;335673,355;4082858,04;432;0484381710LB368773902;Málaga;Ardales;;;112.LBT.D200000129;112.BTV.D100000112;;0,23;Fachada;3,45;;;2.0TD;SMT;;9820;0;31/05/2021 21:58;;;870485,329;4089342,949;-199643,727;4110114,084;;;;CT28 DEPOSITO AGUA;;;
R1-112;ES0157000040500332AV;KAM0027594596;40500332;;;;335667,355;4082863,04;424;0484388548LB368774342;Málaga;Ardales;;;112.LBT.D200000129;112.BTV.D100000108;;0,23;Fachada;3,45;;;2.0TD;SMT;;9820;0;31/05/2021 21:58;;;870479,018;4089347,568;-199649,431;4110119,483;;;;CT28 DEPOSITO AGUA;;;
R1-112;ES0157000040500335AC0F;11487276;40500335;;;;335657,355;4082868,05;424;0484399871LB368774775;Málaga;Ardales;;;112.LBT.D200000129;112.BTV.D100000131;;0,23;Fachada;2,3;;;;MEC;;9820;0;30/01/2012 13:26;;;870468,709;4089351,946;-199659,15;4110125,147;;;;CT28 DEPOSITO AGUA;;;
R1-112;ES0157000040500336AK;14697742;40500336;;;;335653,356;4082871,05;424;0484404421LB368775038;Málaga;Ardales;;;112.LBT.D200000129;112.BTV.D100000133;;0,23;Fachada;2,3;;;2.0TD;MEC;;9820;0;31/05/2021 21:58;;;870464,523;4089354,692;-199662,974;4110128,412;;;;CT28 DEPOSITO AGUA;;;
R1-112;ES0157000040500339GR;14697939;40500339;;;;335634,356;4082884,05;421,728;0484426012LB368776177;Málaga;Ardales;;;112.LBT.D200000129;112.BTV.D100000141;;0,23;Fachada;2,3;;;2.0TD;MEC;;9820;0;13/07/2022 10:05;;;870444,717;4089366,488;-199681,219;4110142,666;;;;CT28 DEPOSITO AGUA;;;
R1-112;ES0157000040500340GW0F;19592817;40500340;;;;335624,356;4082892,05;419;0484437400LB368776880;Málaga;Ardales;;;112.LBT.D200000129;112.BTV.D100000194;;0,23;Fachada;2,3;;;2.0TD;MEC;;9820;0;08/07/2021 14:40;;;870434,22;4089373,854;-199690,748;4110151,331;;;;CT28 DEPOSITO AGUA;;;
R1-112;ES0157000040500341GA;KAM0027612260;40500341;;;;335618,356;4082896,05;420;0484444216LB368777230;Málaga;Ardales;;;112.LBT.D200000129;112.BTV.D100000192;;0,23;Fachada;5,7;;;2.0TD;SMT;;9820;0;18/06/2021 14:17;;;870427,971;4089377,474;-199696,516;4110155,726;;;;CT28 DEPOSITO AGUA;;;
R1-112;ES0157000040500342GG;KAM0027612258;40500342;;;;335614,356;4082900,05;420;0484448789LB368777583;Málaga;Ardales;;;112.LBT.D200000129;112.BTV.D100000190;;0,23;Fachada;3,45;;;2.0TD;SMT;;820;0;20/10/2022 14:02;;;870423,722;4089381,219;-199700,277;4110159,995;;;;CT28 DEPOSITO AGUA;;;
R1-112;ES0157000040500345GF0F;(error consulta Clientes);40500345;;;;335597,356;4082912,05;415;0484468115LB368778635;Málaga;Ardales;;;112.LBT.D200000129;112.BTV.D100000202;;0,23;Fachada;0;;;;;;;;;;;870405,978;4089392,142;-199716,578;4110173,119;;;;CT28 DEPOSITO AGUA;;;
R1-112;ES0157000040500346GP0F;KAM0019878324;40500346;;;;335586,356;4082919,05;415;0484480604LB368779247;Málaga;Ardales;;;112.LBT.D200000129;112.BTV.D100000206;;0,23;Fachada;3,45;;;2.0TD;SMT;;9820;0;31/05/2021 21:58;;;870394,544;4089398,445;-199727,174;4110180,843;;;;CT28 DEPOSITO AGUA;;;
R1-112;ES0157000040500347GD;KAM0027612093;40500347;;;;335581,356;4082922,05;415;0484486276LB368779508;Málaga;Ardales;;;112.LBT.D200000129;112.BTV.D100000208;;0,23;Fachada;3,45;;;2.0TD;SMT;;9820;0;31/05/2021 21:58;;;870389,358;4089401,129;-199732,002;4110184,172;;;;CT28 DEPOSITO AGUA;;;
R1-112;ES0157000040500349GB0F;KAM0020239512;40500349;;;;335571,356;4082905,05;419;0484497123LB368777959;Málaga;Ardales;;;112.LBT.D200000129;112.BTV.D100000216;;0,23;Fachada;2,3;;;2.0TD;SMT;;9820;0;31/05/2021 21:58;;;870380,434;4089383,51;-199743,118;4110167,744;;;;CT28 DEPOSITO AGUA;;;
R1-112;ES0157000040500352GZ0F;KAM0020239580;40500352;;;;335568,356;4082895,05;419;0484500271LB368777053;Málaga;Ardales;;;112.LBT.D200000129;112.BTV.D100000219;;0,23;Fachada;3,45;;;2.0TD;SMT;;9820;0;31/05/2021 21:58;;;870378,066;4089373,327;-199746,764;4110157,897;;;;CT28 DEPOSITO AGUA;;;
R1-112;ES0157000040500354GQ0F;KAM0020239332;40500354;;;;335565,356;4082887,05;419;0484503462LB368776327;Málaga;Ardales;;;112.LBT.D200000129;112.BTV.D100000221;;0,23;Fachada;3,45;;;2.0TD;SMT;;9820;0;03/11/2022 14:15;;;870375,571;4089365,143;-199750,283;4110150,058;;;;CT28 DEPOSITO AGUA;;;
R1-112;ES0157000040500355GV0F;KAM0027594432;40500355;;;;335551,356;4082867,05;425;0484518729LB368774500;Málaga;Ardales;;;112.LBT.D200000129;112.BTV.D100000527;;0,23;Fachada;3,45;;;2.0TD;SMT;;9820;0;31/05/2021 21:58;;;870362,838;4089344,275;-199765,605;4110130,873;;;;CT28 DEPOSITO AGUA;;;
R1-112;ES0157000040500357GL0F;KAM0027612787;40500357;;;;335552,356;4082886,05;424,083;0484518020LB368776214;Málaga;Ardales;;;112.LBT.D200000129;112.BTV.D100000239;;0,23;Fachada;2,3;;;2.0TD;SMT;;9820;0;31/05/2021 21:58;;;870362,642;4089363,326;-199763,395;4110149,88;;;;CT28 DEPOSITO AGUA;;;
R1-112;ES0157000040500359GK0F;KAM0027614351;40500359;;;;335554,356;4082894,05;419;0484515950LB368776938;Málaga;Ardales;;;112.LBT.D200000129;112.BTV.D100000237;;0,23;Fachada;3,45;;;2.0TD;SMT;;9820;0;04/06/2022 21:02;;;870364,137;4089371,447;-199760,88;4110157,782;;;;CT28 DEPOSITO AGUA;;;
R1-112;ES0157000040500361MT0F;KAM0027614065;40500361;;;;335558,356;4082903,05;417,922;0484511659LB368777756;Málaga;Ardales;;;112.LBT.D200000129;112.BTV.D100000233;;0,23;Fachada;3,45;;;2.0TD;SMT;;9820;0;20/12/2021 13:44;;;870367,568;4089380,693;-199756,293;4110166,562;;;;CT28 DEPOSITO AGUA;;;
R1-112;ES0157000040500362MR0F;KAM0027614159;40500362;;;;335562,356;4082911,05;414;0484507347LB368778484;Málaga;Ardales;;;112.LBT.D200000129;112.BTV.D100000226;;0,23;Fachada;3,45;;;2.0TD;SMT;;9820;0;31/05/2021 21:58;;;870371,062;4089388,94;-199751,771;4110174,337;;;;CT28 DEPOSITO AGUA;;;
R1-112;ES0157000040500992DX;KAM0027612215;40500992;;;;335702,355;4082853,04;430;0484349078LB368773502;Málaga;Ardales;;;112.LBT.D200000129;112.BTV.D100000074;;0,23;Fachada;3,45;;;2.0TD;SMT;;9820;0;31/05/2021 21:58;;;870514,625;4089339,777;-199614,937;4110107,224;;;;CT28 DEPOSITO AGUA;;;
R1-112;ES0157000040501005XT;KAM0020239498;40501005;;;;335669,355;4082861,04;424;0484386261LB368774165;Málaga;Ardales;;;112.LBT.D200000129;112.BTV.D100000111;;0,23;Aérea;3,45;;;2.0TD;SMT;;9820;0;31/05/2021 21:58;;;870481,142;4089345,695;-199647,551;4110117,349;;;;CT28 DEPOSITO AGUA;;;
R1-112;ES0157000040501046BH0F;KAM0019878344;40501046;;;;335563,356;4082911,05;414;0484506225LB368778486;Málaga;Ardales;;;112.LBT.D200000129;112.BTV.D100000228;;0,23;Fachada;5,75;;;2.0TD;SMT;;9820;0;31/05/2021 21:58;;;870372,062;4089389,003;-199750,767;4110174,274;;;;CT28 DEPOSITO AGUA;;;
R1-112;ES0157000040501093JL0F;KAM0027594566;40501093;;;;335594,356;4082929,05;412,513;0484471848LB368780161;Málaga;Ardales;;;112.LBT.D200000129;112.BTV.D100000184;;0,23;Fachada;3,45;;;2.0TD;SMT;;9820;0;31/05/2021 21:58;;;870401,909;4089408,943;-199718,509;4110190,372;;;;CT28 DEPOSITO AGUA;;;
R1-112;ES0157000040501136SQ;KAM0027612765;40501136;;;;335650,356;4082873,05;424;0484407829LB368775213;Málaga;Ardales;;;112.LBT.D200000129;112.BTV.D100000135;;0,23;Fachada;4,6;;;2.0TD;SMT;;9820;0;31/05/2021 21:58;;;870461,399;4089356,502;-199665,858;4110130,61;;;;CT28 DEPOSITO AGUA;;;
R1-112;ES0157000040501184VH;KAM0027594539;40501184;;;;335718,355;4082835,04;430;0484330744LB368771908;Málaga;Ardales;;;112.LBT.D200000129;112.BTV.D100000128;;0,23;Fachada;3,45;;;2.0TD;SMT;;9820;0;31/05/2021 21:58;;;870531,748;4089322,795;-199600,021;4110088,142;;;;CT28 DEPOSITO AGUA;;;
R1-112;ES0157000040501197HP0F;KAM0027594780;40501197;;;;335647,356;4082887,05;419;0484411497LB368776469;Málaga;Ardales;;;112.LBT.D200000129;112.BTV.D100000154;;0,23;Fachada;3,45;;;2.0TD;SMT;;9820;0;31/05/2021 21:58;;;870457,52;4089370,305;-199667,98;4110144,852;;;;CT28 DEPOSITO AGUA;;;
R1-112;ES0157000040501216LG0F;KAM0027594732;40501216;;;;335719,355;4082835,04;430;0484329622LB368771909;Málaga;Ardales;;;112.LBT.D200000129;112.BTV.D100000129;;0,23;Fachada;3,45;;;2.0TD;SMT;;9820;0;31/05/2021 21:58;;;870532,748;4089322,858;-199599,017;4110088,078;;;;CT28 DEPOSITO AGUA;;;
R1-112;ES0157000040501309TM0F;KAM0027594677;40501309;;;;335603,356;4082908,05;420;0484461299LB368778285;Málaga;Ardales;;;112.LBT.D200000129;112.BTV.D100000198;;0,23;Fachada;3,45;;;2.0TD;SMT;;9820;0;31/05/2021 21:58;;;870412,226;4089388,522;-199710,809;4110168,723;;;;CT28 DEPOSITO AGUA;;;
R1-112;ES0157000040501378AM;KAM0027614055;40501378;;;;335779,355;4082802,04;426;0484261617LB368769040;Málaga;Ardales;;;112.LBT.D200000129;112.BTV.D100000044;;0,23;Subterránea;4,6;;;2.0TD;SMT;;9820;0;31/05/2021 21:58;;;870594,788;4089293,655;-199540,89;4110051,147;;;;CT28 DEPOSITO AGUA;;;
R1-112;ES0157000040501379AY;KAM0019878251;40501379;;;;335775,355;4082806,04;422,068;0484266190LB368769394;Málaga;Ardales;;;112.LBT.D200000129;112.BTV.D100000043;;0,23;Subterránea;3,45;;;2.0TD;SMT;;9820;0;22/08/2022 13:05;;;870590,538;4089297,401;-199544,651;4110055,416;;;;CT28 DEPOSITO AGUA;;;
R1-112;ES0157000040501381AP;KAM0027594421;40501381;;;;335779,355;4082800,04;426;0484261574LB368768860;Málaga;Ardales;;;112.LBT.D200000129;112.BTV.D100000057;;0,23;Subterránea;4,6;;;2.0TD;SMT;;9820;0;24/03/2022 8:43;;;870594,913;4089291,657;-199541,017;4110049,139;;;;CT28 DEPOSITO AGUA;;;
R1-112;ES0157000040501382AD;(error consulta Clientes);40501382;;;;335781,355;4082801,04;421,055;0484259352LB368768954;Málaga;Ardales;;;112.LBT.D200000129;112.BTV.D100000059;;0,23;Subterránea;0;;;;;;;;;;;870596,849;4089292,782;-199538,946;4110050,016;;;;CT28 DEPOSITO AGUA;;;
R1-112;ES0157000040501387AZ;KAM0026733865;40501387;;;;335765,355;4082814,04;430;0484277578LB368770097;Málaga;Ardales;;;112.LBT.D200000129;112.BTV.D100000012;;0,23;Subterránea;4,6;;;2.0TD;SMT;;9820;0;31/05/2021 21:58;;;870580,041;4089304,767;-199554,18;4110064,08;;;;CT28 DEPOSITO AGUA;;;
R1-112;ES0157000040501391AH0F;(error consulta Clientes);40501391;;;;335754,355;4082823,04;430;0484290110LB368770889;Málaga;Ardales;;;112.LBT.D200000129;112.BTV.D100000009;;0,23;Subterránea;0;;;;;;;;;;;870568,481;4089313,069;-199564,649;4110073,812;;;;CT28 DEPOSITO AGUA;;;
R1-112;ES0157000040501408GN0F;KAM0027594459;40501408;;;;335761,355;4082817,04;424,427;0484282129LB368770361;Málaga;Ardales;;;112.LBT.D200000129;112.BTV.D100000010;;0,23;Subterránea;3,45;;;2.0TD;SMT;;9820;0;19/09/2022 11:05;;;870575,855;4089307,513;-199558,004;4110067,345;;;;CT28 DEPOSITO AGUA;;;
R1-112;ES0157000040501525DZ0F;KAM0027594684;40501525;;;;335609,356;4082915,05;415;0484454722LB368778926;Málaga;Ardales;;;112.LBT.D200000129;112.BTV.D100000176;;0,23;Fachada;3,45;;;2.0TD;SMT;;9820;0;31/05/2021 21:58;;;870417,781;4089395,895;-199704,343;4110175,368;;;;CT28 DEPOSITO AGUA;;;
R1-112;ES0157000040600386YK0F;KAM0027594680;40600386;;;;335596,356;4082870,05;425;0484468326LB368774849;Málaga;Ardales;;;112.LBT.D200000129;112.BTV.D100000461;;0,23;Fachada;3,45;;;2.0TD;SMT;;9820;0;31/05/2021 21:58;;;870407,622;4089350,105;-199720,248;4110131,027;;;;CT28 DEPOSITO AGUA;;;
R1-112;ES0157000040600389FR0F;KAM0027612727;40600389;;;;335610,356;4082866,05;426;0484452538LB368774513;Málaga;Ardales;;;112.LBT.D200000129;112.BTV.D100000464;;0,23;Fachada;2,3;;;2.0TD;SMT;;9820;0;31/05/2021 21:58;;;870421,865;4089346,989;-199706,45;4110126,123;;;;CT28 DEPOSITO AGUA;;;
R1-112;ES0157000040600392FG;KAM0027612129;40600392;;;;335649,355;4082844,04;432;0484408323LB368772599;Málaga;Ardales;;;112.LBT.D200000129;112.BTV.D100000442;;0,23;Fachada;3,45;;;2.0TD;SMT;;9820;0;31/05/2021 21:58;;;870462,225;4089327,447;-199668,704;4110101,556;;;;CT28 DEPOSITO AGUA;;;
R1-112;ES0157000040600394FY;14698010;40600394;;;;335635,355;4082849,05;433;0484424133LB368773025;Málaga;Ardales;;;112.LBT.D200000129;112.BTV.D100000445;;0,23;Fachada;2,3;;;;MEC;;9609;0;05/10/2015 12:17;;;870447,918;4089331,573;-199682,438;4110107,473;;;;CT28 DEPOSITO AGUA;;;
R1-112;ES0157000040600398FX;KAM0019150244;40600398;;;;335685,355;4082818,04;438;0484367386LB368770319;Málaga;Ardales;;;112.LBT.D200000129;112.BTV.D100000451;;0,23;Fachada;3,45;;;2.0TD;SMT;;9820;0;31/05/2021 21:58;;;870499,839;4089303,729;-199634,222;4110073,174;;;;CT28 DEPOSITO AGUA;;;
R1-112;ES0157000040600399FB0F;KAM0027613155;40600399;;;;335691,355;4082816,04;438;0484360613LB368770149;Málaga;Ardales;;;112.LBT.D200000129;112.BTV.D100000452;;0,23;Fachada;5,75;;;2.0TD;SMT;;9820;0;31/05/2021 21:58;;;870505,961;4089302,108;-199628,327;4110070,786;;;;CT28 DEPOSITO AGUA;;;
R1-112;ES0157000040600400FN0F;26733166;40600400;;;;335694,355;4082812,04;438;0484357162LB368769794;Málaga;Ardales;;;112.LBT.D200000129;112.BTV.D100000453;;0,23;Fachada;2,3;;;;MEC;;9820;0;23/09/2009 22:49;;;870509,211;4089298,299;-199625,57;4110066,58;;;;CT28 DEPOSITO AGUA;;;
R1-112;ES0157000040600401FJ0F;KAM0026733751;40600401;;;;335699,355;4082808,04;440;0484351468LB368769442;Málaga;Ardales;;;112.LBT.D200000129;112.BTV.D100000454;;0,23;Fachada;4,6;;;2.0TD;SMT;;9820;0;25/01/2022 19:57;;;870514,46;4089294,616;-199620,805;4110062,248;;;;CT28 DEPOSITO AGUA;;;
R1-112;ES0157000040600402FZ;KAM0027594471;40600402;;;;335707,355;4082816,04;436;0484342669LB368770177;Málaga;Ardales;;;112.LBT.D200000129;112.BTV.D100000435;;0,23;Fachada;3,45;;;2.0TD;SMT;;9820;0;31/05/2021 21:58;;;870521,951;4089303,115;-199612,268;4110069,77;;;;CT28 DEPOSITO AGUA;;;
R1-112;ES0157000040600407FL0F;KAM0019248352;40600407;;;;335590,356;4082879,05;425;0484475250LB368775650;Málaga;Ardales;;;112.LBT.D200000129;112.BTV.D100000469;;0,23;Fachada;3,45;;;2.0TD;SMT;;9820;0;31/05/2021 21:58;;;870401,059;4089358,722;-199725,699;4110140,441;;;;CT28 DEPOSITO AGUA;;;
R1-112;ES0157000040600408FC0F;KAM0026733912;40600408;;;;335587,356;4082880,05;425;0484478637LB368775734;Málaga;Ardales;;;112.LBT.D200000129;112.BTV.D100000470;;0,23;Fachada;3,45;;;2.0TD;SMT;;9820;0;31/05/2021 21:58;;;870397,998;4089359,532;-199728,646;4110141,635;;;;CT28 DEPOSITO AGUA;;;
R1-112;ES0157000040600948PP;KAM0019878306;40600948;;;;335680,355;4082822,04;438;0484373080LB368770670;Málaga;Ardales;;;112.LBT.D200000129;112.BTV.D100000450;;0,23;Fachada;3,45;;;2.0TD;SMT;;9820;0;31/05/2021 21:58;;;870494,59;4089307,412;-199638,986;4110077,506;;;;CT28 DEPOSITO AGUA;;;
R1-112;ES0157000040601012BA0F;KAM0019248496;40601012;;;;335604,356;4082875,05;426;0484459462LB368775313;Málaga;Ardales;;;112.LBT.D200000129;112.BTV.D100000459;;0,23;Fachada;4,6;;;2.0TD;SMT;;9820;0;31/05/2021 21:58;;;870415,302;4089355,606;-199711,901;4110135,538;;;;CT28 DEPOSITO AGUA;;;
R1-112;ES0157000040601049NV;KAM0027614142;40601049;;;;335693,355;4082826,04;438;0484358587LB368771053;Málaga;Ardales;;;112.LBT.D200000129;112.BTV.D100000434;;0,23;Fachada;2,3;;;2.0TD;SMT;;9820;0;31/05/2021 21:58;;;870507,33;4089312,228;-199625,684;4110080,696;;;;CT28 DEPOSITO AGUA;;;
R1-112;ES0157000040601087ZD;KAM0026733922;40601087;;;;335641,355;4082846,05;433;0484417339LB368772765;Málaga;Ardales;;;112.LBT.D200000129;112.BTV.D100000443;;0,23;Fachada;3,45;;;2.0TD;SMT;;9820;0;31/05/2021 21:58;;;870454,103;4089328,952;-199676,606;4110104,081;;;;CT28 DEPOSITO AGUA;;;
R1-112;ES0157000040601235CL0F;KAM0019878266;40601235;;;;335578,356;4082874,05;425;0484488600LB368775178;Málaga;Ardales;;;112.LBT.D200000129;112.BTV.D100000467;;0,23;Fachada;3,45;;;2.0TD;SMT;;9820;0;31/05/2021 21:58;;;870389,381;4089352,97;-199738,061;4110136,185;;;;CT28 DEPOSITO AGUA;;;
R1-112;ES0157000040601358AG0F;KAM0026733977;40601358;;;;335615,356;4082871,05;426;0484447039LB368774972;Málaga;Ardales;;;112.LBT.D200000129;112.BTV.D100000456;;0,23;Fachada;5,75;;;2.0TD;SMT;;9820;0;12/07/2022 11:48;;;870426,547;4089352,3;-199701,114;4110130,824;;;;CT28 DEPOSITO AGUA;;;
R1-112;ES0157000040601360AY0F;KAM0027613391;40601360;;;;335600,356;4082869,05;427,277;0484463818LB368774766;Málaga;Ardales;;;112.LBT.D200000129;112.BTV.D100000462;;0,23;Fachada;3,45;;;2.0TD;SMT;;9820;0;31/05/2021 21:58;;;870411,682;4089349,358;-199716,297;4110129,769;;;;CT28 DEPOSITO AGUA;;;
R1-112;ES0157000040601542BG0F;29577450;40601542;;;;335595,356;4082877,05;425;0484469599LB368775478;Málaga;Ardales;;;112.LBT.D200000129;112.BTV.D100000460;;0,23;Fachada;5,75;;;2.0TD;MEC;;9820;0;31/05/2021 21:58;;;870406,182;4089357,038;-199720,807;4110138,116;;;;CT28 DEPOSITO AGUA;;;
R1-112;ES0157000041500640WD;KAM0027594430;41500640;;;;335472,355;4082735,05;435;0484604467LB368762470;Málaga;Ardales;;;112.LBT.D100000002;112.BTV.D100000577;;0,23;Fachada;4,6;;;2.0TD;SMT;;9820;0;08/08/2022 10:55;;;870292,195;4089207,385;-199853,279;4110003,4;;;;CT28 DEPOSITO AGUA;;;
R1-112;ES0157000041500641WX;KAM0027594383;41500641;;;;335475,355;4082732,05;440;0484601037LB368762205;Málaga;Ardales;;;112.LBT.D100000002;112.BTV.D100000579;;0,23;Fachada;2,3;;;2.0TD;SMT;;9820;0;31/05/2021 21:58;;;870295,382;4089204,575;-199850,458;4110000,199;;;;CT28 DEPOSITO AGUA;;;
R1-112;ES0157000041500643WN0F;KAM0027594387;41500643;;;;335476,355;4082744,05;441;0484600176LB368763288;Málaga;Ardales;;;112.LBT.D100000002;112.BTV.D100000591;;0,23;Fachada;3,45;;;2.0TD;SMT;;9820;0;31/05/2021 21:58;;;870295,626;4089216,631;-199848,693;4110012,18;;;;CT28 DEPOSITO AGUA;;;
R1-112;ES0157000041500644WJ;KAM0027594442;41500644;;;;335475,355;4082747,05;441;0484601363LB368763556;Málaga;Ardales;;;112.LBT.D100000002;112.BTV.D100000593;;0,23;Fachada;2,3;;;2.0TD;SMT;;9820;0;13/02/2022 19:19;;;870294,438;4089219,566;-199849,506;4110015,254;;;;CT28 DEPOSITO AGUA;;;
R1-112;ES0157000041600682MR;11309955;41600682;;;;335510,355;4082782,05;443;0484562869LB368766771;Málaga;Ardales;;;112.LBT.D100000002;112.BTV.D100000639;;0,23;Fachada;3,45;;;;MEC;;9820;0;05/04/2016 9:50;;;870327,213;4089256,747;-199812,154;4110048,162;;;;CT28 DEPOSITO AGUA;;;
R1-112;ES0157000041600684MA;KAM0027612660;41600684;;;;335512,355;4082771,05;443;0484560388LB368765783;Málaga;Ardales;;;112.LBT.D100000002;112.BTV.D100000621;;0,23;Fachada;3,45;;;2.0TD;SMT;;9820;0;31/05/2021 21:58;;;870329,904;4089245,88;-199810,845;4110036,994;;;;CT28 DEPOSITO AGUA;;;
R1-112;ES0157000041600685MG;KAM0027614485;41600685;;;;335525,355;4082739,05;451;0484545114LB368762922;Málaga;Ardales;;;112.LBT.D100000002;112.BTV.D100000530;;0,23;Fachada;6,9;;;2.0TD;SMT;;9820;0;31/05/2021 21:58;;;870344,91;4089214,718;-199799,829;4110004,05;;;;CT28 DEPOSITO AGUA;;;
R1-112;ES0157000041600688MF0F;27002194;41600688;;;;335564,354;4082666,04;457;0484499794LB368756413;Málaga;Ardales;;;112.LBT.D100000002;112.BTV.D100000784;;0,23;Fachada;2,3;;;2.0TD;MEC;;9820;0;31/05/2021 21:58;;;870388,48;4089144,208;-199765,321;4109928,294;;;;CT28 DEPOSITO AGUA;;;
R1-112;ES0157000041600705YR;KAM0027594689;41600705;;;;335522,355;4082723,05;445;0484548132LB368761476;Málaga;Ardales;;;112.LBT.D100000002;112.BTV.D100000803;;0,23;Fachada;4,6;;;2.0TD;SMT;;9820;0;31/05/2021 21:58;;;870342,919;4089198,539;-199803,856;4109988,181;;;;CT28 DEPOSITO AGUA;;;
R1-112;ES0157000041600710YY;15974222;41600710;;;;335542,355;4082691,05;451;0484525008LB368758627;Málaga;Ardales;;;112.LBT.D100000002;112.BTV.D100000789;;0,23;Fachada;3,45;;;2.0TD;MEC;;9820;0;09/12/2021 14:35;;;870364,92;4089167,818;-199785,813;4109954,793;;;;CT28 DEPOSITO AGUA;;;
R1-112;ES0157000041600712YP;15974230;41600712;;;;335548,355;4082681,05;452;0484518062LB368757737;Málaga;Ardales;;;112.LBT.D100000002;112.BTV.D100000791;;0,23;Fachada;2,3;;;2.0TD;MEC;;9820;0;31/05/2021 21:58;;;870371,546;4089158,202;-199780,426;4109944,375;;;;CT28 DEPOSITO AGUA;;;
R1-112;ES0157000041600713YD;KAM0027594611;41600713;;;;335552,354;4082673,05;457;0484513404LB368757023;Málaga;Ardales;;;112.LBT.D100000002;112.BTV.D100000792;;0,23;Fachada;4,6;;;2.0TD;SMT;;9820;0;31/05/2021 21:58;;;870376,046;4089150,458;-199776,92;4109936,092;;;;CT28 DEPOSITO AGUA;;;
R1-112;ES0157000041600714YX;KAM0027614179;41600714;;;;335554,354;4082671,05;458,5;0484511118LB368756846;Málaga;Ardales;;;112.LBT.D100000002;112.BTV.D100000793;;0,23;Fachada;3,45;;;2.0TD;SMT;;9820;0;31/05/2021 21:58;;;870378,171;4089148,585;-199775,04;4109933,958;;;;CT28 DEPOSITO AGUA;;;
R1-112;ES0157000041600953QL;KAM0027594573;41600953;;;;335514,355;4082767,05;443;0484558058LB368765426;Málaga;Ardales;;;112.LBT.D100000002;112.BTV.D100000624;;0,23;Fachada;3,45;;;2.0TD;SMT;;9820;0;22/04/2022 10:47;;;870332,154;4089242,008;-199809,092;4110032,852;;;;CT28 DEPOSITO AGUA;;;
R1-112;ES0157000041601272FQ0F;(error consulta Clientes);41601272;;;;335543,355;4082704,05;457,58;0484524168LB368759800;Málaga;Ardales;;;112.LBT.D100000002;112.BTV.D100000801;;0,23;Fachada;0;;;;;;;;;;;870365,102;4089180,872;-199783,984;4109967,778;;;;CT28 DEPOSITO AGUA;;;
R1-112;ES0157000041601308DY;15974283;41601308;;;;335541,355;4082710,05;450;0484526541LB368760337;Málaga;Ardales;;;112.LBT.D100000002;112.BTV.D100000802;;0,23;Fachada;3,45;;;;MEC;;9820;0;23/09/2009 22:52;;;870362,725;4089186,743;-199785,611;4109973,927;;;;CT28 DEPOSITO AGUA;;;
R1-112;ES0157000041700719FB;KAM0019150282;41700719;;;;335485,355;4082708,05;442,295;0484589302LB368760060;Málaga;Ardales;;;112.LBT.D100000002;112.BTV.D100000564;;0,23;Fachada;3,45;;;2.0TD;SMT;;9820;0;31/05/2021 21:58;;;870306,886;4089181,22;-199841,945;4109975,475;;;;CT28 DEPOSITO AGUA;;;
R1-112;ES0157000041700721FJ;KAM0029577442;41700721;;;;335491,355;4082697,05;439;0484582334LB368759079;Málaga;Ardales;;;112.LBT.D100000002;112.BTV.D100000567;;0,23;Fachada;3,45;;;;SMT;;9820;0;31/05/2021 21:58;;;870313,575;4089170,604;-199836,621;4109964,053;;;;CT28 DEPOSITO AGUA;;;
R1-112;ES0157000041700722FZ0F;KAM0027614161;41700722;;;;335492,355;4082691,05;450,065;0484581083LB368758540;Málaga;Ardales;;;112.LBT.D100000002;112.BTV.D100000561;;0,23;Fachada;3,45;;;2.0TD;SMT;;9820;0;06/03/2022 17:46;;;870314,952;4089164,671;-199835,998;4109957,968;;;;CT28 DEPOSITO AGUA;;;
R1-112;ES0157000041700727FL;KAM0027612306;41700727;;;;335504,355;4082661,05;446;0484566974LB368755858;Málaga;Ardales;;;112.LBT.D100000002;112.BTV.D100000537;;0,23;Fachada;3,45;;;2.0TD;SMT;;9820;0;09/07/2021 11:15;;;870328,832;4089135,445;-199825,859;4109927,095;;;;CT28 DEPOSITO AGUA;;;
R1-112;ES0157000041700728FC;375455;41700728;;;;335513,354;4082646,05;449;0484556557LB368754522;Málaga;Ardales;;;112.LBT.D100000002;112.BTV.D100000769;;0,23;Fachada;2,3;;;;MEC;;9820;0;23/09/2009 22:52;;;870338,77;4089121,02;-199817,779;4109911,468;;;;CT28 DEPOSITO AGUA;;;
R1-112;ES0157000041700735PG;KAM0019150245;41700735;;;;335494,355;4082705,05;439;0484579143LB368759805;Málaga;Ardales;;;112.LBT.D100000002;112.BTV.D100000571;;0,23;Fachada;3,45;;;2.0TD;SMT;;9820;0;28/10/2021 19:38;;;870316,069;4089178,788;-199833,102;4109971,893;;;;CT28 DEPOSITO AGUA;;;
R1-112;ES0157000041701156AB;KAM0020239394;41701156;;;;335528,354;4082617,05;457;0484539105LB368751935;Málaga;Ardales;;;112.LBT.D100000002;112.BTV.D100000762;;0,23;Fachada;3,45;;;2.0TD;SMT;;9820;0;31/05/2021 21:58;;;870355,586;4089092,983;-199804,564;4109881,408;;;;CT28 DEPOSITO AGUA;;;
R1-112;ES0157000041701270PX;KAM0019150285;41701270;;;;335515,355;4082666,05;452,075;0484554746LB368756328;Málaga;Ardales;;;112.LBT.D100000002;112.BTV.D100000774;;0,23;Fachada;3,45;;;2.0TD;SMT;;9820;0;09/06/2022 12:03;;;870339,511;4089141,134;-199814,5;4109931,415;;;;CT28 DEPOSITO AGUA;;;
R1-112;ES0157000041701327XK;KAM0027612350;41701327;;;;335499,355;4082693,05;445;0484573276LB368758733;Málaga;Ardales;;;112.LBT.D100000002;112.BTV.D100000550;;0,23;Fachada;5,75;;;2.0TD;SMT;;9820;0;11/11/2022 19:47;;;870321,821;4089167,11;-199828,845;4109959,531;;;;CT28 DEPOSITO AGUA;;;
R1-112;ES0157000041701411ZJ;KAM0020239479;41701411;;;;335502,355;4082667,05;451,08;0484569347LB368756395;Málaga;Ardales;;;112.LBT.D100000002;112.BTV.D100000535;;0,23;Fachada;4,6;;;2.0TD;SMT;;9820;0;31/07/2021 11:54;;;870326,456;4089141,315;-199827,485;4109933,244;;;;CT28 DEPOSITO AGUA;;;
R1-112;ES0157000041800745DX;11803447;41800745;;;;335544,354;4082633,05;457;0484521509LB368753405;Málaga;Ardales;;;112.LBT.D100000002;112.BTV.D100000776;;0,23;Fachada;3,45;;;;MEC;;9820;0;23/09/2009 22:52;;;870370,569;4089109,98;-199787,489;4109896,452;;;;CT28 DEPOSITO AGUA;;;
R1-112;ES0157000041800746DB;(error consulta Clientes);41800746;;;;335542,354;4082633,05;457;0484523752LB368753401;Málaga;Ardales;;;112.LBT.D100000002;112.BTV.D100000777;;0,23;Fachada;0;;;;;;;;;;;870368,57;4089109,854;-199789,497;4109896,579;;;;CT28 DEPOSITO AGUA;;;
R1-112;ES0157000041800747DN;(error consulta Clientes);41800747;;;;335593,354;4082687,04;465;0484467726LB368758355;Málaga;Ardales;;;112.LBT.D100000002;112.BTV.D100000391;;0,23;Fachada;0;;;;;;;;;;;870416,14;4089167,02;-199734,88;4109947,531;;;;CT28 DEPOSITO AGUA;;;
R1-112;ES0157000041801210YS0F;KAM0027281351;41801210;;;;335584,354;4082537,04;474;0484474568LB368744825;Málaga;Ardales;;;112.LBT.D200000128;112.BTV.D200000308;;0,4;Subterránea;1,038;;;2.0TD;SMT;;6010;0;31/05/2021 21:58;;;870416,586;4089016,547;-199753,437;4109797,547;;;;CT28 DEPOSITO AGUA;;;
R1-112;ES0157000041801398ZL;KAM0019248340;41801398;;;;335584,354;4082645,04;467;0484476909LB368754556;Málaga;Ardales;;;112.LBT.D100000002;112.BTV.D100000385;;0,23;Fachada;4,6;;;;SMT;;9820;0;31/05/2021 21:58;;;870409,789;4089124,48;-199746,58;4109905,947;;;;CT28 DEPOSITO AGUA;;;
R1-112;ES0157000041801694GQ;KAM0027612267;41801694;;;;335603,354;4082555,04;481;0484453650LB368746480;Málaga;Ardales;;;112.LBT.D200000129;112.BTV.T100000089;;0,23;Subterránea;3,45;;;2.0TD;SMT;;161;0;31/05/2021 21:58;;;870434,442;4089035,731;-199733,224;4109814,407;;;;CT28 DEPOSITO AGUA;;;
R1-112;ES0157000041900750XB;KAM0020239571;41900750;;;;335501,355;4082728,05;445;0484571792LB368761889;Málaga;Ardales;;;112.LBT.D100000002;112.BTV.D100000809;;0,23;Fachada;3,45;;;2.0TD;SMT;;9820;0;03/11/2022 13:41;;;870321,617;4089202,214;-199824,616;4109994,533;;;;CT28 DEPOSITO AGUA;;;
R1-112;ES0157000041900751XN;KAM0027612123;41900751;;;;335498,355;4082727,05;440;0484575134LB368761794;Málaga;Ardales;;;112.LBT.D100000002;112.BTV.D100000808;;0,23;Fachada;3,45;;;2.0TD;SMT;;9820;0;31/05/2021 21:58;;;870318,682;4089201,026;-199827,691;4109993,72;;;;CT28 DEPOSITO AGUA;;;
R1-112;ES0157000041900753XZ;KAM0027614009;41900753;;;;335477,355;4082718,05;440;0484598491LB368760947;Málaga;Ardales;;;112.LBT.D100000002;112.BTV.D100000713;;0,23;Fachada;2,3;;;2.0TD;SMT;;9820;0;31/05/2021 21:58;;;870298,262;4089190,71;-199849,34;4109986,02;;;;CT28 DEPOSITO AGUA;;;
R1-112;ES0157000041900755XQ;KAM0027594790;41900755;;;;335458,355;4082706,05;438;0484619539LB368759832;Málaga;Ardales;;;112.LBT.D100000002;112.BTV.D100000709;;0,23;Fachada;3,45;;;2.0TD;SMT;;9820;0;31/05/2021 21:58;;;870280,029;4089177,522;-199869,172;4109975,182;;;;CT28 DEPOSITO AGUA;;;
R1-112;ES0157000041900761XE;KAM0019150207;41900761;;;;335493,355;4082719,05;440;0484580568LB368761065;Málaga;Ardales;;;112.LBT.D100000002;112.BTV.D100000811;;0,23;Fachada;3,45;;;2.0TD;SMT;;9820;0;31/05/2021 21:58;;;870314,189;4089192,716;-199833,217;4109986,008;;;;CT28 DEPOSITO AGUA;;;
R1-112;ES0157000041900769BF;KAM0027613486;41900769;;;;335431,355;4082683,05;443;0484649320LB368757713;Málaga;Ardales;;;112.LBT.D100000002;112.BTV.D100000697;;0,23;Fachada;3,45;;;2.0TD;SMT;;9820;0;31/05/2021 21:58;;;870254,493;4089152,837;-199897,732;4109953,811;;;;CT28 DEPOSITO AGUA;;;
R1-112;ES0157000041900770BP0F;KAM0019878209;41900770;;;;335425,355;4082680,05;443;0484655984LB368757432;Málaga;Ardales;;;112.LBT.D100000002;112.BTV.D100000699;;0,23;Fachada;2,3;;;2.0TD;SMT;;9820;0;03/09/2021 19:25;;;870248,686;4089149,461;-199903,945;4109951,181;;;;CT28 DEPOSITO AGUA;;;
R1-112;ES0157000041901053TS0F;KAM0027613536;41901053;;;;335479,355;4082712,05;440;0484596118LB368760410;Málaga;Ardales;;;112.LBT.D100000002;112.BTV.D100000684;;0,23;Fachada;3,45;;;2.0TD;SMT;;9820;0;31/05/2021 21:58;;;870300,638;4089184,84;-199847,713;4109979,871;;;;CT28 DEPOSITO AGUA;;;
R1-112;ES0157000041901295BG0F;KAM0027614141;41901295;;;;335442,355;4082690,05;438;0484637136LB368758363;Málaga;Ardales;;;112.LBT.D100000002;112.BTV.D100000692;;0,23;Fachada;3,45;;;2.0TD;SMT;;9820;0;31/05/2021 21:58;;;870265,046;4089160,524;-199886,247;4109960,138;;;;CT28 DEPOSITO AGUA;;;
R1-112;ES0157000042000789JT0F;KAM0027614306;42000789;;;;335426,355;4082641,05;448;0484654016LB368753920;Málaga;Ardales;;;112.LBT.D100000002;112.BTV.D100000731;;0,23;Fachada;3,45;;;2.0TD;SMT;;9820;0;27/06/2022 11:46;;;870252,14;4089110,548;-199905,417;4109911,973;;;;CT28 DEPOSITO AGUA;;;
R1-112;ES0157000042001377SJ;KAM0027612125;42001377;;;;335417,355;4082677,05;442,215;0484664891LB368757148;Málaga;Ardales;;;112.LBT.D100000002;112.BTV.D100000715;;0,23;Fachada;3,45;;;2.0TD;SMT;;9820;0;31/05/2021 21:58;;;870240,88;4089145,959;-199912,165;4109948,678;;;;CT28 DEPOSITO AGUA;;;
R1-112;ES0157000042001716FF;KAM0027612043;42001716;;;;335406,355;4082707,05;434;0484677878LB368759832;Málaga;Ardales;;;112.LBT.D100000002;112.BTV.D100000742;;0,23;Fachada;4,6;;;2.0TD;SMT;;9820;0;31/05/2021 21:58;;;870227,998;4089175,248;-199921,301;4109979,487;;;;CT28 DEPOSITO AGUA;;;
R1-112;ES0157000042601061YH;14362902;42601061;;;;335692,355;4082769,04;439,465;0484358474LB368765916;Málaga;Ardales;;;112.LBT.D200000129;112.BTV.D100000002;;0,23;Subterránea;3,45;;;;MEC;;9820;0;23/09/2009 22:53;;;870509,919;4089255,2;-199630,307;4110023,548;;;;CT28 DEPOSITO AGUA;;;
R1-112;ES0157000042601062YL;KAM0027594416;42601062;;;;335692,355;4082769,04;439,465;0484358474LB368765916;Málaga;Ardales;;;112.LBT.D200000129;112.BTV.D100000002;;0,23;Subterránea;2,3;;;2.0TD;SMT;;9820;0;31/05/2021 21:58;;;870509,919;4089255,2;-199630,307;4110023,548;;;;CT28 DEPOSITO AGUA;;;
R1-112;ES0157000042601063YC;KAM0027594601;42601063;;;;335692,355;4082769,04;439,465;0484358474LB368765916;Málaga;Ardales;;;112.LBT.D200000129;112.BTV.D100000002;;0,23;Subterránea;3,45;;;2.0TD;SMT;;9820;0;31/05/2021 21:58;;;870509,919;4089255,2;-199630,307;4110023,548;;;;CT28 DEPOSITO AGUA;;;
R1-112;ES0157000042601064YK;KAM0027612368;42601064;;;;335692,355;4082769,04;439,465;0484358474LB368765916;Málaga;Ardales;;;112.LBT.D200000129;112.BTV.D100000002;;0,23;Subterránea;3,45;;;2.0TD;SMT;;9820;0;31/05/2021 21:58;;;870509,919;4089255,2;-199630,307;4110023,548;;;;CT28 DEPOSITO AGUA;;;
R1-112;ES0157000042601066FT;KAM0027612308;42601066;;;;335685,355;4082761,04;448;0484366151LB368765183;Málaga;Ardales;;;112.LBT.D200000129;112.BTV.D200000340;;0,23;Subterránea;3,45;;;2.0TD;SMT;;9820;0;31/05/2021 21:58;;;870503,426;4089246,764;-199637,841;4110015,963;;;;CT28 DEPOSITO AGUA;;;
R1-112;ES0157000042601067FR;KAM0027594588;42601067;;;;335685,355;4082761,04;448;0484366151LB368765183;Málaga;Ardales;;;112.LBT.D200000129;112.BTV.D200000340;;0,23;Subterránea;2,3;;;2.0TD;SMT;;9820;0;31/05/2021 21:58;;;870503,426;4089246,764;-199637,841;4110015,963;;;;CT28 DEPOSITO AGUA;;;
R1-112;ES0157000042601072FY0F;KAM0027612044;42601072;;;;335702,355;4082781,04;441;0484347518LB368767014;Málaga;Ardales;;;112.LBT.D200000129;112.BTV.D100000004;;0,23;Subterránea;3,45;;;2.0TD;SMT;;9820;0;18/10/2022 10:40;;;870519,157;4089267,822;-199619,508;4110034,958;;;;CT28 DEPOSITO AGUA;;;
R1-112;ES0157000042601180BE;KAM0029767004;42601180;;;;335718,354;4082675,04;443;0484327280LB368757492;Málaga;Ardales;;;112.LBT.D200000129;112.BTV.D100000036;;0,4;Fachada;5,32;;;2.0TD;SMT;;9820;0;31/05/2021 21:58;;;870541,818;4089162,895;-199610,18;4109927,55;;;;CT28 DEPOSITO AGUA;;;
R1-112;ES0157000042601293QC;KAM0027613308;42601293;;;;335719,354;4082685,04;443;0484326375LB368758394;Málaga;Ardales;;;112.LBT.D200000129;112.BTV.D100000034;;0,23;Fachada;2,3;;;2.0TD;SMT;;161;0;31/05/2021 21:58;;;870542,188;4089172,951;-199608,541;4109937,524;;;;CT28 DEPOSITO AGUA;;;
R1-112;ES0157000042601365CT0F;KAM0027594667;42601365;;;;335721,355;4082767,04;441;0484325907LB368765786;Málaga;Ardales;;;112.LBT.D200000129;112.BTV.T100000010;;0,23;Subterránea;4,6;;;2.0TD;SMT;;9820;0;31/05/2021 21:58;;;870539,026;4089255,027;-199601,327;4110019,7;;;;CT28 DEPOSITO AGUA;;;
R1-112;ES0157000042601402KZ;KAM0027613386;42601402;;;;335751,355;4082763,04;430;0484292175LB368765478;Málaga;Ardales;;;112.LBT.D200000129;112.BTV.D100000053;;0,23;Subterránea;4,6;;;2.0TD;SMT;;9820;0;04/07/2022 12:31;;;870569,26;4089252,917;-199571,47;4110013,78;;;;CT28 DEPOSITO AGUA;;;
R1-112;ES0157000045501669BG;KAM0029767002;45501669;;;;335756,355;4082807,04;431;0484287520LB368769451;Málaga;Ardales;;;112.LBT.D200000129;112.BTV.D100000015;;0,4;Subterránea;5,19;;;2.0TD;SMT;;9820;0;31/05/2021 21:58;;;870571,487;4089297,205;-199563,658;4110057,626;;;;CT28 DEPOSITO AGUA;;;
R1-112;ES0157000045601484AE;KAM0029767000;45601484;;;;335790,355;4082793,04;426;0484249086LB368768249;Málaga;Ardales;;;112.LBT.D200000129;112.BTV.D100000060;;0,4;Subterránea;9,7;;;2.0TD;SMT;;8412;0;31/05/2021 21:58;;;870606,347;4089285,353;-199530,421;4110041,415;;;;CT28 DEPOSITO AGUA;;;
R1-112;ES0157000050300203XW0F;14697802;50300203;;;;335563,356;4082850,05;431;0484504903LB368772990;Málaga;Ardales;;;112.LBT.D200000129;112.BTV.D100000524;;0,23;Fachada;2,3;;;2.0TD;MEC;;9820;0;31/05/2021 21:58;;;870375,901;4089328,04;-199754,64;4110113,048;;;;CT28 DEPOSITO AGUA;;;
R1-112;ES0157000050300216XS0F;KAM0027594580;50300216;;;;335632,355;4082808,04;451;0484426609LB368769325;Málaga;Ardales;;;112.LBT.D200000129;112.BTV.D100000485;;0,23;Fachada;3,45;;;2.0TD;SMT;;9820;0;31/05/2021 21:58;;;870447,501;4089290,399;-199688,053;4110066,502;;;;CT28 DEPOSITO AGUA;;;
R1-112;ES0157000050300226BW;KAM0019878275;50300226;;;;335674,355;4082744,04;447;0484378119LB368763632;Málaga;Ardales;;;112.LBT.D200000129;112.BTV.D200000320;;0,23;Fachada;4,6;;;2.0TD;SMT;;9820;0;31/05/2021 21:58;;;870493,503;4089229,083;-199649,961;4109999,599;;;;CT28 DEPOSITO AGUA;;;
R1-112;ES0157000050300228BG0F;KAM0027594332;50300228;;;;335654,355;4082785,04;443,09;0484401437LB368767291;Málaga;Ardales;;;112.LBT.D200000129;112.BTV.D100000476;;0,23;Fachada;3,45;;;2.0TD;SMT;;9820;0;31/05/2021 21:58;;;870470,935;4089268,798;-199667,432;4110042,02;;;;CT28 DEPOSITO AGUA;;;
R1-112;ES0157000050300231BF;KAM0019878248;50300231;;;;335609,355;4082815,05;440;0484452555LB368769916;Málaga;Ardales;;;112.LBT.D200000129;112.BTV.D100000498;;0,23;Fachada;3,45;;;2.0TD;SMT;;9820;0;31/05/2021 21:58;;;870424,074;4089295,957;-199710,693;4110074,998;;;;CT28 DEPOSITO AGUA;;;
R1-112;ES0157000050300237BJ;KAM0027594556;50300237;;;;335569,355;4082835,05;431;0484497849LB368771649;Málaga;Ardales;;;112.LBT.D200000129;112.BTV.D100000502;;0,23;Fachada;3,45;;;2.0TD;SMT;;9820;0;31/05/2021 21:58;;;870382,84;4089313,427;-199749,571;4110097,612;;;;CT28 DEPOSITO AGUA;;;
R1-112;ES0157000050300239BS0F;KAM0027612389;50300239;;;;335548,356;4082834,05;432,622;0484521378LB368771522;Málaga;Ardales;;;112.LBT.D200000129;112.BTV.D100000507;;0,23;Fachada;3,45;;;2.0TD;SMT;;9820;0;07/10/2021 19:52;;;870361,917;4089311,106;-199770,711;4110097,941;;;;CT28 DEPOSITO AGUA;;;
R1-112;ES0157000050300249NW;KAM0020239360;50300249;;;;335635,355;4082799,04;451;0484423049LB368768520;Málaga;Ardales;;;112.LBT.D200000129;112.BTV.D100000480;;0,23;Fachada;4,6;;;2.0TD;SMT;;9820;0;31/05/2021 21:58;;;870451,066;4089281,594;-199685,613;4110057,278;;;;CT28 DEPOSITO AGUA;;;
R1-112;ES0157000050301200FX0F;KAM0027613387;50301200;;;;335699,354;4082597,04;439;0484346898LB368750431;Málaga;Ardales;;;112.LBT.D200000129;112.BTV.D200000334;;0,23;Subterránea;3,45;;;2.0TD;SMT;;9821;0;31/05/2021 21:58;;;870527,739;4089083,747;-199634,202;4109850,468;;;;CT28 DEPOSITO AGUA;;;
R1-112;ES0157000050301201FB;KAM0027612252;50301201;;;;335699,354;4082597,04;439;0484346898LB368750431;Málaga;Ardales;;;112.LBT.D200000129;112.BTV.D200000334;;0,23;Subterránea;3,45;;;2.0TD;SMT;;9820;0;31/05/2021 21:58;;;870527,739;4089083,747;-199634,202;4109850,468;;;;CT28 DEPOSITO AGUA;;;
R1-112;ES0157000050301203FJ0F;KAM0027594627;50301203;;;;335699,354;4082689,04;356;0484348891LB368758720;Málaga;Ardales;;;112.LBT.D200000129;112.BTV.D200000325;;0,23;Aérea;3,45;;;2.0TD;SMT;;4339;0;31/05/2021 21:58;;;870521,948;4089175,69;-199628,361;4109942,808;;;;CT28 DEPOSITO AGUA;;;
R1-112;ES0157000050301416QL0F;KAM0027612249;50301416;;;;335548,356;4082853,05;431;0484521790LB368773234;Málaga;Ardales;;;112.LBT.D200000129;112.BTV.D100000522;;0,23;Fachada;4,6;;;2.0TD;SMT;;9820;0;24/10/2021 17:21;;;870360,722;4089330,094;-199769,505;4110117,012;;;;CT28 DEPOSITO AGUA;;;
R1-112;ES0157000050301670GC;KAM0027613113;50301670;;;;335600,355;4082825,05;440;0484462866LB368770801;Málaga;Ardales;;;112.LBT.D200000129;112.BTV.D100000496;;0,23;Fachada;2,3;;;2.0TD;SMT;;9820;0;31/05/2021 21:58;;;870414,45;4089305,385;-199719,091;4110085,607;;;;CT28 DEPOSITO AGUA;;;
R1-112;ES0157000050400266JS0F;(error consulta Clientes);50400266;;;;335529,355;4082800,05;442;0484541951LB368768425;Málaga;Ardales;;;112.LBT.D100000002;112.BTV.D100000649;;0,23;Fachada;0;;;;;;;;;;;870345,068;4089275,932;-199791,941;4110065,022;;;;CT28 DEPOSITO AGUA;;;
R1-112;ES0157000050500306QM0F;KAM0027594707;50500306;;;;335653,356;4082883,05;424;0484404681LB368776120;Málaga;Ardales;;;112.LBT.D200000129;112.BTV.D100000158;;0,23;Fachada;3,45;;;2.0TD;SMT;;9820;0;31/05/2021 21:58;;;870463,768;4089366,685;-199662,212;4110140,456;;;;CT28 DEPOSITO AGUA;;;
R1-112;ES0157000050500316QS0F;KAM0027612983;50500316;;;;335694,355;4082857,04;432;0484358137LB368773848;Málaga;Ardales;;;112.LBT.D200000129;112.BTV.D100000088;;0,23;Fachada;3,45;;;2.0TD;SMT;;9820;0;31/05/2021 21:58;;;870506,379;4089343,271;-199622,713;4110111,747;;;;CT28 DEPOSITO AGUA;;;
R1-112;ES0157000050500334VX;14697943;50500334;;;;335662,355;4082865,04;424;0484394199LB368774513;Málaga;Ardales;;;112.LBT.D200000129;112.BTV.D100000105;;0,23;Fachada;3,45;;;2.0TD;MEC;;9820;0;31/05/2021 21:58;;;870473,895;4089349,252;-199654,323;4110121,808;;;;CT28 DEPOSITO AGUA;;;
R1-112;ES0157000050501036RE0F;KAM0027613613;50501036;;;;335637,356;4082893,05;419;0484422842LB368776993;Málaga;Ardales;;;112.LBT.D200000129;112.BTV.D100000148;;0,23;Fachada;4,6;;;2.0TD;SMT;;9820;0;31/05/2021 21:58;;;870447,149;4089375,671;-199677,636;4110151,509;;;;CT28 DEPOSITO AGUA;;;
R1-112;ES0157000050501149YC0F;KAM0026733810;50501149;;;;335630,356;4082899,04;419;0484430823LB368777521;Málaga;Ardales;;;112.LBT.D200000129;112.BTV.D100000166;;0,23;Fachada;3,45;;;2.0TD;SMT;;9820;0;02/06/2022 14:02;;;870439,776;4089381,217;-199684,282;4110157,965;;;;CT28 DEPOSITO AGUA;;;
R1-112;ES0157000050501332ZL0F;KAM0027594781;50501332;;;;335602,356;4082909,05;415;0484462442LB368778373;Málaga;Ardales;;;112.LBT.D200000129;112.BTV.D100000200;;0,23;Fachada;3,45;;;2.0TD;SMT;;9001;0;31/05/2021 21:58;;;870411,163;4089389,458;-199711,75;4110169,79;;;;CT28 DEPOSITO AGUA;;;
R1-112;ES0157000050501353SV0F;KAM0027594595;50501353;;;;335629,356;4082889,05;419;0484431728LB368776618;Málaga;Ardales;;;112.LBT.D200000129;112.BTV.D100000143;;0,23;Fachada;4,6;;;2.0TD;SMT;;9820;0;31/05/2021 21:58;;;870439,405;4089371,17;-199685,92;4110148,002;;;;CT28 DEPOSITO AGUA;;;
R1-112;ES0157000050501380QK;KAM0026733846;50501380;;;;335770,355;4082810,04;430;0484271884LB368769746;Málaga;Ardales;;;112.LBT.D200000129;112.BTV.D100000013;;0,23;Subterránea;4,6;;;2.0TD;SMT;;9820;0;31/05/2021 21:58;;;870585,29;4089301,084;-199549,416;4110059,748;;;;CT28 DEPOSITO AGUA;;;
R1-112;ES0157000050501497ET;KAM0027594744;50501497;;;;335650,356;4082885,05;418;0484408089LB368776294;Málaga;Ardales;;;112.LBT.D200000129;112.BTV.D100000156;;0,23;Fachada;3,45;;;2.0TD;SMT;;9820;0;31/05/2021 21:58;;;870460,644;4089368,495;-199665,096;4110142,654;;;;CT28 DEPOSITO AGUA;;;
R1-112;ES0157000050600391CV;KAM0020239451;50600391;;;;335637,355;4082848,04;433;0484421868LB368772938;Málaga;Ardales;;;112.LBT.D200000129;112.BTV.D100000444;;0,23;Fachada;3,45;;;2.0TD;SMT;;9820;0;15/07/2021 12:59;;;870449,98;4089330,689;-199680,495;4110106,332;;;;CT28 DEPOSITO AGUA;;;
R1-112;ES0157000050600404KF;(error consulta Clientes);50600404;;;;335687,355;4082830,04;438;0484365403LB368771403;Málaga;Ardales;;;112.LBT.D200000129;112.BTV.D100000436;;0,23;Fachada;0;;;;;;;;;;;870501,082;4089315,848;-199631,453;4110085,091;;;;CT28 DEPOSITO AGUA;;;
R1-112;ES0157000050601086GE;KAM0027613015;50601086;;;;335668,355;4082840,04;432;0484386928LB368772271;Málaga;Ardales;;;112.LBT.D200000129;112.BTV.D100000438;;0,23;Fachada;3,45;;;2.0TD;SMT;;9820;0;31/05/2021 21:58;;;870481,465;4089324,645;-199649,888;4110096,335;;;;CT28 DEPOSITO AGUA;;;
R1-112;ES0157000050601095MP;KAM0020239287;50601095;;;;335653,355;4082850,04;432;0484403967LB368773146;Málaga;Ardales;;;112.LBT.D200000129;112.BTV.D100000439;;0,23;Fachada;3,45;;;2.0TD;SMT;;9820;0;16/06/2022 11:16;;;870465,845;4089333,695;-199664,309;4110107,324;;;;CT28 DEPOSITO AGUA;;;
R1-112;ES0157000050601123YJ;KAM0019878175;50601123;;;;335684,355;4082831,04;438;0484368789LB368771488;Málaga;Ardales;;;112.LBT.D200000129;112.BTV.D100000437;;0,23;Fachada;3,45;;;2.0TD;SMT;;9820;0;15/07/2021 12:54;;;870498,021;4089316,658;-199634,4;4110086,286;;;;CT28 DEPOSITO AGUA;;;
R1-112;ES0157000050601328SB0F;KAM0027594318;50601328;;;;335578,356;4082874,05;425;0484488600LB368775178;Málaga;Ardales;;;112.LBT.D200000129;112.BTV.D100000467;;0,23;Fachada;4,6;;;2.0TD;SMT;;9820;0;31/05/2021 21:58;;;870389,381;4089352,97;-199738,061;4110136,185;;;;CT28 DEPOSITO AGUA;;;
R1-112;ES0157000050601577AF0F;14411656;50601577;;;;335590,356;4082871,05;425;0484475077LB368774929;Málaga;Ardales;;;112.LBT.D200000129;112.BTV.D100000465;;0,23;Fachada;3,45;;;;MEC;;9820;0;02/04/2013 8:04;;;870401,562;4089350,727;-199726,207;4110132,412;;;;CT28 DEPOSITO AGUA;;;
R1-112;ES0157000051500642QW;KAM0020239459;51500642;;;;335476,355;4082728,05;440;0484599829LB368761846;Málaga;Ardales;;;112.LBT.D100000002;112.BTV.D100000580;;0,23;Fachada;2,3;;;2.0TD;SMT;;9820;0;10/06/2022 11:19;;;870296,633;4089200,641;-199849,708;4109996,12;;;;CT28 DEPOSITO AGUA;;;
R1-112;ES0157000051501250LN;KAM0027594727;51501250;;;;335473,355;4082753,05;435;0484603736LB368764093;Málaga;Ardales;;;112.LBT.D100000002;112.BTV.D100000595;;0,23;Fachada;3,45;;;2.0TD;SMT;;9820;0;31/05/2021 21:58;;;870292,061;4089225,436;-199851,132;4110021,403;;;;CT28 DEPOSITO AGUA;;;
R1-112;ES0157000051600686HL0F;KAM0026734007;51600686;;;;335545,355;4082700,05;451;0484521839LB368759443;Málaga;Ardales;;;112.LBT.D100000002;112.BTV.D100000798;;0,23;Fachada;3,45;;;2.0TD;SMT;;9820;0;31/05/2021 21:58;;;870367,352;4089177,001;-199782,231;4109963,636;;;;CT28 DEPOSITO AGUA;;;
R1-112;ES0157000051600699LD;KAM0027594342;51600699;;;;335506,355;4082769,05;443;0484567073LB368765592;Málaga;Ardales;;;112.LBT.D100000002;112.BTV.D100000613;;0,23;Fachada;2,3;;;2.0TD;SMT;;9820;0;31/05/2021 21:58;;;870324,034;4089243,503;-199816,994;4110035,367;;;;CT28 DEPOSITO AGUA;;;
R1-112;ES0157000051600700LX;KAM0026733798;51600700;;;;335507,355;4082767,05;445,88;0484565908LB368765414;Málaga;Ardales;;;112.LBT.D100000002;112.BTV.D100000615;;0,23;Fachada;3,45;;;2.0TD;SMT;;9820;0;31/05/2021 21:58;;;870325,159;4089241,568;-199816,118;4110033,297;;;;CT28 DEPOSITO AGUA;;;
R1-112;ES0157000051600715CW;KAM0027613666;51600715;;;;335557,354;4082665,05;457;0484507623LB368756311;Málaga;Ardales;;;112.LBT.D100000002;112.BTV.D100000794;;0,23;Fachada;3,45;;;2.0TD;SMT;;9820;0;22/06/2022 18:33;;;870381,547;4089142,778;-199772,409;4109927,745;;;;CT28 DEPOSITO AGUA;;;
R1-112;ES0157000051600716CA;KAM0026733857;51600716;;;;335561,354;4082659,04;457;0484503007LB368755777;Málaga;Ardales;;;112.LBT.D100000002;112.BTV.D100000783;;0,23;Fachada;3,45;;;2.0TD;SMT;;9820;0;11/05/2022 23:08;;;870385,922;4089137,023;-199768,776;4109921,459;;;;CT28 DEPOSITO AGUA;;;
R1-112;ES0157000051600718CM0F;15974284;51600718;;;;335566,354;4082653,04;459;0484497270LB368755245;Málaga;Ardales;;;112.LBT.D100000002;112.BTV.D100000781;;0,23;Fachada;3,45;;;2.0TD;MEC;;9820;0;31/05/2021 21:58;;;870391,297;4089131,342;-199764,139;4109915,119;;;;CT28 DEPOSITO AGUA;;;
R1-112;ES0157000051600914MV;KAM0027594431;51600914;;;;335549,355;4082693,05;456;0484517201LB368758820;Málaga;Ardales;;;112.LBT.D100000002;112.BTV.D100000799;;0,23;Fachada;4,6;;;2.0TD;SMT;;9820;0;31/05/2021 21:58;;;870371,79;4089170,257;-199778,66;4109956,356;;;;CT28 DEPOSITO AGUA;;;
R1-112;ES0157000051601048BJ;KAM0027594699;51601048;;;;335562,354;4082670,04;457;0484502124LB368756770;Málaga;Ardales;;;112.LBT.D100000002;112.BTV.D100000785;;0,23;Fachada;3,45;;;2.0TD;SMT;;9820;0;31/05/2021 21:58;;;870386,229;4089148,079;-199767,074;4109932,436;;;;CT28 DEPOSITO AGUA;;;
R1-112;ES0157000051601089JP;KAM0020239371;51601089;;;;335508,355;4082764,05;443;0484564722LB368765145;Málaga;Ardales;;;112.LBT.D100000002;112.BTV.D100000617;;0,23;Fachada;3,45;;;2.0TD;SMT;;9820;0;31/05/2021 21:58;;;870326,347;4089238,632;-199815,304;4110030,222;;;;CT28 DEPOSITO AGUA;;;
R1-112;ES0157000051601122ZH;KAM0027612105;51601122;;;;335559,354;4082674,05;457;0484505575LB368757125;Málaga;Ardales;;;112.LBT.D100000002;112.BTV.D100000787;;0,23;Fachada;5,75;;;2.0TD;SMT;;9820;0;03/01/2022 12:48;;;870382,979;4089151,898;-199769,831;4109936,651;;;;CT28 DEPOSITO AGUA;;;
R1-112;ES0157000051601154QG;KAM0027613740;51601154;;;;335555,354;4082677,05;457;0484510126LB368757388;Málaga;Ardales;;;112.LBT.D100000002;112.BTV.T100000088;;0,23;Fachada;3,45;;;2.0TD;SMT;;9820;0;31/05/2021 21:58;;;870378,792;4089154,645;-199773,655;4109939,916;;;;CT28 DEPOSITO AGUA;;;
R1-112;ES0157000051601230LB;(error consulta Clientes);51601230;;;;335530,355;4082719,05;450;0484539073LB368761129;Málaga;Ardales;;;112.LBT.D100000002;112.BTV.D100000797;;0,23;Fachada;0;;;;;;;;;;;870351,166;4089195,045;-199796,08;4109983,659;;;;CT28 DEPOSITO AGUA;;;
R1-112;ES0157000051700726KD;KAM0027614080;51700726;;;;335502,355;4082670,05;446;0484569412LB368756665;Málaga;Ardales;;;112.LBT.D100000002;112.BTV.D100000533;;0,23;Fachada;2,3;;;2.0TD;SMT;;9820;0;31/05/2021 21:58;;;870326,267;4089144,313;-199827,295;4109936,255;;;;CT28 DEPOSITO AGUA;;;
R1-112;ES0157000051700738KK;(error consulta Clientes);51700738;;;;335504,355;4082679,05;446;0484567365LB368757480;Málaga;Ardales;;;112.LBT.D100000002;112.BTV.D100000544;;0,23;Fachada;0;;;;;;;;;;;870327,699;4089153,434;-199824,716;4109945,161;;;;CT28 DEPOSITO AGUA;;;
R1-112;ES0157000051701007XZ;KAM0019248320;51701007;;;;335529,354;4082633,05;456,055;0484538331LB368753379;Málaga;Ardales;;;112.LBT.D100000002;112.BTV.D100000779;;0,23;Fachada;3,45;;;2.0TD;SMT;;9820;0;31/05/2021 21:58;;;870355,578;4089109,036;-199802,545;4109897,404;;;;CT28 DEPOSITO AGUA;;;
R1-112;ES0157000051800749TM;KAM0027612045;51800749;;;;335582,354;4082632,04;470;0484478870LB368753381;Málaga;Ardales;;;112.LBT.D100000002;112.BTV.D100000386;;0,23;Fachada;5,75;;;2.0TD;SMT;;9820;0;31/05/2021 21:58;;;870408,608;4089111,362;-199749,413;4109893,025;;;;CT28 DEPOSITO AGUA;;;
R1-112;ES0157000051801017BC;KAM0026733852;51801017;;;;335545,354;4082635,05;454;0484520431LB368753587;Málaga;Ardales;;;112.LBT.D100000002;112.BTV.D100000775;;0,23;Fachada;3,45;;;2.0TD;SMT;;9820;0;31/05/2021 21:58;;;870371,442;4089112,041;-199786,359;4109898,396;;;;CT28 DEPOSITO AGUA;;;
R1-112;ES0157000051900754RY;KAM0027614205;51900754;;;;335471,355;4082715,05;434;0484605155LB368760666;Málaga;Ardales;;;112.LBT.D100000002;112.BTV.D100000711;;0,23;Fachada;3,45;;;2.0TD;SMT;;9820;0;31/05/2021 21:58;;;870292,454;4089187,334;-199855,552;4109983,39;;;;CT28 DEPOSITO AGUA;;;
R1-112;ES0157000051900764RQ0F;KAM0027612757;51900764;;;;335466,355;4082704,05;438;0484610523LB368759666;Málaga;Ardales;;;112.LBT.D100000002;112.BTV.D100000678;;0,23;Fachada;0;;;2.0TD;SMT;;9820;0;31/05/2021 21:58;;;870288,15;4089176,026;-199861,269;4109972,667;;;;CT28 DEPOSITO AGUA;;;
R1-112;ES0157000051900766RH;KAM0027613813;51900766;;;;335461,355;4082701,05;438;0484616066LB368759387;Málaga;Ardales;;;112.LBT.D100000002;112.BTV.D100000674;;0,23;Fachada;3,45;;;2.0TD;SMT;;9820;0;04/08/2022 13:10;;;870283,342;4089172,713;-199866,478;4109969,973;;;;CT28 DEPOSITO AGUA;;;
R1-112;ES0157000051901145HY0F;KAM0027614259;51901145;;;;335496,355;4082720,05;440;0484577226LB368761160;Málaga;Ardales;;;112.LBT.D100000002;112.BTV.D100000810;;0,23;Fachada;3,45;;;2.0TD;SMT;;9820;0;31/05/2021 21:58;;;870317,124;4089193,904;-199830,142;4109986,821;;;;CT28 DEPOSITO AGUA;;;
R1-112;ES0157000052000895PM;KAM0027613505;52000895;;;;335418,355;4082672,05;438;0484663661LB368756699;Málaga;Ardales;;;112.LBT.D100000002;112.BTV.D100000717;;0,23;Fachada;3,45;;;2.0TD;SMT;;9820;0;31/05/2021 21:58;;;870242,194;4089141,025;-199911,478;4109943,596;;;;CT28 DEPOSITO AGUA;;;
R1-112;ES0157000052601056CG;KAM0027594344;52601056;;;;335717,355;4082799,04;440;0484331086LB368768662;Málaga;Ardales;;;112.LBT.D200000129;112.BTV.D100000006;;0,23;Subterránea;3,45;;;2.0TD;SMT;;9820;0;31/05/2021 21:58;;;870533,015;4089286,755;-199603,31;4110052,072;;;;CT28 DEPOSITO AGUA;;;
R1-112;ES0157000052601057CM;KAM0027612806;52601057;;;;335717,355;4082799,04;440;0484331086LB368768662;Málaga;Ardales;;;112.LBT.D200000129;112.BTV.D100000006;;0,23;Subterránea;2,3;;;2.0TD;SMT;;9820;0;31/05/2021 21:58;;;870533,015;4089286,755;-199603,31;4110052,072;;;;CT28 DEPOSITO AGUA;;;
R1-112;ES0157000052601058CY;KAM0027594620;52601058;;;;335717,355;4082799,04;440;0484331086LB368768662;Málaga;Ardales;;;112.LBT.D200000129;112.BTV.D100000006;;0,23;Subterránea;3,45;;;2.0TD;SMT;;9820;0;31/05/2021 21:58;;;870533,015;4089286,755;-199603,31;4110052,072;;;;CT28 DEPOSITO AGUA;;;
R1-112;ES0157000052601059CF;KAM0019878425;52601059;;;;335717,355;4082799,04;440;0484331086LB368768662;Málaga;Ardales;;;112.LBT.D200000129;112.BTV.D100000006;;0,23;Subterránea;3,45;;;2.0TD;SMT;;9820;0;31/05/2021 21:58;;;870533,015;4089286,755;-199603,31;4110052,072;;;;CT28 DEPOSITO AGUA;;;
R1-112;ES0157000052601060CP;KAM0027594658;52601060;;;;335717,355;4082799,04;440;0484331086LB368768662;Málaga;Ardales;;;112.LBT.D200000129;112.BTV.D100000006;;0,23;Subterránea;3,45;;;2.0TD;SMT;;9820;0;31/05/2021 21:58;;;870533,015;4089286,755;-199603,31;4110052,072;;;;CT28 DEPOSITO AGUA;;;
R1-112;ES0157000052601065CJ;KAM0027612797;52601065;;;;335692,355;4082769,04;439,465;0484358474LB368765916;Málaga;Ardales;;;112.LBT.D200000129;112.BTV.D100000002;;0,23;Subterránea;3,45;;;2.0TD;SMT;;9820;0;31/05/2021 21:58;;;870509,919;4089255,2;-199630,307;4110023,548;;;;CT28 DEPOSITO AGUA;;;
R1-112;ES0157000052601068CQ;KAM0019878322;52601068;;;;335685,355;4082761,04;448;0484366151LB368765183;Málaga;Ardales;;;112.LBT.D200000129;112.BTV.D200000340;;0,23;Subterránea;3,45;;;2.0TD;SMT;;9820;0;31/05/2021 21:58;;;870503,426;4089246,764;-199637,841;4110015,963;;;;CT28 DEPOSITO AGUA;;;
R1-112;ES0157000052601069CV;KAM0027612593;52601069;;;;335685,355;4082761,04;448;0484366151LB368765183;Málaga;Ardales;;;112.LBT.D200000129;112.BTV.D200000340;;0,23;Subterránea;3,45;;;2.0TD;SMT;;9820;0;31/05/2021 21:58;;;870503,426;4089246,764;-199637,841;4110015,963;;;;CT28 DEPOSITO AGUA;;;
R1-112;ES0157000052601070CH;KAM0027613593;52601070;;;;335685,355;4082761,04;448;0484366151LB368765183;Málaga;Ardales;;;112.LBT.D200000129;112.BTV.D200000340;;0,23;Subterránea;3,45;;;2.0TD;SMT;;9820;0;31/05/2021 21:58;;;870503,426;4089246,764;-199637,841;4110015,963;;;;CT28 DEPOSITO AGUA;;;
R1-112;ES0157000052601071CL;KAM0019878430;52601071;;;;335702,355;4082781,04;441;0484347518LB368767014;Málaga;Ardales;;;112.LBT.D200000129;112.BTV.D100000004;;0,23;Subterránea;3,45;;;2.0TD;SMT;;9820;0;31/05/2021 21:58;;;870519,157;4089267,822;-199619,508;4110034,958;;;;CT28 DEPOSITO AGUA;;;
R1-112;ES0157000052601076KR;KAM0027612689;52601076;;;;335702,355;4082781,04;441;0484347518LB368767014;Málaga;Ardales;;;112.LBT.D200000129;112.BTV.D100000004;;0,23;Subterránea;2,3;;;2.0TD;SMT;;9820;0;31/05/2021 21:58;;;870519,157;4089267,822;-199619,508;4110034,958;;;;CT28 DEPOSITO AGUA;;;
R1-112;ES0157000052601084KD;KAM0027594322;52601084;;;;335702,355;4082781,04;441;0484347518LB368767014;Málaga;Ardales;;;112.LBT.D200000129;112.BTV.D100000004;;0,23;Subterránea;3,45;;;2.0TD;SMT;;9820;0;31/05/2021 21:58;;;870519,157;4089267,822;-199619,508;4110034,958;;;;CT28 DEPOSITO AGUA;;;
R1-112;ES0157000052601126TM0F;56215711;52601126;;;;335706,355;4082745,04;443;0484342253LB368763778;Málaga;Ardales;;;112.LBT.D200000129;112.BTV.XX00000009;;0,38;Subterránea;2,771;;;3.0TD;MEC;;1071;0;04/01/2022 12:38;;;870525,42;4089232,096;-199617,779;4109998,571;;;;CT28 DEPOSITO AGUA;;;
R1-112;ES0157000052601162RH;KAM0027612452;52601162;;;;335702,355;4082781,04;441;0484347518LB368767014;Málaga;Ardales;;;112.LBT.D200000129;112.BTV.D100000004;;0,23;Subterránea;3,45;;;2.0TD;SMT;;9820;0;31/05/2021 21:58;;;870519,157;4089267,822;-199619,508;4110034,958;;;;CT28 DEPOSITO AGUA;;;
R1-112;ES0157000052601179WN0F;KAM0030989689;52601179;;;;335810,355;4082787,04;422;0484226526LB368767743;Málaga;Ardales;;;112.LBT.D200000129;112.BTV.D100000064;;0,23;Subterránea;4,6;;;2.0TD;SMT;;9820;0;18/01/2022 13:53;;;870626,712;4089280,616;-199510,728;4110034,123;;;;CT28 DEPOSITO AGUA;;;
R1-112;ES0157000052601181WZ;KAM0027612600;52601181;;;;335727,354;4082689,04;439;0484317489LB368758769;Málaga;Ardales;;;112.LBT.D200000129;112.BTV.D100000038;;0,23;Fachada;3,45;;;2.0TD;SMT;;9820;0;31/05/2021 21:58;;;870549,931;4089177,453;-199600,258;4109941,031;;;;CT28 DEPOSITO AGUA;;;
R1-112;ES0157000052601223GX;28734494;52601223;;;;335739,355;4082787,04;435;0484306153LB368767619;Málaga;Ardales;;;112.LBT.D200000129;112.BTV.D100000020;;0,23;Subterránea;5,75;;;2.0TD;MEC;;9820;0;19/09/2022 11:44;;;870555,756;4089276,147;-199581,99;4110038,631;;;;CT28 DEPOSITO AGUA;;;
R1-112;ES0157000052601228GS;11803449;52601228;;;;335773,355;4082791,04;421,668;0484268108LB368768039;Málaga;Ardales;;;112.LBT.D200000129;112.BTV.D100000046;;0,23;Subterránea;3,45;;;;MEC;;9820;0;04/10/2016 8:27;;;870589,484;4089282,285;-199547,611;4110040,487;;;;CT28 DEPOSITO AGUA;;;
R1-112;ES0157000052601252MQ0F;KAM0027612907;52601252;;;;335745,355;4082795,04;435;0484299597LB368768351;Málaga;Ardales;;;112.LBT.D200000129;112.BTV.D100000019;;0,23;Subterránea;4,6;;;2.0TD;SMT;;9820;0;31/05/2021 21:58;;;870561,249;4089284,52;-199575,46;4110046,28;;;;CT28 DEPOSITO AGUA;;;
R1-112;ES0157000052601279YC0F;KAM0019248370;52601279;;;;335747,355;4082798,04;435;0484297419LB368768624;Málaga;Ardales;;;112.LBT.D200000129;112.BTV.D100000017;;0,23;Subterránea;4,6;;;2.0TD;SMT;;9820;0;31/05/2021 21:58;;;870563,059;4089287,644;-199573,262;4110049,164;;;;CT28 DEPOSITO AGUA;;;
R1-112;ES0157000052601406ND;KAM0027594518;52601406;;;;335755,355;4082771,04;430;0484287862LB368766206;Málaga;Ardales;;;112.LBT.D200000129;112.BTV.D100000051;;0,23;Subterránea;4,6;;;2.0TD;SMT;;9820;0;31/05/2021 21:58;;;870572,754;4089261,164;-199566,947;4110021,556;;;;CT28 DEPOSITO AGUA;;;
R1-112;ES0157000052601453ZX0F;KAM0026733950;52601453;;;;335727,355;4082774,04;436;0484319329LB368766427;Málaga;Ardales;;;112.LBT.D200000129;112.BTV.D100000023;;0,23;Subterránea;3,45;;;2.0TD;SMT;;9820;0;31/05/2021 21:58;;;870544,582;4089262,4;-199594,86;4110026,345;;;;CT28 DEPOSITO AGUA;;;
R1-112;ES0157000052601723AG0F;KAM0029767044;52601723;;;;335717,354;4082732,04;443;0484329636LB368762626;Málaga;Ardales;;;112.LBT.D200000129;112.BTV.D100000030;;0,4;Fachada;1,6;;;3.0TD;SMT;;9820;0;10/09/2022 12:56;;;870537,231;4089219,796;-199607,565;4109984,824;;;;CT28 DEPOSITO AGUA;;;
R1-112;ES0157000054501611ZT0F;KAM0019878369;54501611;;;;335714,353;4082567,04;435,328;0484329428LB368747754;Málaga;Ardales;;;112.LBT.D200000129;112.BTV.D200000336;;0,23;Subterránea;4,6;;;2.0TD;SMT;;9820;0;31/05/2021 21:58;;;870544,616;4089054,71;-199621,052;4109819,405;;;;CT28 DEPOSITO AGUA;;;
R1-112;ES0157000055101548QM;KAM0027612448;55101548;;;;335593,354;4082681,04;464;0484467596LB368757815;Málaga;Ardales;;;112.LBT.D100000002;112.BTV.D100000389;;0,23;Fachada;4,6;;;2.0TD;SMT;;9820;0;20/07/2022 11:30;;;870416,518;4089161,024;-199735,261;4109941,508;;;;CT28 DEPOSITO AGUA;;;
R1-112;ES0157000055201464JD;KAM0027612594;55201464;;;;335745,355;4082758,04;426,353;0484298796LB368765017;Málaga;Ardales;;;112.LBT.D200000129;112.BTV.D100000055;;0,23;Subterránea;4,6;;;2.0TD;SMT;;9820;0;04/02/2022 10:42;;;870563,578;4089247,543;-199577,809;4110009,143;;;;CT28 DEPOSITO AGUA;;;
R1-112;ES0157000010202054NF0F;;;;;;335529,355;4082800,047;443,223;0484541951LB368768425;Málaga;Ardales;;;112.LBT.D100000002;112.BTV.D100000649;;;Fachada;;;;;;;;;;;;870345,068;4089275,928;-199791,941;4110065,018;;;;CT28 DEPOSITO AGUA;;;
R1-112;ES0157000010202082JN0F;;;;;;335508,355;4082671,046;447,402;0484562705LB368756766;Málaga;Ardales;;;112.LBT.D100000002;112.BTV.D100000552;;;Fachada;;;;;;;;;;;;870332,201;4089145,687;-199821,209;4109936,874;;;;CT28 DEPOSITO AGUA;;;
R1-112;ES0157000012002073MT0F;;;;;;335425,355;4082647,047;445,944;0484655268LB368754459;Málaga;Ardales;;;112.LBT.D100000002;112.BTV.D100000730;;;Fachada;;;;;;;;;;;;870250,763;4089116,478;-199906,04;4109918,055;;;;CT28 DEPOSITO AGUA;;;
R1-112;ES0157000010202081JB0F;;;;;;335508,355;4082671,046;447,402;0484562705LB368756766;Málaga;Ardales;;;112.LBT.D100000002;112.BTV.D100000552;;;Fachada;;;;;;;;;;;;870332,201;4089145,687;-199821,209;4109936,874;;;;CT28 DEPOSITO AGUA;;;
R1-112;ES0157000011802075AX0F;;;;;;335544,354;4082633,045;458,456;0484521509LB368753405;Málaga;Ardales;;;112.LBT.D100000002;112.BTV.D100000776;;;Fachada;;;;;;;;;;;;870370,569;4089109,974;-199787,49;4109896,447;;;;CT28 DEPOSITO AGUA;;;
R1-112;ES0157000010502097QS0F;;;;;;335790,042;4082796,317;419,966;0484249507LB368768543;Málaga;Ardales;;;112.LBT.D200000129;112.ACO.SG000691422;;;Subterránea;;;;;;;;;;;;870605,828;4089288,609;-199530,527;4110044,725;;;;CT28 DEPOSITO AGUA;;;
R1-112;ES0157000010602089VA0F;;;;;;335683,724;4082832,295;431,314;0484369523LB368771600;Málaga;Ardales;;;112.LBT.D200000129;112.ACO.SG000795034;S;;Fachada;;;;;;;;;;;;870497,312;4089317,873;-199634,954;4110087,585;;;;CT28 DEPOSITO AGUA;;;
