R1;Identificador;Identificador plan inversión;Padre;Denominación tramo;Número;Acometida;Código acometida;Tensión explotación (kV);Tensión construcción (kV);Longitud calculada (m);Longitud real (m);Situación;Tipo fase;Fase;Conductor;Sección del conductor (mm2);Intensidad máxima (A);Capacidad máxima (kVA);Capacidad calculada (kVA);Resistencia (Ω);Reactancia (Ω);Nº circuitos;Nº conductores;Fecha APM;Fecha baja;Fecha cesión;Fecha última inversión;Propiedad;% Financiado;Coordenada X inicio;Coordenada Y inicio;Coordenada Z inicio;Coordenada X fin;Coordenada Y fin;Coordenada Z fin;Nudo inicio;Nudo fin;CT AA;CCAA inicio;CCAA fin;Municipio;Provincia;Parroquia/población;Punto frontera;Titular;Expediente/CIE;Observaciones;Arqueta/apoyo Inicio;Arqueta/apoyo Fin;Nº segmentos;Borrado;Coordenada X inicio Z29;Coordenada Y inicio Z29;Coordenada X fin Z29;Coordenada Y fin Z29;Coordenada X inicio Z31;Coordenada Y inicio Z31;Coordenada X fin Z31;Coordenada Y fin Z31;Sustituye a;Sustituido por;Inspección;Excluido conectividad;Digitalizar;Presentar retribución
R1-112;'112.BTV.D100000392;;'112.LBT.D100000002;LP45 DEPÓSITO AGUA * Vano: 22-36;'22-36;No;;0,4;0,4;18,60107524;18,601;Fachada;Trifásico;;MANGUERA CU(4X6);6;83,8;58,05834307;;3,39;0,11;1;Simplex;9/2/1995, 0:00:00;;;;Propio;90;335553,354;4082640,0441;459;335568,354;4082651,0439;459;0484511567LB368754051;0484494983LB368755068;;Andalucía;Andalucía;Ardales;Málaga;;No;;;;;;1;;870379,1227;4089117,5357;870393,4211;4089129,4728;-199778,012;4109902,9003;-199762,2581;4109912,9885;;;;;;
R1-112;'112.BTV.D100000347;;'112.LBT.D200000129;LP36 CANTARRA,PRADO, AND NAVARRE * V: 252-253;'252-253;No;;0,4;0,4;2,23606798;2,236;Fachada;Trifásico;;MANGUERA CU(4X10);10;111,8;77,45731211;;1,9500000000000002;0,11;1;Simplex;9/2/1995, 0:00:00;;;;Propio;100;335551,356;4082852,0466;431;335549,356;4082853,0464;431;0484518404LB368773149;0484520669LB368773236;;Andalucía;Andalucía;Ardales;Málaga;;No;;;;;;1;;870363,7828;4089329,2805;870361,7211;4089330,1538;-199766,5575;4110115,814;-199768,5014;4110116,9445;;;;;;
R1-112;'112.BTV.D100000016;;'112.LBT.D200000129;LP36 CANTARRA,PRADO, AND NAVARRE * V: 28-29;'28-29;No;;0,4;0,4;5,65685425;5,657;Subterránea;Trifásico;;RV 4X50 AL;50;120;83,13843876;;0,387;0,1;1;Simplex;9/2/1995, 0:00:00;;;;Propio;100;335755,355;4082808,0416;431;335751,355;4082804,0423;431;0484288663LB368769539;0484293063LB368769172;;Andalucía;Andalucía;Ardales;Málaga;;No;;;;112.ARQ.SG000556552;112.ARQ.SG000556549;1;;870570,4247;4089298,1426;870566,6788;4089293,894;-199564,5979;4110058,6944;-199568,8667;4110054,9342;;;;;;
R1-112;'112.BTV.D100000308;;'112.LBT.D200000129;LP36 CANTARRA,PRADO, AND NAVARRE * V: 213-214;'213-214;No;;0,4;0,4;7,21110255;7,211;Fachada;Trifásico;;MANGUERA CU(4X10);10;111,8;77,45731211;;1,9500000000000002;0,11;1;Simplex;9/2/1995, 0:00:00;;;;Propio;100;335597,355;4082835,0452;440;335601,355;4082829,0455;440;0484466447LB368771697;0484461831LB368771164;;Andalucía;Andalucía;Ardales;Málaga;;No;;;;;;1;;870410,8232;4089315,1849;870415,1983;4089309,4407;-199721,4678;4110095,8292;-199717,8339;4110089,5534;;;;;;
R1-112;'112.BTV.D100000221;;'112.LBT.D200000129;LP36 CANTARRA,PRADO, AND NAVARRE * V: 137-AC1;'137-AC1;Sí;112-02802116;0,4;0,4;2;2;Fachada;Trifásico;;MANGUERA CU(4X10);10;111,8;77,45731211;;1,9500000000000002;0,11;1;Simplex;9/2/1995, 0:00:00;;;;Propio;100;335565,356;4082889,047;419;335565,356;4082887,047;419;0484503505LB368776507;0484503462LB368776327;;Andalucía;Andalucía;Ardales;Málaga;;No;;;;;;1;;870375,4452;4089367,1391;870375,5711;4089365,1403;-199750,1565;4110152,0624;-199750,2835;4110150,055;;;;;;
R1-112;'112.BTV.D100000191;;'112.LBT.D200000129;LP36 CANTARRA,PRADO, AND NAVARRE * V: 121-122;'121-122;No;;0,4;0,4;5,65685425;5,657;Fachada;Monofásico;;MANGUERA CU(2X4);4;43,2;29,92983795;;5,09;0,12000000000000001;1;Simplex;9/2/1995, 0:00:00;;;;Propio;100;335615,356;4082901,0463;420;335619,356;4082897,0456;420;0484447689LB368777675;0484443116LB368777322;;Andalucía;Andalucía;Ardales;Málaga;;No;;;;;;1;;870424,6588;4089382,2779;870428,9082;4089378,5314;-199699,2097;4110160,9315;-199695,4489;4110156,662;;;;;;
R1-112;'112.BTV.T100000091;;'112.LBT.D200000129;LP36 CANTARRA,PRADO, AND NAVARRE * V: 47-AC2;'47-AC2;Sí;112-04405042;0,4;0,4;2,23597854;2,236;Subterránea;Monofásico;;MANGUERA CU(2X16);16;177,8;123,18345343;;1,22;0,11;1;Simplex;9/2/1995, 0:00:00;;;;Propio;100;335764,355;4082783,042;430;335763,355;4082781,0424;430;0484278028LB368767302;0484279107LB368767121;;Andalucía;Andalucía;Ardales;Málaga;;No;;;;112.ARQ.SG000556563;;1;;870580,9926;4089273,7249;870580,1191;4089271,6636;-199557,1519;4110033,0309;-199558,2825;4110031,0874;;;;;;
R1-112;'112.BTV.D100000297;;'112.LBT.D200000129;LP36 CANTARRA,PRADO, AND NAVARRE * V: 202-203;'202-203;No;;0,4;0,4;3,60546807;10,63;Fachada;Trifásico;;MANGUERA CU(4X10);10;111,8;77,45731211;;1,9500000000000002;0,11;1;Simplex;9/2/1995, 0:00:00;;;;Propio;100;335657,355;4082783,0441;447;335655,355;4082786,0439;447;0484398030LB368767116;0484400338LB368767383;;Andalucía;Andalucía;Ardales;Málaga;;No;;;;;;1;;870474,0588;4089266,9925;870471,8712;4089269,8646;-199664,5474;4110039,8264;-199666,3644;4110042,9643;;;;;;
R1-112;'112.BTV.D100000481;;'112.LBT.D200000129;LP36 CANTARRA,PRADO, AND NAVARRE * V: 208-AC1;'208-AC1;Sí;112-02802174;0,4;0,4;1,41421356;1,4140000000000001;Fachada;Monofásico;;MANGUERA (2X6);6;55;38,10511777;;3,39;0,11;1;Simplex;9/2/1995, 0:00:00;;;;Propio;100;335659,355;4082786,0444;447;335660,355;4082787,0439;447;0484395852LB368767390;0484394752LB368767482;;Andalucía;Andalucía;Ardales;Málaga;;No;;;;;;1;;870475,8688;4089270,1168;870476,8052;4089271,1786;-199662,3495;4110042,7107;-199661,2823;4110043,6505;;;;;;
R1-112;'112.BTV.D100000688;;'112.LBT.D100000002;LP45 DEPÓSITO AGUA * Vano: 167-168;'167-168;No;;0,4;0,4;6,40312424;6,4030000000000005;Fachada;Trifásico;;MANGUERA CU(4X16);16;146,1;101,22104919;;1,22;0,11;1;Simplex;9/2/1995, 0:00:00;;;;Propio;90;335454,355;4082697,0465;438;335449,355;4082693,0467;438;0484623830LB368759015;0484629350LB368758645;;Andalucía;Andalucía;Ardales;Málaga;;No;;;;;;1;;870276,5978;4089168,2719;870271,8527;4089163,9598;-199873,7583;4109966,399;-199879,0308;4109962,7017;;;;;;
R1-112;'112.BTV.D100000405;;'112.LBT.D100000002;LP45 DEPÓSITO AGUA * Vano: 48-49;'48-49;No;;0,4;0,4;5;'7,8100000000000005;Fachada;Trifásico;;MANGUERA CU(4X6);6;83,8;58,05834307;;3,39;0,11;1;Simplex;9/2/1995, 0:00:00;;;;Propio;90;335546,355;4082685,0454;457;335549,355;4082681,0451;457;0484520392LB368758094;0484516941LB368757738;;Andalucía;Andalucía;Ardales;Málaga;;No;;;;;;1;;870369,2958;4089162,0686;870372,5457;4089158,2596;-199782,1798;4109948,5125;-199779,4227;4109944,3069;;;;;;
R1-112;'112.BTV.D100000298;;'112.LBT.D200000129;LP36 CANTARRA,PRADO, AND NAVARRE * V: 203-204;'203-204;No;;0,4;0,4;5,8310033500000005;5,831;Fachada;Trifásico;;MANGUERA CU(4X10);10;111,8;77,45731211;;1,9500000000000002;0,11;1;Simplex;9/2/1995, 0:00:00;;;;Propio;100;335655,355;4082786,0439;447;335650,355;4082789,044;447;0484400338LB368767383;0484406010LB368767645;;Andalucía;Andalucía;Ardales;Málaga;;No;;;;;;1;;870471,8712;4089269,8646;870466,6856;4089272,5481;-199666,3644;4110042,9643;-199671,1923;4110046,2929;;;;;;
R1-112;'112.BTV.D100000624;;'112.LBT.D100000002;LP45 DEPÓSITO AGUA * Vano: 130-AC1;'130-AC1;Sí;112-02804096;0,4;0,4;1;1;Fachada;Monofásico;;MANGUERA CU(2X4);4;43,2;29,92983795;;5,09;0,12000000000000001;1;Simplex;9/2/1995, 0:00:00;;;;Propio;90;335513,355;4082767,0459;443;335514,355;4082767,0465;443;0484559179LB368765424;0484558058LB368765426;;Andalucía;Andalucía;Ardales;Málaga;;No;;;;;;1;;870331,1553;4089241,941;870332,1547;4089242,0046;-199810,0958;4110032,9115;-199809,092;4110032,8486;;;;;;
R1-112;'112.BTV.D100000020;;'112.LBT.D200000129;LP36 CANTARRA,PRADO, AND NAVARRE * V: 30-AC2;'30-AC2;Sí;112-02802022;0,4;0,4;7,61577311;7,616;Subterránea;Monofásico;;MANGUERA CU(2X16);16;177,8;123,18345343;;1,22;0,11;1;Simplex;9/2/1995, 0:00:00;;;;Propio;100;335742,355;4082794,0417;435;335739,355;4082787,0419;435;0484302940LB368768255;0484306153LB368767619;;Andalucía;Andalucía;Ardales;Málaga;;No;;;;112.ARQ.SG000556539;;1;;870558,3139;4089283,3332;870555,7563;4089276,1489;-199578,5349;4110045,4681;-199581,9904;4110038,6328;;;;;;
R1-112;'112.BTV.D100000212;;'112.LBT.D200000129;LP36 CANTARRA,PRADO, AND NAVARRE * V: 133-134;'133-134;No;;0,4;0,4;3,6055512800000002;3,606;Fachada;Monofásico;;MANGUERA CU(2X6);6;114,3;'79,18936292000001;;3,39;0,11;1;Simplex;9/2/1995, 0:00:00;;;;Propio;100;335571,356;4082909,0466;414;335573,356;4082912,0468;414;0484497210LB368778319;0484495032LB368778593;;Andalucía;Andalucía;Ardales;Málaga;;No;;;;;;1;;870380,1826;4089387,5039;870381,9926;4089390,6281;-199742,8645;4110171,755;-199740,6667;4110174,6394;;;;;;
R1-112;'112.BTV.D100000720;;'112.LBT.D100000002;LP45 DEPÓSITO AGUA * Vano: 186-187;'186-187;No;;0,4;0,4;3,60563448;3,606;Fachada;Trifásico;;MANGUERA CU(4X10);10;111,8;77,45731211;;1,9500000000000002;0,11;1;Simplex;9/2/1995, 0:00:00;;;;Propio;90;335418,355;4082668,0468;438;335420,355;4082665,047;438;0484663574LB368756339;0484661266LB368756072;;Andalucía;Andalucía;Ardales;Málaga;;No;;;;;;1;;870242,4454;4089137,0245;870244,633;4089134,1524;-199911,7327;4109939,5775;-199909,9157;4109936,4396;;;;;;
R1-112;'112.BTV.D100000307;;'112.LBT.D200000129;LP36 CANTARRA,PRADO, AND NAVARRE * V: 196-213;'196-213;No;;0,4;0,4;85,00069339000001;85,726;Fachada;Trifásico;;MANGUERA CU(4X10);10;111,8;77,45731211;;1,9500000000000002;0,11;1;Simplex;9/2/1995, 0:00:00;;;;Propio;100;335663,729;4082781,9365;440;335597,355;4082835,0452;440;0484390857LB368767028;0484466447LB368771697;;Andalucía;Andalucía;Ardales;Málaga;;No;;;;;;4;;870480,4986;4089266,2868;870410,8232;4089315,1849;-199658,2202;4110038,31;-199721,4678;4110095,8292;;;;;;
R1-112;'112.BTV.D100000258;;'112.LBT.D200000129;LP36 CANTARRA,PRADO, AND NAVARRE * V: 159-164;'159-164;No;;0,4;0,4;8,06225775;8,062;Fachada;Trifásico;;MANGUERA CU(4X16);16;146,1;101,22104919;;1,22;0,11;1;Simplex;9/2/1995, 0:00:00;;;;Propio;100;335652,355;4082842,0446;432;335659,355;4082838,0436;432;0484404916LB368772424;0484396978LB368772075;;Andalucía;Andalucía;Ardales;Málaga;;No;;;;112.APO.SG000399999;;1;;870465,3485;4089325,6416;870472,5959;4089322,0837;-199665,8199;4110099,3625;-199659,0481;4110094,9023;;;;;;
R1-112;'112.BTV.D100000774;;'112.LBT.D100000002;LP45 DEPÓSITO AGUA * Vano: 20-AC1;'20-AC1;Sí;112-02804013;0,4;0,4;1,00000001;1;Fachada;Monofásico;;MANGUERA CU(2X4);4;43,2;29,92983795;;5,09;0,12000000000000001;1;Simplex;9/2/1995, 0:00:00;;;;Propio;90;335514,355;4082666,0446;446;335515,355;4082666,0453;446;0484555868LB368756326;0484554746LB368756328;;Andalucía;Andalucía;Ardales;Málaga;;No;;;;;;1;;870338,5116;4089141,0656;870339,511;4089141,1292;-199815,5045;4109931,473;-199814,5007;4109931,4102;;;;;;
R1-112;'112.BTV.D100000109;;'112.LBT.D200000129;LP36 CANTARRA,PRADO, AND NAVARRE * V: 80-81;'80-81;No;;0,4;0,4;3,6055512800000002;3,606;Fachada;Trifásico;;MANGUERA CU(4X16);16;146,1;101,22104919;;1,22;0,11;1;Simplex;9/2/1995, 0:00:00;;;;Propio;100;335666,355;4082864,044;424;335669,355;4082862,0437;424;0484389691LB368774430;0484386283LB368774255;;Andalucía;Andalucía;Ardales;Málaga;;No;;;;;;1;;870477,9551;4089348,5085;870481,0791;4089346,6983;-199650,3714;4110120,5544;-199647,4873;4110118,3562;;;;;;
R1-112;'112.BTV.D100000682;;'112.LBT.D100000002;LP45 DEPÓSITO AGUA * Vano: 164-AC1;'164-AC1;Sí;112-02804120;0,4;0,4;3,16227766;6,782;Fachada;Trifásico;;MANGUERA CU(4X10);10;111,8;77,45731211;;1,9500000000000002;0,11;1;Simplex;9/2/1995, 0:00:00;;;;Propio;90;335473,355;4082710,0476;440;335476,355;4082711,0473;440;0484602803LB368760219;0484599460LB368760314;;Andalucía;Andalucía;Ardales;Málaga;;No;;;;;;1;;870294,7677;4089182,4607;870297,7029;4089183,6486;-199853,8625;4109978,2419;-199850,788;4109979,0548;;;;;;
R1-112;'112.BTV.D100000739;;'112.LBT.D100000002;LP45 DEPÓSITO AGUA * Vano: 195-196;'195-196;No;;0,4;0,4;4,12310563;4,123;Fachada;Trifásico;;MANGUERA CU(4X10);10;111,8;77,45731211;;1,9500000000000002;0,11;1;Simplex;9/2/1995, 0:00:00;;;;Propio;90;335407,355;4082701,048;434;335406,355;4082705,0485;434;0484676627LB368759293;0484677835LB368759652;;Andalucía;Andalucía;Ardales;Málaga;;No;;;;;;1;;870229,3753;4089169,3127;870228,1242;4089173,2478;-199920,6782;4109973,3992;-199921,4278;4109977,478;;;;;;
R1-112;'112.BTV.D100000071;;'112.LBT.D200000129;LP36 CANTARRA,PRADO, AND NAVARRE * V: 61-62;'61-62;No;;0,4;0,4;1,41421356;1,4140000000000001;Fachada;Trifásico;;MANGUERA CU(4X16);16;146,1;101,22104919;;1,22;0,11;1;Simplex;9/2/1995, 0:00:00;;;;Propio;100;335695,355;4082855,0442;432;335696,355;4082854,0437;432;0484356972LB368773670;0484355829LB368773581;;Andalucía;Andalucía;Ardales;Málaga;;No;;;;;;1;;870507,5036;4089341,3396;870508,5658;4089340,4027;-199621,8356;4110109,6801;-199620,8955;4110108,6124;;;;;;
R1-112;'112.BTV.D100000073;;'112.LBT.D200000129;LP36 CANTARRA,PRADO, AND NAVARRE * V: 62-63;'62-63;No;;0,4;0,4;5,385164809999999;5,745;Fachada;Trifásico;;MANGUERA CU(4X16);16;146,1;101,22104919;;1,22;0,11;1;Simplex;9/2/1995, 0:00:00;;;;Propio;100;335696,355;4082854,0437;430;335701,355;4082852,0437;430;0484355829LB368773581;0484350178LB368773410;;Andalucía;Andalucía;Ardales;Málaga;;No;;;;;;1;;870508,5658;4089340,4027;870513,6886;4089338,7186;-199620,8955;4110108,6124;-199616,004;4110106,2876;;;;;;
R1-112;'112.BTV.D100000518;;'112.LBT.D200000129;LP36 CANTARRA,PRADO, AND NAVARRE * V: 247-AC1;'247-AC1;Sí;112-02802211;0,4;0,4;1,41414285;1,4140000000000001;Fachada;Monofásico;;MANGUERA (2X6);6;55;38,10511777;;3,39;0,11;1;Simplex;9/2/1995, 0:00:00;;;;Propio;100;335555,356;4082854,0459;431;335556,356;4082855,0465;431;0484513961LB368773336;0484512862LB368773428;;Andalucía;Andalucía;Ardales;Málaga;;No;;;;;;1;;870367,6544;4089331,5303;870368,5908;4089332,5932;-199762,4157;4110117,5667;-199761,3485;4110118,5075;;;;;;
R1-112;'112.BTV.P200000007;;'112.LBT.D200000129;LP36 CANTARRA,PRADO, AND NAVARRE * V: 267-268;'267-268;No;;0,4;0,4;1;1;Fachada;Trifásico;;RZ 3X95 AL /54.6;95;230;159,3486743;;0,193;0,09000000000000001;1;Simplex;9/2/2015, 0:00:00;;;;Propio;100;335601,356;4082870,0458;426;335602,356;4082870,0465;426;0484462719LB368774858;0484461597LB368774860;;Andalucía;Andalucía;Ardales;Málaga;;No;;;;;;1;;870412,6188;4089350,4156;870413,6181;4089350,4791;-199715,2297;4110130,7052;-199714,226;4110130,6424;;;;;;
R1-112;'112.BTV.D100000490;;'112.LBT.D200000129;LP36 CANTARRA,PRADO, AND NAVARRE * V: 217-AC1;'217-AC1;Sí;112-02802183;0,4;0,4;1,41421356;1,4140000000000001;Fachada;Monofásico;;MANGUERA (2X6);6;55;38,10511777;;3,39;0,11;1;Simplex;9/2/1995, 0:00:00;;;;Propio;100;335612,355;4082823,0449;440;335613,355;4082824,0456;440;0484449364LB368770642;0484448264LB368770734;;Andalucía;Andalucía;Ardales;Málaga;;No;;;;;;1;;870426,5691;4089304,1361;870427,5056;4089305,1991;-199707,1742;4110082,8321;-199706,1069;4110083,773;;;;;;
R1-112;'112.BTV.D100000671;;'112.LBT.D100000002;LP45 DEPÓSITO AGUA * Vano: 102-158;'102-158;No;;0,4;0,4;29,154810920000003;29,223;Fachada;Trifásico;;RZ 4X95 AL;95;230;159,3486743;;0,193;0,09000000000000001;1;Simplex;9/2/1995, 0:00:00;;;;Propio;90;335483,355;4082715,0463;438;335458,355;4082700,0469;438;0484591697LB368760687;0484619409LB368759292;;Andalucía;Andalucía;Ardales;Málaga;;No;;;;;;1;;870304,4468;4089188,0856;870280,4065;4089171,5221;-199843,5082;4109982,6241;-199869,553;4109969,1565;;;;;;
R1-112;'112.BTV.D100000595;;'112.LBT.D100000002;LP45 DEPÓSITO AGUA * Vano: 113-AC1;'113-AC1;Sí;112-02804084;0,4;0,4;1;1;Fachada;Monofásico;;MANGUERA CU(2X4);4;43,2;29,92983795;;5,09;0,12000000000000001;1;Simplex;9/2/1995, 0:00:00;;;;Propio;90;335472,355;4082753,0473;435;335473,355;4082753,0469;435;0484604857LB368764092;0484603736LB368764093;;Andalucía;Andalucía;Ardales;Málaga;;No;;;;;;1;;870291,062;4089225,3707;870292,0614;4089225,4331;-199852,1362;4110021,4642;-199851,1325;4110021,4002;;;;;;
R1-112;'112.BTV.D100000300;;'112.LBT.D200000129;LP36 CANTARRA,PRADO, AND NAVARRE * V: 205-206;'205-206;No;;0,4;0,4;7,21110255;7,211;Fachada;Trifásico;;MANGUERA CU(4X10);10;111,8;77,45731211;;1,9500000000000002;0,11;1;Simplex;9/2/1995, 0:00:00;;;;Propio;100;335646,355;4082792,0436;451;335640,355;4082796,0441;451;0484410561LB368767908;0484417377LB368768258;;Andalucía;Andalucía;Ardales;Málaga;;No;;;;;;1;;870462,4993;4089275,2941;870456,2511;4089278,9145;-199675,0167;4110049,5576;-199680,7849;4110053,9538;;;;;;
R1-112;'112.BTV.D100000521;;'112.LBT.D200000129;LP36 CANTARRA,PRADO, AND NAVARRE * V: 252-AC1;'252-AC1;Sí;112-02802214;0,4;0,4;1;1;Fachada;Monofásico;;MANGUERA (2X6);6;55;38,10511777;;3,39;0,11;1;Simplex;9/2/1995, 0:00:00;;;;Propio;100;335551,356;4082852,0466;431;335551,356;4082851,0466;431;0484518404LB368773149;0484518382LB368773059;;Andalucía;Andalucía;Ardales;Málaga;;No;;;;;;1;;870363,7828;4089329,2805;870363,8457;4089328,2811;-199766,5575;4110115,814;-199766,6209;4110114,8102;;;;;;
R1-112;'112.BTV.D100000160;;'112.LBT.D200000129;LP36 CANTARRA,PRADO, AND NAVARRE * V: 105-AC1;'105-AC1;Sí;112-02802087;0,4;0,4;1,42130222;1,4140000000000001;Fachada;Monofásico;;MANGUERA (2X6);6;55;38,10511777;;3,39;0,11;1;Simplex;9/2/1995, 0:00:00;;;;Propio;100;335656,356;4082880,0453;424;335657,356;4082881,0448;424;0484401252LB368775854;0484400152LB368775946;;Andalucía;Andalucía;Ardales;Málaga;;No;;;;;;1;;870466,9551;4089363,8705;870467,8916;4089364,9324;-199659,3915;4110137,2497;-199658,3243;4110138,1894;;;;;;
R1-112;'112.BTV.D100000153;;'112.LBT.D200000129;LP36 CANTARRA,PRADO, AND NAVARRE * V: 101-102;'101-102;No;;0,4;0,4;3,16545415;3,162;Fachada;Trifásico;;MANGUERA CU(4X10);10;111,8;77,45731211;;1,9500000000000002;0,11;1;Simplex;9/2/1995, 0:00:00;;;;Propio;100;335643,356;4082887,0456;419;335646,356;4082886,0454;419;0484415983LB368776463;0484412597LB368776378;;Andalucía;Andalucía;Ardales;Málaga;;No;;;;;;1;;870453,5227;4089370,0483;870456,5837;4089369,2375;-199671,9951;4110145,1013;-199669,0475;4110143,9069;;;;;;
R1-112;'112.BTV.D100000314;;'112.LBT.D200000129;LP36 CANTARRA,PRADO, AND NAVARRE * V: 213-220;'213-220;No;;0,4;0,4;7,80385161;'7,8100000000000005;Aérea;Trifásico;;RV 3X50 /50;50;155;107,38715007;;0,387;0,1;1;Simplex;9/2/1995, 0:00:00;;;;Propio;100;335597,355;4082835,0452;440;335591,355;4082830,0446;440;0484466447LB368771697;0484473068LB368771236;;Andalucía;Andalucía;Ardales;Málaga;;No;;;;;112.APO.SG000399952;1;;870410,8232;4089315,1849;870405,1417;4089309,8097;-199721,4678;4110095,8292;-199727,8074;4110091,191;;;;;;
R1-112;'112.BTV.D100000021;;'112.LBT.D200000129;LP36 CANTARRA,PRADO, AND NAVARRE * V: 30-31;'30-31;No;;0,4;0,4;15,62049935;15,652;Subterránea;Trifásico;;RV 4X50 AL;50;120;83,13843876;;0,387;0,1;1;Simplex;9/2/1995, 0:00:00;;;;Propio;100;335742,355;4082794,0417;436;335732,355;4082782,0416;436;0484302940LB368768255;0484313895LB368767157;;Andalucía;Andalucía;Ardales;Málaga;;No;;;;112.ARQ.SG000556539;112.ARQ.SG000556531;1;;870558,3139;4089283,3332;870549,0753;4089270,7111;-199578,5349;4110045,4681;-199589,3337;4110034,0585;;;;;;
R1-112;'112.BTV.D100000540;;'112.LBT.D100000002;LP45 DEPÓSITO AGUA * Vano: 79-84;'79-84;No;;0,4;0,4;3,6055512800000002;3,606;Aérea;Trifásico;;MANGUERA CU(4X10);10;111,8;77,45731211;;1,9500000000000002;0,11;1;Simplex;9/2/1995, 0:00:00;;;;Propio;90;335501,355;4082675,0464;446;335504,355;4082677,0461;446;0484570642LB368757114;0484567321LB368757300;;Andalucía;Andalucía;Ardales;Málaga;;No;;;;;112.APO.SG000399841;1;;870324,9531;4089149,2435;870327,8254;4089151,4308;-199827,9811;4109941,3334;-199824,8431;4109943,1501;;;;;;
R1-112;'112.BTV.D100000457;;'112.LBT.D200000129;LP36 CANTARRA,PRADO, AND NAVARRE * V: 178-AC1;'178-AC1;Sí;112-02802150;0,4;0,4;1;1;Fachada;Monofásico;;MANGUERA (2X6);6;55;38,10511777;;3,39;0,11;1;Simplex;9/2/1995, 0:00:00;;;;Propio;100;335610,356;4082872,0462;426;335610,356;4082873,0462;426;0484452668LB368775054;0484452690LB368775144;;Andalucía;Andalucía;Ardales;Málaga;;No;;;;;;1;;870421,4873;4089352,9811;870421,4243;4089353,9805;-199706,0694;4110132,1416;-199706,006;4110133,1453;;;;;;
R1-112;'112.BTV.D100000185;;'112.LBT.D200000129;LP36 CANTARRA,PRADO, AND NAVARRE * V: 117-118;'117-118;No;;0,4;0,4;4,47218068;4,472;Fachada;Monofásico;;MANGUERA CU(2X16);16;177,8;123,18345343;;1,22;0,11;1;Simplex;9/2/1995, 0:00:00;;;;Propio;100;335593,356;4082928,0466;415;335589,356;4082930,0463;415;0484472948LB368780070;0484477477LB368780243;;Andalucía;Andalucía;Ardales;Málaga;;No;;;;;;1;;870400,9731;4089407,8767;870396,8497;4089409,6233;-199719,5768;4110189,4285;-199723,4646;4110191,6895;;;;;;
R1-112;'112.BTV.D100000685;;'112.LBT.D100000002;LP45 DEPÓSITO AGUA * Vano: 159-166;'159-166;No;;0,4;0,4;5,83095189;5,831;Fachada;Trifásico;;MANGUERA CU(4X10);10;111,8;77,45731211;;1,9500000000000002;0,11;1;Simplex;9/2/1995, 0:00:00;;;;Propio;90;335457,355;4082699,0474;438;335452,355;4082696,0475;438;0484620508LB368759200;0484626051LB368758921;;Andalucía;Andalucía;Ardales;Málaga;;No;;;;;;1;;870279,47;4089170,4603;870274,6619;4089167,1476;-199870,6201;4109968,2167;-199875,8291;4109965,5232;;;;;;
R1-112;'112.BTV.D200000316;;'112.LBT.D200000129;LP36 CANTARRA,PRADO, AND NAVARRE * V: 7-8;'7-8;No;;0,4;0,4;22,8035085;22,804;Subterránea;Trifásico;;RV 3X240 AL /150;240;320;221,70250337;;0,125;0,08;1;Simplex;9/2/1995, 0:00:00;;;;Propio;100;335653,355;4082731,0433;460;335667,355;4082749,0427;460;0484401389LB368762424;0484386078LB368764070;;Andalucía;Andalucía;Ardales;Málaga;;No;;;;112.ARQ.SG000556479;112.ARQ.SG000556486;1;;870473,3342;4089214,7723;870486,1927;4089233,6416;-199671,8636;4109987,8873;-199656,6691;4110005,0644;;;;;;
R1-112;'112.BTV.D100000430;;'112.LBT.D100000002;LP45 DEPÓSITO AGUA * Vano: 72-74;'72-74;No;;0,4;0,4;4,12312988;4,123;Fachada;Trifásico;;MANGUERA CU(4X6);6;83,8;58,05834307;;3,39;0,11;1;Simplex;9/2/1995, 0:00:00;;;;Propio;90;335494,355;4082725,0456;440;335498,355;4082726,046;440;0484579577LB368761607;0484575113LB368761704;;Andalucía;Andalucía;Ardales;Málaga;;No;;;;112.APO.SG000399831;;1;;870314,8107;4089198,771;870318,7452;4089200,0225;-199831,8326;4109991,9621;-199827,7543;4109992,7122;;;;;;
R1-112;'112.BTV.D100000008;;'112.LBT.D200000129;LP36 CANTARRA,PRADO, AND NAVARRE * V: 25-26;'25-26;No;;0,4;0,4;16,40128044;16,523;Subterránea;Trifásico;;RV 4X95 AL;95;210;124,70765813999999;;0,33;0,09000000000000001;1;Simplex;9/2/1995, 0:00:00;;;;Propio;100;335742,355;4082831,0431;430;335755,355;4082821,0417;430;0484303741LB368771589;0484288945LB368770711;;Andalucía;Andalucía;Ardales;Málaga;;No;;;;112.ARQ.SG000556540;112.ARQ.SG000556553;1;;870555,985;4089320,3116;870569,6064;4089311,1346;-199576,1857;4110082,6062;-199563,7726;4110071,7425;;;;;;
R1-112;'112.BTV.D100000737;;'112.LBT.D100000002;LP45 DEPÓSITO AGUA * Vano: 194-195;'194-195;No;;0,4;0,4;13,92838828;13,928;Fachada;Trifásico;;MANGUERA CU(4X10);10;111,8;77,45731211;;1,9500000000000002;0,11;1;Simplex;9/2/1995, 0:00:00;;;;Propio;90;335412,355;4082688,0477;434;335407,355;4082701,048;434;0484670737LB368758131;0484676627LB368759293;;Andalucía;Andalucía;Ardales;Málaga;;No;;;;;;1;;870235,1904;4089156,6352;870229,3753;4089169,3127;-199916,485;4109960,0333;-199920,6782;4109973,3992;;;;;;
R1-112;'112.BTV.D100000383;;'112.LBT.D100000002;LP45 DEPÓSITO AGUA * Vano: 30-31;'30-31;No;;0,4;0,4;2,82842712;2,8280000000000003;Aérea;Trifásico;;MANGUERA CU(4X6);6;83,8;58,05834307;;3,39;0,11;1;Simplex;9/2/1995, 0:00:00;;;;Propio;90;335581,354;4082642,0445;467;335583,354;4082640,0447;467;0484480209LB368754280;0484477922LB368754103;;Andalucía;Andalucía;Ardales;Málaga;;No;;;;112.APO.SG000399935;112.APO.SG000399939;1;;870406,9794;4089121,2972;870409,104;4089119,4244;-199749,7814;4109903,1304;-199747,9009;4109900,9963;;;;;;
R1-112;'112.BTV.D100000455;;'112.LBT.D200000129;LP36 CANTARRA,PRADO, AND NAVARRE * V: 176-AC1;'176-AC1;Sí;112-02802148;0,4;0,4;1,41421356;1,4140000000000001;Fachada;Monofásico;;MANGUERA (2X6);6;55;38,10511777;;3,39;0,11;1;Simplex;9/2/1995, 0:00:00;;;;Propio;100;335621,356;4082868,0455;426;335622,356;4082869,0451;426;0484440245LB368774712;0484439145LB368774804;;Andalucía;Andalucía;Ardales;Málaga;;No;;;;;;1;;870432,7322;4089349,6753;870433,6687;4089350,7372;-199695,2827;4110127,4277;-199694,2156;4110128,3675;;;;;;
R1-112;'112.BTV.D100000438;;'112.LBT.D200000129;LP36 CANTARRA,PRADO, AND NAVARRE * V: 155-AC1;'155-AC1;Sí;112-02802131;0,4;0,4;1;1;Fachada;Monofásico;;MANGUERA (2X6);6;55;38,10511777;;3,39;0,11;1;Simplex;9/2/1995, 0:00:00;;;;Propio;100;335668,355;4082839,044;432;335668,355;4082840,044;432;0484386906LB368772181;0484386928LB368772271;;Andalucía;Andalucía;Ardales;Málaga;;No;;;;;;1;;870481,5274;4089323,6499;870481,4644;4089324,6493;-199649,9513;4110095,335;-199649,8878;4110096,3387;;;;;;
R1-112;'112.BTV.D200000331;;'112.LBT.D200000129;LP36 CANTARRA,PRADO, AND NAVARRE * V: 16-17;'16-17;No;;0,4;0,4;18,24828759;18,682;Subterránea;Trifásico;;RV 4X50 AL;50;120;83,13843876;;0,387;0,1;1;Simplex;9/2/1995, 0:00:00;;;;Propio;100;335701,354;4082651,0424;446;335698,354;4082633,0425;446;0484345825LB368755300;0484348800LB368753673;;Andalucía;Andalucía;Ardales;Málaga;;No;;;;112.APO.SG000400037;112.ARQ.SG000556503;1;;870526,3386;4089137,842;870524,4733;4089119,6644;-199628,7663;4109904,5431;-199632,9201;4109886,6671;;;;;;
R1-112;'112.BTV.D100000710;;'112.LBT.D100000002;LP45 DEPÓSITO AGUA * Vano: 181-182;'181-182;No;;0,4;0,4;15,811388299999999;16,31;Fachada;Trifásico;;MANGUERA CU(4X10);10;111,8;77,45731211;;1,9500000000000002;0,11;1;Simplex;9/2/1995, 0:00:00;;;;Propio;90;335459,355;4082705,0476;434;335472,355;4082714,047;434;0484618396LB368759744;0484604011LB368760578;;Andalucía;Andalucía;Ardales;Málaga;;No;;;;;;1;;870281,0911;4089176,5826;870293,5166;4089186,3947;-199868,2318;4109974,1122;-199854,6124;4109982,3196;;;;;;
R1-112;'112.BTV.D100000776;;'112.LBT.D100000002;LP45 DEPÓSITO AGUA * Vano: 24-AC1;'24-AC1;Sí;112-02804015;0,4;0,4;1;1;Fachada;Monofásico;;MANGUERA CU(2X6);6;114,3;'79,18936292000001;;3,39;0,11;1;Simplex;9/2/1995, 0:00:00;;;;Propio;90;335543,354;4082633,0453;457;335544,354;4082633,0449;457;0484522630LB368753403;0484521509LB368753405;;Andalucía;Andalucía;Ardales;Málaga;;No;;;;;;1;;870369,5694;4089109,912;870370,5688;4089109,9744;-199788,4933;4109896,5105;-199787,4896;4109896,4466;;;;;;
R1-112;'112.BTV.D100000133;;'112.LBT.D200000129;LP36 CANTARRA,PRADO, AND NAVARRE * V: 91-AC1;'91-AC1;Sí;112-02802074;0,4;0,4;1,41421356;1,4140000000000001;Fachada;Monofásico;;MANGUERA CU(2X4);4;43,2;29,92983795;;5,09;0,12000000000000001;1;Simplex;9/2/1995, 0:00:00;;;;Propio;100;335654,356;4082872,045;424;335653,356;4082871,0454;424;0484403321LB368775130;0484404421LB368775038;;Andalucía;Andalucía;Ardales;Málaga;;No;;;;;;1;;870465,46;4089355,7493;870464,5235;4089354,6875;-199661,9068;4110129,3468;-199662,974;4110128,407;;;;;;
R1-112;'112.BTV.D100000596;;'112.LBT.D100000002;LP45 DEPÓSITO AGUA * Vano: 113-114;'113-114;No;;0,4;0,4;4,12310563;4,123;Fachada;Trifásico;;MANGUERA CU(4X10);10;111,8;77,45731211;;1,9500000000000002;0,11;1;Simplex;9/2/1995, 0:00:00;;;;Propio;90;335472,355;4082753,0473;435;335471,355;4082757,0467;435;0484604857LB368764092;0484606066LB368764450;;Andalucía;Andalucía;Ardales;Málaga;;No;;;;;;1;;870291,062;4089225,3707;870289,8109;4089229,3046;-199852,1362;4110021,4642;-199852,886;4110025,5419;;;;;;
R1-112;'112.BTV.D100000306;;'112.LBT.D200000129;LP36 CANTARRA,PRADO, AND NAVARRE * V: 211-212;'211-212;No;;0,4;0,4;18,60699062;18,601;Fachada;Trifásico;;MANGUERA CU(4X10);10;111,8;77,45731211;;1,9500000000000002;0,11;1;Simplex;9/2/1995, 0:00:00;;;;Propio;100;335646,355;4082797,0437;451;335631,355;4082808,045;451;0484410670LB368768359;0484427731LB368769324;;Andalucía;Andalucía;Ardales;Málaga;;No;;;;;;1;;870462,1845;4089280,291;870446,5014;4089290,3414;-199674,6993;4110054,5761;-199689,0562;4110066,5705;;;;;;
R1-112;'112.BTV.D100000747;;'112.LBT.D100000002;LP45 DEPÓSITO AGUA * Vano: 200-AC1;'200-AC1;Sí;112-02804149;0,4;0,4;1,41421356;1,4140000000000001;Fachada;Monofásico;;MANGUERA (2X6);6;55;38,10511777;;3,39;0,11;1;Simplex;9/2/1995, 0:00:00;;;;Propio;90;335405,355;4082725,048;432;335406,355;4082724,0486;432;0484679390LB368761452;0484678247LB368761364;;Andalucía;Andalucía;Ardales;Málaga;;No;;;;;;1;;870225,8661;4089193,1719;870226,9284;4089192,2361;-199921,1618;4109997,615;-199920,2215;4109996,5485;;;;;;
R1-112;'112.BTV.D100000277;;'112.LBT.D200000129;LP36 CANTARRA,PRADO, AND NAVARRE * V: 182-183;'182-183;No;;0,4;0,4;1,41421356;1,4140000000000001;Fachada;Trifásico;;MANGUERA CU(4X10);10;111,8;77,45731211;;1,9500000000000002;0,11;1;Simplex;9/2/1995, 0:00:00;;;;Propio;100;335592,356;4082871,0466;425;335591,356;4082872,046;425;0484472834LB368774932;0484473977LB368775021;;Andalucía;Andalucía;Ardales;Málaga;;No;;;;112.APO.SG000399954;;1;;870403,5613;4089350,8493;870402,499;4089351,7851;-199724,1995;4110132,2812;-199725,1398;4110133,3477;;;;;;
R1-112;'112.BTV.D100000547;;'112.LBT.D100000002;LP45 DEPÓSITO AGUA * Vano: 87-88;'87-88;No;;0,4;0,4;5,385164809999999;5,477;Fachada;Trifásico;;MANGUERA CU(4X10);10;111,8;77,45731211;;1,9500000000000002;0,11;1;Simplex;9/2/1995, 0:00:00;;;;Propio;90;335501,355;4082683,0464;445;335499,355;4082688,0463;445;0484570816LB368757835;0484573167LB368758282;;Andalucía;Andalucía;Ardales;Málaga;;No;;;;;;1;;870324,4496;4089157,2386;870322,1362;4089162,1095;-199827,4732;4109949,3631;-199829,1632;4109954,5084;;;;;;
R1-112;'112.BTV.D100000661;;'112.LBT.D100000002;LP45 DEPÓSITO AGUA * Vano: 152-153;'152-153;No;;0,4;0,4;7,07106781;9,95;Fachada;Trifásico;;MANGUERA CU(4X10);10;111,8;77,45731211;;1,9500000000000002;0,11;1;Simplex;9/2/1995, 0:00:00;;;;Propio;90;335570,355;4082808,0463;440;335577,355;4082809,0464;440;0484496143LB368769218;0484488314LB368769320;;Andalucía;Andalucía;Ardales;Málaga;;No;;;;;;1;;870385,5393;4089286,5034;870392,472;4089287,9435;-199750,2818;4110070,4447;-199743,1924;4110071,0041;;;;;;
R1-112;'112.BTV.D100000669;;'112.LBT.D100000002;LP45 DEPÓSITO AGUA * Vano: 157-AC1;'157-AC1;Sí;112-02804114;0,4;0,4;1;1;Fachada;Monofásico;;MANGUERA CU(2X4);4;43,2;29,92983795;;5,09;0,12000000000000001;1;Simplex;9/2/1995, 0:00:00;;;;Propio;90;335604,355;4082804,0451;452;335604,355;4082803,0451;452;0484457925LB368768916;0484457903LB368768826;;Andalucía;Andalucía;Ardales;Málaga;;No;;;;;;1;;870419,77;4089284,6446;870419,8329;4089283,6452;-199716,41;4110064,27;-199716,4736;4110063,2663;;;;;;
R1-112;'112.BTV.D100000492;;'112.LBT.D200000129;LP36 CANTARRA,PRADO, AND NAVARRE * V: 219-AC1;'219-AC1;Sí;112-02802185;0,4;0,4;0,9901000000000001;1;Fachada;Monofásico;;MANGUERA (2X6);6;55;38,10511777;;3,39;0,11;1;Simplex;9/2/1995, 0:00:00;;;;Propio;100;335622,355;4082815,0447;440;335622,355;4082816,0447;440;0484437976LB368769939;0484437998LB368770029;;Andalucía;Andalucía;Ardales;Málaga;;No;;;;;;1;;870437,0665;4089296,7703;870437,0035;4089297,7697;-199697,6451;4110074,1675;-199697,5817;4110075,1712;;;;;;
R1-112;'112.BTV.D100000093;;'112.LBT.D200000129;LP36 CANTARRA,PRADO, AND NAVARRE * V: 72-73;'72-73;No;;0,4;0,4;6,70820393;6,708;Fachada;Trifásico;;MANGUERA CU(4X10);10;111,8;77,45731211;;1,9500000000000002;0,11;1;Simplex;9/2/1995, 0:00:00;;;;Propio;100;335685,355;4082862,0443;424;335679,355;4082865,0437;424;0484368339LB368774283;0484375133LB368774543;;Andalucía;Andalucía;Ardales;Málaga;;No;;;;;;1;;870497,0692;4089347,7059;870490,8841;4089350,3258;-199631,4281;4110117,341;-199637,2599;4110120,7324;;;;;;
R1-112;'112.BTV.D100000050;;'112.LBT.D200000129;LP36 CANTARRA,PRADO, AND NAVARRE * V: 47-48;'47-48;No;;0,4;0,4;8,485281370000001;8,485;Subterránea;Trifásico;;RV 4X50 AL;50;120;83,13843876;;0,387;0,1;1;Simplex;9/2/1995, 0:00:00;;;;Propio;100;335764,355;4082783,042;430;335758,355;4082777,0423;430;0484278028LB368767302;0484284627LB368766751;;Andalucía;Andalucía;Ardales;Málaga;;No;;;;112.ARQ.SG000556563;112.ARQ.SG000556558;1;;870580,9926;4089273,7249;870575,3739;4089267,3514;-199557,1519;4110033,0309;-199563,555;4110027,39;;;;;;
R1-112;'112.BTV.D100000729;;'112.LBT.D100000002;LP45 DEPÓSITO AGUA * Vano: 191-AC1;'191-AC1;Sí;112-02804140;0,4;0,4;1;1;Fachada;Monofásico;;MANGUERA (2X6);6;55;38,10511777;;3,39;0,11;1;Simplex;9/2/1995, 0:00:00;;;;Propio;90;335424,355;4082649,0471;448;335425,355;4082649,0467;448;0484656433LB368754638;0484655311LB368754639;;Andalucía;Andalucía;Ardales;Málaga;;No;;;;;;1;;870249,6375;4089118,4143;870250,6369;4089118,4768;-199906,9167;4109920,1266;-199905,913;4109920,0626;;;;;;
R1-112;'112.BTV.D100000689;;'112.LBT.D100000002;LP45 DEPÓSITO AGUA * Vano: 168-169;'168-169;No;;0,4;0,4;5;5;Aérea;Trifásico;;MANGUERA CU(4X16);16;146,1;101,22104919;;1,22;0,11;1;Simplex;9/2/1995, 0:00:00;;;;Propio;90;335449,355;4082693,0467;438;335445,355;4082690,0474;438;0484629350LB368758645;0484633771LB368758368;;Andalucía;Andalucía;Ardales;Málaga;;No;;;;;112.APO.SG000399787;1;;870271,8527;4089163,9598;870268,0439;4089160,7107;-199879,0308;4109962,7017;-199883,236;4109959,9454;;;;;;
R1-112;'112.BTV.D100000765;;'112.LBT.D100000002;LP45 DEPÓSITO AGUA * Vano: 7-AC1;'7-AC1;Sí;112-02804004;0,4;0,4;1,41421356;1,4140000000000001;Fachada;Monofásico;;MANGUERA CU(2X10);10;135,9;94,1542819;;1,9500000000000002;0,11;1;Simplex;9/2/1995, 0:00:00;;;;Propio;90;335527,354;4082621,0449;457;335526,354;4082620,0454;457;0484540314LB368752294;0484541413LB368752202;;Andalucía;Andalucía;Ardales;Málaga;;No;;;;;;1;;870354,3347;4089096,912;870353,3983;4089095,8502;-199805,3143;4109885,4815;-199806,3815;4109884,5418;;;;;;
R1-112;'112.BTV.D100000157;;'112.LBT.D200000129;LP36 CANTARRA,PRADO, AND NAVARRE * V: 103-104;'103-104;No;;0,4;0,4;3,6055512800000002;7;Fachada;Trifásico;;MANGUERA CU(4X10);10;111,8;77,45731211;;1,9500000000000002;0,11;1;Simplex;9/2/1995, 0:00:00;;;;Propio;100;335649,356;4082884,0451;424;335652,356;4082882,0449;424;0484409189LB368776203;0484405781LB368776028;;Andalucía;Andalucía;Ardales;Málaga;;No;;;;;;1;;870459,7077;4089367,4273;870462,8318;4089365,6171;-199666,1634;4110141,7088;-199663,2793;4110139,5106;;;;;;
R1-112;'112.BTV.D100000520;;'112.LBT.D200000129;LP36 CANTARRA,PRADO, AND NAVARRE * V: 251-AC1;'251-AC1;Sí;112-02802213;0,4;0,4;1;1;Fachada;Monofásico;;MANGUERA (2X6);6;55;38,10511777;;3,39;0,11;1;Simplex;9/2/1995, 0:00:00;;;;Propio;100;335555,356;4082849,0458;431;335556,356;4082849,0465;431;0484513853LB368772886;0484512732LB368772887;;Andalucía;Andalucía;Ardales;Málaga;;No;;;;;;1;;870367,9691;4089326,5333;870368,9685;4089326,5969;-199762,7332;4110112,5481;-199761,7295;4110112,4853;;;;;;
R1-112;'112.BTV.D100000121;;'112.LBT.D200000129;LP36 CANTARRA,PRADO, AND NAVARRE * V: 86-AC1;'86-AC1;Sí;112-02802067;0,4;0,4;1;1;Fachada;Monofásico;;MANGUERA (2X2.5);2,5;31,7;21,962404239999998;;8,21;0,12000000000000001;1;Simplex;9/2/1995, 0:00:00;;;;Propio;100;335700,355;4082845,0441;430;335699,355;4082845,0445;430;0484351148LB368772777;0484352269LB368772776;;Andalucía;Andalucía;Ardales;Málaga;;No;;;;;;1;;870513,1299;4089331,6604;870512,1304;4089331,5979;-199617,452;4110099,3256;-199618,4557;4110099,3895;;;;;;
R1-112;'112.BTV.D100000361;;'112.LBT.D100000002;LP45 DEPÓSITO AGUA * Vano: 8-9;'8-9;No;;0,4;0,4;5,385164809999999;5,385;Fachada;Trifásico;;MANGUERA CU(4X6);6;83,8;58,05834307;;3,39;0,11;1;Simplex;9/2/1995, 0:00:00;;;;Propio;90;335523,354;4082628,0446;450;335521,3541;4082633,0456;450;0484544951LB368752918;0484547303LB368753365;;Andalucía;Andalucía;Ardales;Málaga;;No;;;;;;1;;870349,8966;4089103,6556;870347,5832;4089108,5276;-199808,8848;4109892,7611;-199810,5746;4109897,9075;;;;;;
R1-112;'112.BTV.D100000480;;'112.LBT.D200000129;LP36 CANTARRA,PRADO, AND NAVARRE * V: 207-AC1;'207-AC1;Sí;112-02802173;0,4;0,4;1;1;Fachada;Monofásico;;MANGUERA (2X6);6;55;38,10511777;;3,39;0,11;1;Simplex;9/2/1995, 0:00:00;;;;Propio;100;335636,355;4082799,0438;451;335635,355;4082799,0442;451;0484421928LB368768521;0484423049LB368768520;;Andalucía;Andalucía;Ardales;Málaga;;No;;;;;;1;;870452,0649;4089281,6605;870451,0655;4089281,598;-199684,6092;4110057,2185;-199685,6129;4110057,2824;;;;;;
R1-112;'112.BTV.D100000473;;'112.LBT.D200000129;LP36 CANTARRA,PRADO, AND NAVARRE * V: 199-AC1;'199-AC1;Sí;112-02802166;0,4;0,4;1;1;Fachada;Monofásico;;MANGUERA (2X6);6;55;38,10511777;;3,39;0,11;1;Simplex;9/2/1995, 0:00:00;;;;Propio;100;335670,355;4082777,0427;457;335671,355;4082777,0433;457;0484383320LB368766598;0484382199LB368766600;;Andalucía;Andalucía;Ardales;Málaga;;No;;;;;;1;;870487,4284;4089261,813;870488,4278;4089261,8766;-199651,8804;4110032,9774;-199650,8766;4110032,9146;;;;;;
R1-112;'112.BTV.D100000088;;'112.LBT.D200000129;LP36 CANTARRA,PRADO, AND NAVARRE * V: 70-AC1;'70-AC1;Sí;112-02802050;0,4;0,4;1;1;Fachada;Monofásico;;MANGUERA (2X2.5);2,5;31,7;21,962404239999998;;8,21;0,12000000000000001;1;Simplex;9/2/1995, 0:00:00;;;;Propio;100;335693,355;4082857,044;432;335694,355;4082857,0446;432;0484359258LB368773846;0484358137LB368773848;;Andalucía;Andalucía;Ardales;Málaga;;No;;;;;;1;;870505,3789;4089343,2123;870506,3782;4089343,2759;-199623,716;4110111,8143;-199622,7123;4110111,7514;;;;;;
R1-112;'112.BTV.D100000117;;'112.LBT.D200000129;LP36 CANTARRA,PRADO, AND NAVARRE * V: 84-AC2;'84-AC2;Sí;112-02802065;0,4;0,4;1,41421356;1,4140000000000001;Fachada;Monofásico;;MANGUERA (2X2.5);2,5;31,7;21,962404239999998;;8,21;0,12000000000000001;1;Simplex;9/2/1995, 0:00:00;;;;Propio;100;335684,355;4082853,0436;432;335685,355;4082852,0442;432;0484369265LB368773470;0484368122LB368773382;;Andalucía;Andalucía;Ardales;Málaga;;No;;;;;;1;;870496,6363;4089338,6479;870497,6986;4089337,7121;-199633,0033;4110108,3704;-199632,063;4110107,3039;;;;;;
R1-112;'112.BTV.D100000422;;'112.LBT.D100000002;LP45 DEPÓSITO AGUA * Vano: 65-66;'65-66;No;;0,4;0,4;3,16227766;3,162;Fachada;Trifásico;;MANGUERA CU(4X16);16;146,1;101,22104919;;1,22;0,11;1;Simplex;9/2/1995, 0:00:00;;;;Propio;90;335511,355;4082720,0465;445;335508,355;4082719,0457;445;0484560403LB368761186;0484563746LB368761091;;Andalucía;Andalucía;Ardales;Málaga;;No;;;;;;1;;870332,1147;4089194,845;870329,1796;4089193,656;-199815,0871;4109985,8651;-199818,1617;4109985,0511;;;;;;
R1-112;'112.BTV.D100000622;;'112.LBT.D100000002;LP45 DEPÓSITO AGUA * Vano: 129-AC2;'129-AC2;Sí;112-02804095;0,4;0,4;1,41421356;1,4140000000000001;Fachada;Monofásico;;MANGUERA CU(2X4);4;43,2;29,92983795;;5,09;0,12000000000000001;1;Simplex;9/2/1995, 0:00:00;;;;Propio;90;335511,355;4082773,0458;443;335512,355;4082774,0464;443;0484561553LB368765961;0484560453LB368766053;;Andalucía;Andalucía;Ardales;Málaga;;No;;;;;;1;;870328,779;4089247,8112;870329,7154;4089248,8742;-199811,7222;4110039,0605;-199810,655;4110040,0014;;;;;;
R1-112;'112.BTV.D100000168;;'112.LBT.D200000129;LP36 CANTARRA,PRADO, AND NAVARRE * V: 109-AC1;'109-AC1;Sí;112-02802091;0,4;0,4;1,42130222;1,4140000000000001;Fachada;Monofásico;;MANGUERA (2X2.5);2,5;31,7;21,962404239999998;;8,21;0,12000000000000001;1;Simplex;9/2/1995, 0:00:00;;;;Propio;100;335627,356;4082899,0452;419;335628,356;4082900,0448;419;0484434188LB368777516;0484433088LB368777608;;Andalucía;Andalucía;Ardales;Málaga;;No;;;;;;1;;870436,7773;4089381,0334;870437,7138;4089382,0953;-199687,2924;4110158,1612;-199686,2252;4110159,1009;;;;;;
R1-112;'112.BTV.D100000612;;'112.LBT.D100000002;LP45 DEPÓSITO AGUA * Vano: 123-124;'123-124;No;;0,4;0,4;13;13;Fachada;Trifásico;;MANGUERA CU(4X10);10;111,8;77,45731211;;1,9500000000000002;0,11;1;Simplex;9/2/1995, 0:00:00;;;;Propio;90;335502,355;4082781,0467;443;335507,355;4082769,0476;443;0484571820LB368766667;0484565952LB368765594;;Andalucía;Andalucía;Ardales;Málaga;;No;;;;;;1;;870319,281;4089255,2408;870325,0331;4089243,5638;-199820,2476;4110047,6625;-199815,9909;4110035,3016;;;;;;
R1-112;'112.BTV.P200000003;;'112.LBT.D200000129;LP36 CANTARRA,PRADO, AND NAVARRE * V: 263-264;'263-264;No;;0,4;0,4;3,16227766;3,162;Fachada;Trifásico;;RZ 3X95 AL /54.6;95;230;159,3486743;;0,193;0,09000000000000001;1;Simplex;9/2/2015, 0:00:00;;;;Propio;100;335618,356;4082864,0447;426;335615,356;4082865,0449;426;0484443523LB368774347;0484446909LB368774432;;Andalucía;Andalucía;Ardales;Málaga;;No;;;;112.APO.SG000399971;;1;;870429,9859;4089345,4881;870426,9248;4089346,2989;-199698,5479;4110123,6025;-199701,4955;4110124,797;;;;;;
R1-112;'112.BTV.D100000625;;'112.LBT.D100000002;LP45 DEPÓSITO AGUA * Vano: 126-131;'126-131;No;;0,4;0,4;2,23615742;2,236;Fachada;Trifásico;;MANGUERA CU(4X10);10;111,8;77,45731211;;1,9500000000000002;0,11;1;Simplex;9/2/1995, 0:00:00;;;;Propio;90;335509,355;4082765,0455;443;335510,355;4082763,0462;443;0484563622LB368765237;0484562457LB368765059;;Andalucía;Andalucía;Ardales;Málaga;;No;;;;;;1;;870327,2838;4089239,6901;870328,409;4089237,7549;-199814,2375;4110031,1577;-199813,3608;4110029,0874;;;;;;
R1-112;'112.BTV.D100000510;;'112.LBT.D200000129;LP36 CANTARRA,PRADO, AND NAVARRE * V: 238-AC1;'238-AC1;Sí;112-02802203;0,4;0,4;1;1;Fachada;Monofásico;;MANGUERA (2X6);6;55;38,10511777;;3,39;0,11;1;Simplex;9/2/1995, 0:00:00;;;;Propio;100;335526,356;4082832,047;436;335526,356;4082831,047;436;0484546008LB368771303;0484545987LB368771213;;Andalucía;Andalucía;Ardales;Málaga;;No;;;;;;1;;870340,0571;4089307,7198;870340,12;4089306,7204;-199792,9198;4110097,3276;-199792,9833;4110096,3239;;;;;;
R1-112;'112.BTV.D100000585;;'112.LBT.D100000002;LP45 DEPÓSITO AGUA * Vano: 107-108;'107-108;No;;0,4;0,4;2;2;Fachada;Trifásico;;MANGUERA CU(4X10);10;111,8;77,45731211;;1,9500000000000002;0,11;1;Simplex;9/2/1995, 0:00:00;;;;Propio;90;335468,355;4082746,047;435;335468,355;4082748,047;435;0484609192LB368763454;0484609235LB368763634;;Andalucía;Andalucía;Ardales;Málaga;;No;;;;;;1;;870287,505;4089218,1229;870287,3792;4089220,1217;-199856,5955;4110014,6919;-199856,4685;4110016,6993;;;;;;
R1-112;'112.BTV.D100000271;;'112.LBT.D200000129;LP36 CANTARRA,PRADO, AND NAVARRE * V: 175-177;'175-177;No;;0,4;0,4;3,16227766;3,162;Fachada;Trifásico;;MANGUERA CU(4X16);16;146,1;101,22104919;;1,22;0,11;1;Simplex;9/2/1995, 0:00:00;;;;Propio;100;335618,356;4082869,0447;426;335615,356;4082870,045;426;0484443631LB368774797;0484447017LB368774882;;Andalucía;Andalucía;Ardales;Málaga;;No;;;;;;1;;870429,6711;4089350,485;870426,6101;4089351,2959;-199698,2305;4110128,6211;-199701,178;4110129,8155;;;;;;
R1-112;'112.BTV.D100000589;;'112.LBT.D100000002;LP45 DEPÓSITO AGUA * Vano: 104-110;'104-110;No;;0,4;0,4;5,09901951;7,874;Aérea;Trifásico;;MANGUERA CU(4X10);10;111,8;77,45731211;;1,9500000000000002;0,11;1;Simplex;9/2/1995, 0:00:00;;;;Propio;90;335471,355;4082740,0466;441;335476,355;4082741,0476;441;0484605697LB368762918;0484600111LB368763017;;Andalucía;Andalucía;Ardales;Málaga;;No;;;;;112.APO.SG000399817;1;;870290,8809;4089212,3151;870295,8148;4089213,6301;-199853,9653;4110008,4788;-199848,8832;4110009,1661;;;;;;
R1-112;'112.BTV.D100000668;;'112.LBT.D100000002;LP45 DEPÓSITO AGUA * Vano: 156-157;'156-157;No;;0,4;0,4;9,05538514;9,11;Fachada;Trifásico;;MANGUERA CU(4X10);10;111,8;77,45731211;;1,9500000000000002;0,11;1;Simplex;9/2/1995, 0:00:00;;;;Propio;90;335595,355;4082805,0448;452;335604,355;4082804,0451;452;0484468040LB368768991;0484457925LB368768916;;Andalucía;Andalucía;Ardales;Málaga;;No;;;;;;1;;870410,7127;4089285,0772;870419,77;4089284,6446;-199725,3799;4110065,8448;-199716,41;4110064,27;;;;;;
R1-112;'112.BTV.D100000648;;'112.LBT.D100000002;LP45 DEPÓSITO AGUA * Vano: 146-147;'146-147;No;;0,4;0,4;3,16227766;3,162;Fachada;Trifásico;;MANGUERA CU(4X10);10;111,8;77,45731211;;1,9500000000000002;0,11;1;Simplex;9/2/1995, 0:00:00;;;;Propio;90;335532,355;4082800,0462;442;335529,355;4082799,0464;442;0484538586LB368768431;0484541929LB368768335;;Andalucía;Andalucía;Ardales;Málaga;;No;;;;;;1;;870348,0665;4089276,1165;870345,1313;4089274,9286;-199788,9303;4110064,8275;-199792,0048;4110064,0146;;;;;;
R1-112;'112.BTV.D200000321;;'112.LBT.D200000129;LP36 CANTARRA,PRADO, AND NAVARRE * V: 11-12;'11-12;No;;0,4;0,4;10;16,401;Fachada;Trifásico;;MANGUERA CU(4X6);6;83,8;58,05834307;;3,39;0,11;1;Simplex;9/2/1995, 0:00:00;;;;Propio;100;335672,355;4082745,0426;447;335680,355;4082739,0435;447;0484380384LB368763719;0484371282LB368763192;;Andalucía;Andalucía;Ardales;Málaga;;No;;;;;;1;;870491,4413;4089229,9587;870499,8139;4089224,4668;-199651,9046;4110000,7321;-199644,2559;4109994,2028;;;;;;
R1-112;'112.BTV.D100000718;;'112.LBT.D100000002;LP45 DEPÓSITO AGUA * Vano: 185-186;'185-186;No;;0,4;0,4;4,12300861;4,123;Fachada;Trifásico;;MANGUERA CU(4X10);10;111,8;77,45731211;;1,9500000000000002;0,11;1;Simplex;9/2/1995, 0:00:00;;;;Propio;90;335417,355;4082672,0473;438;335418,355;4082668,0468;438;0484664782LB368756698;0484663574LB368756339;;Andalucía;Andalucía;Ardales;Málaga;;No;;;;;;1;;870241,1943;4089140,9596;870242,4454;4089137,0245;-199912,4824;4109943,6563;-199911,7327;4109939,5775;;;;;;
R1-112;'112.BTV.6307224648;;'112.LBT.6307224615;LP94 CALLE CERRILLO, CALLE CASTAÑA Vano: 4-5;'4-5;No;;0,4;0,42;15,153658440000001;11,5;Subterránea;Trifásico;;RV 3X240 /150;240;410;284,05633244;;0,075;0,08;1;Simplex;29/10/2020, 0:00:00;;;;Propio;0;335604,43;4082660,8095;476;335589,372;4082662,5056;476;0484454736LB368756011;0484471660LB368756138;;Andalucía;Andalucía;Ardales;Málaga;;No;;;;112.ARQ.SG000556455;;2;;870428,86;4089141,5029;870413,7047;4089142,2502;-199725,4287;4109920,4999;-199740,4346;4109923,1583;;;;;;
R1-112;'112.BTV.D100000563;;'112.LBT.D100000002;LP45 DEPÓSITO AGUA * Vano: 95-96;'95-96;No;;0,4;0,4;4,47213595;4,472;Fachada;Trifásico;;MANGUERA CU(4X10);10;111,8;77,45731211;;1,9500000000000002;0,11;1;Simplex;9/2/1995, 0:00:00;;;;Propio;90;335488,355;4082704,0461;439;335486,355;4082708,0459;439;0484585851LB368759704;0484588180LB368760061;;Andalucía;Andalucía;Ardales;Málaga;;No;;;;;;1;;870310,1361;4089177,4069;870307,8855;4089181,2784;-199839,188;4109971,2658;-199840,9415;4109975,4074;;;;;;
R1-112;'112.BTV.D100000232;;'112.LBT.D200000129;LP36 CANTARRA,PRADO, AND NAVARRE * V: 139-143;'139-143;No;;0,4;0,4;5,83095189;5,831;Fachada;Trifásico;;MANGUERA CU(4X10);10;111,8;77,45731211;;1,9500000000000002;0,11;1;Simplex;9/2/1995, 0:00:00;;;;Propio;100;335562,356;4082907,0475;419;335559,356;4082902,0466;419;0484507260LB368778124;0484510516LB368777668;;Andalucía;Andalucía;Ardales;Málaga;;No;;;;;;1;;870371,3141;4089384,9395;870368,6307;4089379,7529;-199752,0247;4110170,3199;-199755,3534;4110165,491;;;;;;
R1-112;'112.BTV.D100000677;;'112.LBT.D100000002;LP45 DEPÓSITO AGUA * Vano: 161-162;'161-162;No;;0,4;0,4;3,6055512800000002;3,606;Fachada;Trifásico;;MANGUERA CU(4X10);10;111,8;77,45731211;;1,9500000000000002;0,11;1;Simplex;9/2/1995, 0:00:00;;;;Propio;90;335462,355;4082703,0472;438;335465,355;4082705,0469;438;0484614988LB368759569;0484611667LB368759755;;Andalucía;Andalucía;Ardales;Málaga;;No;;;;;;1;;870284,2152;4089174,7724;870287,0874;4089176,9596;-199865,3477;4109971,914;-199862,2096;4109973,7306;;;;;;
R1-112;'112.BTV.D200000340;;'112.LBT.D200000129;LP36 CANTARRA,PRADO, AND NAVARRE * V: 21-AC1;'21-AC1;Sí;112-02802011;0,4;0,4;5,65685425;5,657;Subterránea;Trifásico;;RV 4X50 AL;50;120;83,13843876;;0,387;0,1;1;Simplex;9/2/1995, 0:00:00;;;;Propio;100;335681,355;4082765,0432;448;335685,355;4082761,0436;448;0484370723LB368765536;0484366151LB368765183;;Andalucía;Andalucía;Ardales;Málaga;;No;;;;112.ARQ.SG000556491;;1;;870499,1769;4089250,5133;870503,4261;4089246,7679;-199641,6015;4110020,2351;-199637,8407;4110015,9668;;;;;;
R1-112;'112.BTV.D100000022;;'112.LBT.D200000129;LP36 CANTARRA,PRADO, AND NAVARRE * V: 31-AC1;'31-AC1;Sí;112-02802023;0,4;0,4;2,23606798;2,236;Subterránea;Monofásico;;MANGUERA CU(2X16);16;177,8;123,18345343;;1,22;0,11;1;Simplex;9/2/1995, 0:00:00;;;;Propio;100;335732,355;4082782,0416;436;335733,355;4082780,0423;436;0484313895LB368767157;0484312730LB368766978;;Andalucía;Andalucía;Ardales;Málaga;;No;;;;112.ARQ.SG000556531;;1;;870549,0753;4089270,7111;870550,2005;4089268,776;-199589,3337;4110034,0585;-199588,457;4110031,9883;;;;;;
R1-112;'112.BTV.D100000190;;'112.LBT.D200000129;LP36 CANTARRA,PRADO, AND NAVARRE * V: 121-AC1;'121-AC1;Sí;112-02802101;0,4;0,4;1,41421356;1,4140000000000001;Fachada;Monofásico;;MANGUERA CU(2X4);4;43,2;29,92983795;;5,09;0,12000000000000001;1;Simplex;9/2/1995, 0:00:00;;;;Propio;100;335615,356;4082901,0463;420;335614,356;4082900,0456;420;0484447689LB368777675;0484448789LB368777583;;Andalucía;Andalucía;Ardales;Málaga;;No;;;;;;1;;870424,6588;4089382,2779;870423,7225;4089381,2149;-199699,2097;4110160,9315;-199700,2769;4110159,9906;;;;;;
R1-112;'112.BTV.D100000504;;'112.LBT.D200000129;LP36 CANTARRA,PRADO, AND NAVARRE * V: 233-AC1;'233-AC1;Sí;112-028021997;0,4;0,4;1;1;Fachada;Monofásico;;MANGUERA (2X6);6;55;38,10511777;;3,39;0,11;1;Simplex;9/2/1995, 0:00:00;;;;Propio;100;335559,356;4082836,0461;431;335559,356;4082835,0461;431;0484509085LB368771721;0484509063LB368771631;;Andalucía;Andalucía;Ardales;Málaga;;No;;;;;;1;;870372,7848;4089313,7935;870372,8478;4089312,7941;-199759,5438;4110099,2463;-199759,6072;4110098,2426;;;;;;
R1-112;'112.BTV.D100000042;;'112.LBT.D200000129;LP36 CANTARRA,PRADO, AND NAVARRE * V: 27-44;'27-44;No;;0,4;0,4;21,26029163;21,633;Subterránea;Trifásico;;RV 4X50 AL;50;120;83,13843876;;0,387;0,1;1;Simplex;9/2/1995, 0:00:00;;;;Propio;100;335762,355;4082815,0419;426;335778,3551;4082801,0426;426;0484280964LB368770182;0484262717LB368768949;;Andalucía;Andalucía;Ardales;Málaga;;No;;;;112.ARQ.SG000556561;112.ARQ.SG000556573;1;;870576,9797;4089305,5792;870593,851;4089292,5955;-199557,1277;4110065,2761;-199541,9573;4110050,2092;;;;;;
R1-112;'112.BTV.D100000603;;'112.LBT.D100000002;LP45 DEPÓSITO AGUA * Vano: 117-118;'117-118;No;;0,4;0,4;32,984845;33,719;Fachada;Trifásico;;RZ 4X50 AL;50;150;103,92304845;;0,387;0,1;1;Simplex;9/2/1995, 0:00:00;;;;Propio;90;335475,355;4082741,0469;434;335467,355;4082773,0466;434;0484601233LB368763016;0484610899LB368765885;;Andalucía;Andalucía;Ardales;Málaga;;No;;;;112.APO.SG000399816;;4;;870294,8154;4089213,5666;870284,8063;4089245,0427;-199849,887;4110009,2289;-199855,885;4110041,8549;;;;;;
R1-112;'112.BTV.D200000329;;'112.LBT.D200000129;LP36 CANTARRA,PRADO, AND NAVARRE * V: 15-AC2;'15-AC2;Sí;112-02802006;0,4;0,4;12,04159458;12,042;Fachada;Monofásico;;MANGUERA CU(2X6);6;114,3;'79,18936292000001;;3,39;0,11;1;Simplex;9/2/1995, 0:00:00;;;;Propio;100;335698,354;4082679,0417;447;335697,354;4082667,042;447;0484349796LB368757817;0484350658LB368756734;;Andalucía;Andalucía;Ardales;Málaga;;No;;;;;;1;;870521,5782;4089165,6351;870521,3341;4089153,58;-199629,9998;4109932,8364;-199631,7652;4109920,8559;;;;;;
R1-112;'112.BTV.D100000493;;'112.LBT.D200000129;LP36 CANTARRA,PRADO, AND NAVARRE * V: 219-AC2;'219-AC2;Sí;112-02802186;0,4;0,4;2;2,236;Fachada;Monofásico;;MANGUERA (2X6);6;55;38,10511777;;3,39;0,11;1;Simplex;9/2/1995, 0:00:00;;;;Propio;100;335622,355;4082815,0447;439;335624,355;4082815,0449;439;0484437976LB368769939;0484435733LB368769942;;Andalucía;Andalucía;Ardales;Málaga;;No;;;;;;1;;870437,0665;4089296,7703;870439,0652;4089296,8964;-199697,6451;4110074,1675;-199695,6377;4110074,0407;;;;;;
R1-112;'112.BTV.D100000793;;'112.LBT.D100000002;LP45 DEPÓSITO AGUA * Vano: 51-AC1;'51-AC1;Sí;112-02804036;0,4;0,4;1,00000001;1;Fachada;Monofásico;;MANGUERA (2X6);6;55;38,10511777;;3,39;0,11;1;Simplex;9/2/1995, 0:00:00;;;;Propio;90;335555,354;4082671,0456;457;335554,354;4082671,0449;457;0484509996LB368756848;0484511118LB368756846;;Andalucía;Andalucía;Ardales;Málaga;;No;;;;;;1;;870379,1703;4089148,6438;870378,171;4089148,5802;-199774,0363;4109933,8895;-199775,0401;4109933,9524;;;;;;
R1-112;'112.BTV.D100000003;;'112.LBT.D200000129;LP36 CANTARRA,PRADO, AND NAVARRE * V: 22-23;'22-23;No;;0,4;0,4;13,45362405;13,454;Subterránea;Trifásico;;RV 4X240 AL;240;320;221,70250337;;0,125;0,08;1;Simplex;9/2/1995, 0:00:00;;;;Propio;100;335689,355;4082773,043;448;335698,355;4082783,0435;448;0484361925LB368766271;0484352048LB368767188;;Andalucía;Andalucía;Ardales;Málaga;;No;;;;112.ARQ.SG000556496;112.ARQ.SG000556504;1;;870506,6684;4089259,0117;870515,0334;4089269,5724;-199633,064;4110027,7566;-199623,3958;4110037,2227;;;;;;
R1-112;'112.BTV.D100000773;;'112.LBT.D100000002;LP45 DEPÓSITO AGUA * Vano: 18-AC1;'18-AC1;Sí;112-02804012;0,4;0,4;1;1;Fachada;Monofásico;;MANGUERA CU(2X10);10;135,9;94,1542819;;1,9500000000000002;0,11;1;Simplex;9/2/1995, 0:00:00;;;;Propio;90;335513,354;4082659,0451;446;335514,354;4082659,0446;446;0484556838LB368755693;0484555717LB368755695;;Andalucía;Andalucía;Ardales;Málaga;;No;;;;;;1;;870337,9518;4089134,0074;870338,9512;4089134,0699;-199816,9536;4109924,5111;-199815,9499;4109924,4472;;;;;;
R1-112;'112.BTV.D100000333;;'112.LBT.D200000129;LP36 CANTARRA,PRADO, AND NAVARRE * V: 238-239;'238-239;No;;0,4;0,4;5,09901951;5,477;Fachada;Monofásico;;MANGUERA CU(2X6);6;114,3;'79,18936292000001;;3,39;0,11;1;Simplex;9/2/1995, 0:00:00;;;;Propio;100;335526,356;4082832,047;434;335521,356;4082831,0471;434;0484546008LB368771303;0484551594LB368771205;;Andalucía;Andalucía;Ardales;Málaga;;No;;;;;;1;;870340,0571;4089307,7198;870335,1232;4089306,4059;-199792,9198;4110097,3276;-199798,0017;4110096,6415;;;;;;
R1-112;'112.BTV.D100000282;;'112.LBT.D200000129;LP36 CANTARRA,PRADO, AND NAVARRE * V: 183-188;'183-188;No;;0,4;0,4;6,08276253;6,083;Fachada;Trifásico;;MANGUERA CU(4X10);10;111,8;77,45731211;;1,9500000000000002;0,11;1;Simplex;9/2/1995, 0:00:00;;;;Propio;100;335591,356;4082872,046;425;335585,3561;4082873,0465;425;0484473977LB368775021;0484480728LB368775100;;Andalucía;Andalucía;Ardales;Málaga;;No;;;;;;1;;870402,499;4089351,7851;870396,4399;4089352,4074;-199725,1398;4110133,3477;-199731,0984;4110134,7329;;;;;;
R1-112;'112.BTV.D100000467;;'112.LBT.D200000129;LP36 CANTARRA,PRADO, AND NAVARRE * V: 189-AC1;'189-AC1;Sí;112-02802160;0,4;0,4;1;1;Fachada;Trifásico;;MANGUERA CU(4X10);10;111,8;77,45731211;;1,9500000000000002;0,11;1;Simplex;9/2/1995, 0:00:00;;;;Propio;100;335578,356;4082875,0465;425;335578,356;4082874,0465;425;0484488622LB368775268;0484488600LB368775178;;Andalucía;Andalucía;Ardales;Málaga;;No;;;;;;1;;870389,3183;4089353,9654;870389,3813;4089352,9661;-199737,9973;4110137,1847;-199738,0608;4110136,181;;;;;;
R1-112;'112.BTV.D100000055;;'112.LBT.D200000129;LP36 CANTARRA,PRADO, AND NAVARRE * V: 50-AC1;'50-AC1;Sí;112-02802037;0,4;0,4;2,2361127;2,236;Subterránea;Monofásico;;MANGUERA CU(2X6);6;114,3;'79,18936292000001;;3,39;0,11;1;Simplex;9/2/1995, 0:00:00;;;;Propio;100;335743,355;4082759,0422;436;335745,355;4082758,0424;436;0484301060LB368765104;0484298796LB368765017;;Andalucía;Andalucía;Ardales;Málaga;;No;;;;112.ARQ.SG000556542;;1;;870561,5161;4089248,4183;870563,5778;4089247,545;-199579,7532;4110010,2756;-199577,8094;4110009,1452;;;;;;
R1-112;'112.BTV.D100000048;;'112.LBT.D200000129;LP36 CANTARRA,PRADO, AND NAVARRE * V: 46-47;'46-47;No;;0,4;0,4;7,81024968;7,874;Subterránea;Trifásico;;RV 4X50 AL;50;120;83,13843876;;0,387;0,1;1;Simplex;9/2/1995, 0:00:00;;;;Propio;100;335769,355;4082789,042;430;335764,355;4082783,042;430;0484272551LB368767852;0484278028LB368767302;;Andalucía;Andalucía;Ardales;Málaga;;No;;;;112.ARQ.SG000556566;112.ARQ.SG000556563;1;;870585,6118;4089280,0359;870580,9926;4089273,7249;-199551,7525;4110038,7357;-199557,1519;4110033,0309;;;;;;
R1-112;'112.BTV.D100000762;;'112.LBT.D100000002;LP45 DEPÓSITO AGUA * Vano: 5-AC1;'5-AC1;Sí;112-02804001;0,4;0,4;1,41414285;1,4140000000000001;Fachada;Monofásico;;MANGUERA (2X6);6;55;38,10511777;;3,39;0,11;1;Simplex;9/2/1995, 0:00:00;;;;Propio;90;335529,354;4082618,0451;457;335528,354;4082617,0455;457;0484538006LB368752027;0484539105LB368751935;;Andalucía;Andalucía;Ardales;Málaga;;No;;;;;;1;;870356,5223;4089094,0399;870355,5858;4089092,9781;-199803,4974;4109882,3436;-199804,5645;4109881,4038;;;;;;
R1-112;'112.BTV.D100000781;;'112.LBT.D100000002;LP45 DEPÓSITO AGUA * Vano: 38-AC1;'38-AC1;Sí;112-02804024;0,4;0,4;2,0001;2;Fachada;Monofásico;;MANGUERA (2X6);6;55;38,10511777;;3,39;0,11;1;Simplex;9/2/1995, 0:00:00;;;;Propio;90;335566,354;4082655,0437;459;335566,354;4082653,0437;459;0484497313LB368755425;0484497270LB368755245;;Andalucía;Andalucía;Ardales;Málaga;;No;;;;;;2;;870391,1706;4089133,3442;870391,2964;4089131,3455;-199764,0115;4109917,1301;-199764,1386;4109915,1227;;;;;;
R1-112;'112.BTV.D100000183;;'112.LBT.D200000129;LP36 CANTARRA,PRADO, AND NAVARRE * V: 116-117;'116-117;No;;0,4;0,4;4,9999400000000005;5;Fachada;Trifásico;;MANGUERA CU(4X10);10;111,8;77,45731211;;1,9500000000000002;0,11;1;Simplex;9/2/1995, 0:00:00;;;;Propio;100;335597,356;4082925,0459;415;335593,356;4082928,0466;415;0484468397LB368779806;0484472948LB368780070;;Andalucía;Andalucía;Ardales;Málaga;;No;;;;;;1;;870405,1595;4089405,1296;870400,9731;4089407,8767;-199715,7525;4110186,1627;-199719,5768;4110189,4285;;;;;;
R1-112;'112.BTV.D100000770;;'112.LBT.D100000002;LP45 DEPÓSITO AGUA * Vano: 15-AC1;'15-AC1;Sí;112-02804009;0,4;0,4;1,00000001;1;Fachada;Monofásico;;MANGUERA CU(2X10);10;135,9;94,1542819;;1,9500000000000002;0,11;1;Simplex;9/2/1995, 0:00:00;;;;Propio;90;335519,354;4082647,0455;449;335520,354;4082647,045;449;0484549849LB368754623;0484548728LB368754624;;Andalucía;Andalucía;Ardales;Málaga;;No;;;;;;1;;870344,7033;4089122,3929;870345,7027;4089122,4554;-199811,6932;4109912,0862;-199810,6896;4109912,0223;;;;;;
R1-112;'112.BTV.D100000278;;'112.LBT.D200000129;LP36 CANTARRA,PRADO, AND NAVARRE * V: 183-184;'183-184;No;;0,4;0,4;5,09901951;5,099;Fachada;Trifásico;;MANGUERA CU(4X10);10;111,8;77,45731211;;1,9500000000000002;0,11;1;Simplex;9/2/1995, 0:00:00;;;;Propio;100;335591,356;4082872,046;425;335596,356;4082871,0459;425;0484473977LB368775021;0484468348LB368774939;;Andalucía;Andalucía;Ardales;Málaga;;No;;;;;;1;;870402,499;4089351,7851;870407,5589;4089351,1003;-199725,1398;4110133,3477;-199720,1847;4110132,0265;;;;;;
R1-112;'112.BTV.D100000299;;'112.LBT.D200000129;LP36 CANTARRA,PRADO, AND NAVARRE * V: 204-205;'204-205;No;;0,4;0,4;5;6,4030000000000005;Fachada;Trifásico;;MANGUERA CU(4X10);10;111,8;77,45731211;;1,9500000000000002;0,11;1;Simplex;9/2/1995, 0:00:00;;;;Propio;100;335650,355;4082789,044;451;335646,355;4082792,0436;451;0484406010LB368767645;0484410561LB368767908;;Andalucía;Andalucía;Ardales;Málaga;;No;;;;;;1;;870466,6856;4089272,5481;870462,4993;4089275,2941;-199671,1923;4110046,2929;-199675,0167;4110049,5576;;;;;;
R1-112;'112.BTV.D100000517;;'112.LBT.D200000129;LP36 CANTARRA,PRADO, AND NAVARRE * V: 245-AC1;'245-AC1;Sí;112-02802210;0,4;0,4;2,23606798;2,236;Fachada;Monofásico;;MANGUERA (2X6);6;55;38,10511777;;3,39;0,11;1;Simplex;9/2/1995, 0:00:00;;;;Propio;100;335569,356;4082846,046;431;335570,356;4082848,0466;431;0484498087LB368772640;0484497009LB368772822;;Andalucía;Andalucía;Ardales;Málaga;;No;;;;;;1;;870382,1492;4089324,4165;870383,0227;4089326,4789;-199748,8719;4110108,6483;-199747,7411;4110110,5929;;;;;;
R1-112;'112.BTV.D100000209;;'112.LBT.D200000129;LP36 CANTARRA,PRADO, AND NAVARRE * V: 119-131;'119-131;No;;0,4;0,4;41,00364237;43,795;Fachada;Trifásico;;RZ 4X150 AL;150;240;166,27687753;;0,124;0,085;1;Simplex;9/2/1995, 1:00:00;;;9/2/1995, 1:00:00;Propio;100;335586,1602;4082933,6522;410;335617,356;4082907,0465;410;0484481140LB368780562;0484445576LB368778219;;Andalucía;Andalucía;Ardales;Málaga;;No;;;;;;2;;870393,429;4089413,0259;870426,2799;4089388,4003;-199726,4433;4110195,5117;-199696,8214;4110166,8269;;;;;;
R1-112;'112.BTV.D100000290;;'112.LBT.D200000129;LP36 CANTARRA,PRADO, AND NAVARRE * V: 195-196;'195-196;No;;0,4;0,4;17,48724723;20,518;Fachada;Trifásico;;RZ 3X150 AL /95;150;240;166,27687753;;0,124;0,085;1;Simplex;9/2/1995, 1:00:00;;;9/2/1995, 1:00:00;Propio;100;335677,696;4082771,4158;457;335663,729;4082781,9365;457;0484374965LB368766104;0484390857LB368767028;;Andalucía;Andalucía;Ardales;Málaga;;No;;;;;;1;;870495,1191;4089256,6517;870480,4986;4089266,2868;-199644,8695;4110026,8636;-199658,2202;4110038,31;;;;;;
R1-112;'112.BTV.D100000637;;'112.LBT.D100000002;LP45 DEPÓSITO AGUA * Vano: 138-139;'138-139;No;;0,4;0,4;2,23606798;2,236;Fachada;Monofásico;;MANGUERA (2X6);6;55;38,10511777;;3,39;0,11;1;Simplex;9/2/1995, 0:00:00;;;;Propio;90;335512,355;4082789,0466;438;335513,355;4082787,0472;438;0484560778LB368767405;0484559613LB368767226;;Andalucía;Andalucía;Ardales;Málaga;;No;;;;;;1;;870328,7713;4089263,865;870329,8965;4089261,9298;-199809,7026;4110055,057;-199808,8258;4110052,9868;;;;;;
R1-112;'112.BTV.D100000067;;'112.LBT.D200000129;LP36 CANTARRA,PRADO, AND NAVARRE * V: 57-58;'57-58;No;;0,4;0,4;10,81673703;10,817;Subterránea;Trifásico;;RV 4X240 AL;240;320;221,70250337;;0,125;0,08;1;Simplex;9/2/1995, 0:00:00;;;;Propio;100;335747,355;4082858,0433;428;335741,355;4082849,0436;428;0484298718LB368774030;0484305252LB368773209;;Andalucía;Andalucía;Ardales;Málaga;;No;;;;112.ARQ.SG000556545;112.ARQ.SG000556538;1;;870559,2825;4089347,6097;870553,8527;4089338,238;-199569,453;4110109,3888;-199576,0465;4110100,7368;;;;;;
R1-112;'112.BTV.D100000785;;'112.LBT.D100000002;LP45 DEPÓSITO AGUA * Vano: 43-AC1;'43-AC1;Sí;112-02804028;0,4;0,4;1;1;Fachada;Monofásico;;MANGUERA (2X6);6;55;38,10511777;;3,39;0,11;1;Simplex;9/2/1995, 0:00:00;;;;Propio;90;335561,354;4082670,045;457;335562,354;4082670,0446;457;0484503246LB368756768;0484502124LB368756770;;Andalucía;Andalucía;Ardales;Málaga;;No;;;;;;1;;870385,2295;4089148,0215;870386,2289;4089148,084;-199768,0777;4109932,5043;-199767,074;4109932,4404;;;;;;
R1-112;'112.BTV.D100000167;;'112.LBT.D200000129;LP36 CANTARRA,PRADO, AND NAVARRE * V: 108-109;'108-109;No;;0,4;0,4;4,99400641;5;Fachada;Trifásico;;MANGUERA CU(4X16);16;146,1;101,22104919;;1,22;0,11;1;Simplex;9/2/1995, 0:00:00;;;;Propio;100;335631,356;4082896,0456;419;335627,356;4082899,0452;419;0484429637LB368777253;0484434188LB368777516;;Andalucía;Andalucía;Ardales;Málaga;;No;;;;;;1;;870440,9636;4089378,2874;870436,7773;4089381,0334;-199683,4681;4110154,8965;-199687,2924;4110158,1612;;;;;;
R1-112;'112.BTV.D100000494;;'112.LBT.D200000129;LP36 CANTARRA,PRADO, AND NAVARRE * V: 222-AC1;'222-AC1;Sí;112-02802187;0,4;0,4;1,41421356;1,4140000000000001;Fachada;Monofásico;;MANGUERA (2X6);6;55;38,10511777;;3,39;0,11;1;Simplex;9/2/1995, 0:00:00;;;;Propio;100;335595,355;4082828,045;440;335594,355;4082827,0454;440;0484468538LB368771063;0484469638LB368770971;;Andalucía;Andalucía;Ardales;Málaga;;No;;;;;;1;;870409,2651;4089308,0631;870408,3286;4089307,0012;-199723,9196;4110088,93;-199724,9868;4110087,9903;;;;;;
R1-112;'112.BTV.D100000742;;'112.LBT.D100000002;LP45 DEPÓSITO AGUA * Vano: 197-AC1;'197-AC1;Sí;112-02804147;0,4;0,4;1;1;Fachada;Monofásico;;MANGUERA (2X6);6;55;38,10511777;;3,39;0,11;1;Simplex;9/2/1995, 0:00:00;;;;Propio;90;335405,355;4082707,0479;434;335406,355;4082707,0485;434;0484679000LB368759830;0484677878LB368759832;;Andalucía;Andalucía;Ardales;Málaga;;No;;;;;;1;;870226,999;4089175,183;870227,9983;4089175,2466;-199922,3046;4109979,5482;-199921,3009;4109979,4854;;;;;;
R1-112;'112.BTV.P200000002;;'112.LBT.D200000129;LP36 CANTARRA,PRADO, AND NAVARRE * V: 262-263;'262-263;No;;0,4;0,4;5;5;Aérea;Trifásico;;RZ 3X95 AL /54.6;95;230;159,3486743;;0,193;0,09000000000000001;1;Simplex;9/2/2015, 0:00:00;;;;Propio;100;335618,356;4082869,0447;426;335618,356;4082864,0447;426;0484443631LB368774797;0484443523LB368774347;;Andalucía;Andalucía;Ardales;Málaga;;No;;;;;112.APO.SG000399971;1;;870429,6711;4089350,485;870429,9859;4089345,4881;-199698,2305;4110128,6211;-199698,5479;4110123,6025;;;;;;
R1-112;'112.BTV.D100000134;;'112.LBT.D200000129;LP36 CANTARRA,PRADO, AND NAVARRE * V: 91-92;'91-92;No;;0,4;0,4;9,43398113;9,644;Fachada;Trifásico;;MANGUERA CU(4X10);10;111,8;77,45731211;;1,9500000000000002;0,11;1;Simplex;9/2/1995, 0:00:00;;;;Propio;100;335654,356;4082872,045;426;335646,356;4082877,0453;426;0484403321LB368775130;0484412402LB368775567;;Andalucía;Andalucía;Ardales;Málaga;;No;;;;;;1;;870465,46;4089355,7493;870457,1502;4089360,243;-199661,9068;4110129,3468;-199669,6189;4110134,8735;;;;;;
R1-112;'112.BTV.T100000088;;'112.LBT.D100000002;LP45 DEPÓSITO AGUA * Vano: 43-AC4;'43-AC4;Sí;112-02804150;0,4;0,4;9,227139320000001;9,22;Fachada;Monofásico;;MANGUERA (2X6);6;55;38,10511777;;3,39;0,11;1;Simplex;9/2/1995, 0:00:00;;;;Propio;90;335561,354;4082670,045;457;335555,354;4082677,0456;457;0484503246LB368756768;0484510126LB368757388;;Andalucía;Andalucía;Ardales;Málaga;;No;;;;;;1;;870385,2295;4089148,0215;870378,7927;4089154,6401;-199768,0777;4109932,5043;-199773,6554;4109939,9118;;;;;;
R1-112;'112.BTV.D100000240;;'112.LBT.D200000129;LP36 CANTARRA,PRADO, AND NAVARRE * V: 58-146;'58-146;No;;0,4;0,4;23,323807579999997;23,664;Subterránea;Trifásico;;RV 4X240 AL;240;320;221,70250337;;0,125;0,08;1;Simplex;9/2/1995, 0:00:00;;;;Propio;100;335741,355;4082849,0436;432;335729,355;4082829,0433;432;0484305252LB368773209;0484318277LB368771386;;Andalucía;Andalucía;Ardales;Málaga;;No;;;;112.ARQ.SG000556538;112.ARQ.SG000556528;1;;870553,8527;4089338,238;870543,1189;4089317,4948;-199576,0465;4110100,7368;-199589,3607;4110081,4244;;;;;;
R1-112;'112.BTV.D100000041;;'112.LBT.D200000129;LP36 CANTARRA,PRADO, AND NAVARRE * V: 43-AC1;'43-AC1;Sí;112-02802030;0,4;0,4;1;70;Aérea;Monofásico;;MANGUERA CU(2X6);6;114,3;'79,18936292000001;;3,39;0,11;1;Simplex;9/2/1995, 0:00:00;;;;Propio;100;335739,354;4082684,0413;369;335740,354;4082684,0408;369;0484303923LB368758339;0484302802LB368758341;;Andalucía;Andalucía;Ardales;Málaga;;No;;;;112.APO.SG000400054;;1;;870562,2381;4089173,212;870563,2375;4089173,2745;-199588,5307;4109935,2515;-199587,5271;4109935,1875;;;;;;
R1-112;'112.BTV.D100000614;;'112.LBT.D100000002;LP45 DEPÓSITO AGUA * Vano: 124-125;'124-125;No;;0,4;0,4;2,23606798;2,236;Fachada;Trifásico;;MANGUERA CU(4X10);10;111,8;77,45731211;;1,9500000000000002;0,11;1;Simplex;9/2/1995, 0:00:00;;;;Propio;90;335507,355;4082769,0476;443;335508,355;4082767,046;443;0484565952LB368765594;0484564787LB368765416;;Andalucía;Andalucía;Ardales;Málaga;;No;;;;;;1;;870325,0331;4089243,5638;870326,1585;4089241,6264;-199815,9909;4110035,3016;-199815,1142;4110033,2291;;;;;;
R1-112;'112.BTV.D100000079;;'112.LBT.D200000129;LP36 CANTARRA,PRADO, AND NAVARRE * V: 65-66;'65-66;No;;0,4;0,4;10,770329610000001;10,77;Fachada;Trifásico;;MANGUERA CU(4X16);16;146,1;101,22104919;;1,22;0,11;1;Simplex;9/2/1995, 0:00:00;;;;Propio;100;335713,355;4082845,0427;430;335723,355;4082841,0427;430;0484336568LB368772800;0484325266LB368772457;;Andalucía;Andalucía;Ardales;Málaga;;No;;;;;;1;;870526,1219;4089332,4773;870536,3674;4089329,1091;-199604,404;4110098,4988;-199594,621;4110093,8491;;;;;;
R1-112;'112.BTV.D100000322;;'112.LBT.D200000129;LP36 CANTARRA,PRADO, AND NAVARRE * V: 221-228;'221-228;No;;0,4;0,4;3,6055512800000002;3,606;Fachada;Trifásico;;MANGUERA CU(4X16);16;146,1;101,22104919;;1,22;0,11;1;Simplex;9/2/1995, 0:00:00;;;;Propio;100;335590,355;4082830,0451;440;335587,355;4082832,0464;440;0484474189LB368771235;0484477597LB368771410;;Andalucía;Andalucía;Ardales;Málaga;;No;;;;;;1;;870404,1422;4089309,7473;870401,0181;4089311,5586;-199728,8111;4110091,255;-199731,6952;4110093,4542;;;;;;
R1-112;'112.BTV.D100000052;;'112.LBT.D200000129;LP36 CANTARRA,PRADO, AND NAVARRE * V: 48-49;'48-49;No;;0,4;0,4;15;15;Subterránea;Trifásico;;RV 4X50 AL;50;120;83,13843876;;0,387;0,1;1;Simplex;9/2/1995, 0:00:00;;;;Propio;100;335758,355;4082777,0423;430;335749,355;4082765,0418;430;0484284627LB368766751;0484294461LB368765655;;Andalucía;Andalucía;Ardales;Málaga;;No;;;;112.ARQ.SG000556558;112.ARQ.SG000556547;1;;870575,3739;4089267,3514;870567,1348;4089254,7918;-199563,555;4110027,39;-199573,3502;4110015,9165;;;;;;
R1-112;'112.BTV.D100000310;;'112.LBT.D200000129;LP36 CANTARRA,PRADO, AND NAVARRE * V: 215-216;'215-216;No;;0,4;0,4;4,47218068;4,472;Fachada;Trifásico;;MANGUERA CU(4X10);10;111,8;77,45731211;;1,9500000000000002;0,11;1;Simplex;9/2/1995, 0:00:00;;;;Propio;100;335605,355;4082827,0448;440;335609,355;4082825,0452;440;0484457302LB368770990;0484452772LB368770817;;Andalucía;Andalucía;Ardales;Málaga;;No;;;;;;1;;870419,3217;4089307,693;870423,4451;4089305,9463;-199713,9462;4110087,2913;-199710,0583;4110085,0303;;;;;;
R1-112;'112.BTV.D100000409;;'112.LBT.D100000002;LP45 DEPÓSITO AGUA * Vano: 45-53;'45-53;No;;0,4;0,4;5,3943579800000006;5,385;Fachada;Trifásico;;MANGUERA CU(4X6);6;83,8;58,05834307;;3,39;0,11;1;Simplex;9/2/1995, 0:00:00;;;;Propio;90;335538,355;4082702,0448;451;335536,355;4082707,0447;451;0484529732LB368759611;0484532084LB368760058;;Andalucía;Andalucía;Ardales;Málaga;;No;;;;;;1;;870360,2309;4089178,5539;870357,9175;4089183,4247;-199789,1301;4109966,0827;-199790,8201;4109971,228;;;;;;
R1-112;'112.BTV.D100000035;;'112.LBT.D200000129;LP36 CANTARRA,PRADO, AND NAVARRE * V: 39-40;'39-40;No;;0,4;0,4;20,09975124;20,1;Fachada;Trifásico;;MANGUERA CU(4X16);16;146,1;101,22104919;;1,22;0,11;1;Simplex;9/2/1995, 0:00:00;;;;Propio;100;335719,354;4082696,0424;443;335717,354;4082676,0421;443;0484326613LB368759386;0484328423LB368757580;;Andalucía;Andalucía;Ardales;Málaga;;No;;;;112.APO.SG000400045;;1;;870541,4952;4089183,947;870540,7552;4089163,8332;-199607,8427;4109948,5668;-199611,1199;4109928,6194;;;;;;
R1-112;'112.BTV.D100000745;;'112.LBT.D100000002;LP45 DEPÓSITO AGUA * Vano: 198-199;'198-199;No;;0,4;0,4;13,03840481;13,038;Fachada;Trifásico;;MANGUERA CU(4X10);10;111,8;77,45731211;;1,9500000000000002;0,11;1;Simplex;9/2/1995, 0:00:00;;;;Propio;90;335404,355;4082710,0484;432;335403,355;4082723,0478;432;0484680186LB368760099;0484681590LB368761268;;Andalucía;Andalucía;Ardales;Málaga;;No;;;;;;1;;870225,8108;4089178,1187;870223,9932;4089191,0471;-199923,1178;4109982,6233;-199923,2962;4109995,7344;;;;;;
R1-112;'112.BTV.D100000411;;'112.LBT.D100000002;LP45 DEPÓSITO AGUA * Vano: 54-55;'54-55;No;;0,4;0,4;6,70820393;6,708;Fachada;Trifásico;;MANGUERA CU(4X6);6;83,8;58,05834307;;3,39;0,11;1;Simplex;9/2/1995, 0:00:00;;;;Propio;90;335534,355;4082713,0457;450;335531,355;4082719,046;450;0484534457LB368760595;0484537952LB368761131;;Andalucía;Andalucía;Ardales;Málaga;;No;;;;;;1;;870355,541;4089189,2961;870352,1652;4089195,1039;-199792,4465;4109977,3782;-199795,0766;4109983,5912;;;;;;
R1-112;'112.BTV.D100000616;;'112.LBT.D100000002;LP45 DEPÓSITO AGUA * Vano: 125-126;'125-126;No;;0,4;0,4;2,23606798;2,236;Fachada;Trifásico;;MANGUERA CU(4X10);10;111,8;77,45731211;;1,9500000000000002;0,11;1;Simplex;9/2/1995, 0:00:00;;;;Propio;90;335508,355;4082767,046;443;335509,355;4082765,0455;443;0484564787LB368765416;0484563622LB368765237;;Andalucía;Andalucía;Ardales;Málaga;;No;;;;;;1;;870326,1585;4089241,6264;870327,2838;4089239,6901;-199815,1142;4110033,2291;-199814,2375;4110031,1577;;;;;;
R1-112;'112.BTV.D100000508;;'112.LBT.D200000129;LP36 CANTARRA,PRADO, AND NAVARRE * V: 236-AC1;'236-AC1;Sí;112-02802201;0,4;0,4;1,41421356;5,196;Fachada;Monofásico;;MANGUERA (2X6);6;55;38,10511777;;3,39;0,11;1;Simplex;9/2/1995, 0:00:00;;;;Propio;100;335541,356;4082834,0455;436;335542,356;4082833,0462;436;0484529229LB368771510;0484528086LB368771421;;Andalucía;Andalucía;Ardales;Málaga;;No;;;;;;1;;870354,922;4089310,6613;870355,9843;4089309,7255;-199777,7373;4110098,3812;-199776,7971;4110097,3147;;;;;;
R1-112;'112.BTV.D100000515;;'112.LBT.D200000129;LP36 CANTARRA,PRADO, AND NAVARRE * V: 243-AC1;'243-AC1;Sí;112-02802208;0,4;0,4;0,9999;1;Fachada;Monofásico;;MANGUERA (2X6);6;55;38,10511777;;3,39;0,11;1;Simplex;9/2/1995, 0:00:00;;;;Propio;100;335580,356;4082841,0464;431;335580,356;4082842,0464;431;0484485642LB368772208;0484485663LB368772298;;Andalucía;Andalucía;Ardales;Málaga;;No;;;;;;1;;870393,4571;4089320,1124;870393,3941;4089321,1118;-199738,1486;4110102,9318;-199738,0851;4110103,9356;;;;;;
R1-112;'112.BTV.D100000350;;'112.LBT.D200000129;LP36 CANTARRA,PRADO, AND NAVARRE * V: 255-256;'255-256;No;;0,4;0,4;8,21752396;9;Fachada;Monofásico;;MANGUERA CU(2X6);6;114,3;'79,18936292000001;;3,39;0,11;1;Simplex;9/2/1995, 0:00:00;;;;Propio;100;335547,28;4082859,4296;425;335550,356;4082867,0472;425;0484523136LB368773807;0484519851LB368774499;;Andalucía;Andalucía;Ardales;Málaga;;No;;;;;;1;;870359,2446;4089336,4023;870361,8392;4089344,2088;-199770,1798;4110123,483;-199766,6088;4110130,9335;;;;;;
R1-112;'112.BTV.D100000346;;'112.LBT.D200000129;LP36 CANTARRA,PRADO, AND NAVARRE * V: 250-252;'250-252;No;;0,4;0,4;2,82842712;2,8280000000000003;Fachada;Trifásico;;MANGUERA CU(4X10);10;111,8;77,45731211;;1,9500000000000002;0,11;1;Simplex;9/2/1995, 0:00:00;;;;Propio;100;335553,356;4082850,0456;431;335551,356;4082852,0466;431;0484516118LB368772972;0484518404LB368773149;;Andalucía;Andalucía;Ardales;Málaga;;No;;;;;;2;;870365,9075;4089327,4067;870363,7828;4089329,2805;-199764,6771;4110113,6786;-199766,5575;4110115,814;;;;;;
R1-112;'112.BTV.D100000281;;'112.LBT.D200000129;LP36 CANTARRA,PRADO, AND NAVARRE * V: 186-187;'186-187;No;;0,4;0,4;5,3888867099999995;5,385;Fachada;Monofásico;;MANGUERA CU(2X6);6;114,3;'79,18936292000001;;3,39;0,11;1;Simplex;9/2/1995, 0:00:00;;;;Propio;100;335605,356;4082869,0462;426;335610,356;4082867,045;426;0484458211LB368774775;0484452560LB368774603;;Andalucía;Andalucía;Ardales;Málaga;;No;;;;;;1;;870416,6792;4089349,6683;870421,8021;4089347,9831;-199711,2784;4110129,448;-199706,3869;4110127,1219;;;;;;
R1-112;'112.BTV.D100000179;;'112.LBT.D200000129;LP36 CANTARRA,PRADO, AND NAVARRE * V: 114-115;'114-115;No;;0,4;0,4;2,2361127;2,236;Fachada;Trifásico;;MANGUERA CU(4X10);10;111,8;77,45731211;;1,9500000000000002;0,11;1;Simplex;9/2/1995, 0:00:00;;;;Propio;100;335605,356;4082918,0466;415;335603,356;4082919,0464;415;0484459273LB368779190;0484461538LB368779276;;Andalucía;Andalucía;Ardales;Málaga;;No;;;;;;1;;870413,595;4089398,6382;870411,5334;4089399,5115;-199708,1673;4110178,6296;-199710,1112;4110179,7601;;;;;;
R1-112;'112.BTV.D100000722;;'112.LBT.D100000002;LP45 DEPÓSITO AGUA * Vano: 187-188;'187-188;No;;0,4;0,4;6,08276253;6,083;Fachada;Trifásico;;MANGUERA CU(4X10);10;111,8;77,45731211;;1,9500000000000002;0,11;1;Simplex;9/2/1995, 0:00:00;;;;Propio;90;335420,355;4082665,047;438;335421,355;4082659,0475;438;0484661266LB368756072;0484660014LB368755533;;Andalucía;Andalucía;Ardales;Málaga;;No;;;;;;1;;870244,633;4089134,1524;870246,01;4089128,2197;-199909,9157;4109936,4396;-199909,2929;4109930,3544;;;;;;
R1-112;'112.BTV.D100000479;;'112.LBT.D200000129;LP36 CANTARRA,PRADO, AND NAVARRE * V: 206-AC1;'206-AC1;Sí;112-02802172;0,4;0,4;1;1;Fachada;Monofásico;;MANGUERA (2X6);6;55;38,10511777;;3,39;0,11;1;Simplex;9/2/1995, 0:00:00;;;;Propio;100;335640,355;4082796,0441;451;335640,355;4082795,0441;451;0484417377LB368768258;0484417355LB368768168;;Andalucía;Andalucía;Ardales;Málaga;;No;;;;;;1;;870456,2511;4089278,9145;870456,3141;4089277,9151;-199680,7849;4110053,9538;-199680,8484;4110052,9501;;;;;;
R1-112;'112.BTV.D100000386;;'112.LBT.D100000002;LP45 DEPÓSITO AGUA * Vano: 31-AC1;'31-AC1;Sí;112-02804020;0,4;0,4;8,06225775;8,602;Fachada;Monofásico;;MANGUERA CU(2X6);6;114,3;'79,18936292000001;;3,39;0,11;1;Simplex;9/2/1995, 0:00:00;;;;Propio;90;335583,354;4082640,0447;470;335582,354;4082632,0439;470;0484477922LB368754103;0484478870LB368753381;;Andalucía;Andalucía;Ardales;Málaga;;No;;;;112.APO.SG000399939;;1;;870409,104;4089119,4244;870408,6082;4089111,3658;-199747,9009;4109900,9963;-199749,4125;4109893,0294;;;;;;
R1-112;'112.BTV.D200000306;;'112.LBT.D200000128;LP35 DEPÓSITO DE AGUA 1-2;'1-2;No;;0,4;0,4;27,06286129;26,325;Subterránea;Trifásico;;RV 4X50 AL;50;120;83,13843876;;0,387;0,1;1;Simplex;9/2/1995, 0:00:00;;;;Propio;100;335592,884;4082562,9909;474;335595,353;4082536,0429;474;0484465565LB368747178;0484462212LB368744754;;Andalucía;Andalucía;Ardales;Málaga;;No;;;;;112.ARQ.SG000556449;1;;870423,4777;4089043,0184;870427,6411;4089016,2425;-199743,2276;4109823,0524;-199742,4603;4109795,848;;;;;;
R1-112;'112.BTV.D100000621;;'112.LBT.D100000002;LP45 DEPÓSITO AGUA * Vano: 129-AC1;'129-AC1;Sí;112-02804094;0,4;0,4;2,23606798;2,236;Fachada;Monofásico;;MANGUERA CU(2X4);4;43,2;29,92983795;;5,09;0,12000000000000001;1;Simplex;9/2/1995, 0:00:00;;;;Propio;90;335511,355;4082773,0458;443;335512,355;4082771,0464;443;0484561553LB368765961;0484560388LB368765783;;Andalucía;Andalucía;Ardales;Málaga;;No;;;;;;1;;870328,779;4089247,8112;870329,9042;4089245,8761;-199811,7222;4110039,0605;-199810,8454;4110036,9903;;;;;;
R1-112;'112.BTV.D100000382;;'112.LBT.D100000002;LP45 DEPÓSITO AGUA * Vano: 29-30;'29-30;No;;0,4;0,4;18,02775638;19,723;Aérea;Trifásico;;MANGUERA CU(4X6);6;83,8;58,05834307;;3,39;0,11;1;Simplex;9/2/1995, 0:00:00;;;;Propio;90;335564,354;4082648,0446;467;335581,354;4082642,0445;467;0484499404LB368754791;0484480209LB368754280;;Andalucía;Andalucía;Ardales;Málaga;;No;;;;112.APO.SG000399909;112.APO.SG000399935;1;;870389,6124;4089126,2236;870406,9794;4089121,2972;-199766,4633;4109910,232;-199749,7814;4109903,1304;;;;;;
R1-112;'112.BTV.D100000089;;'112.LBT.D200000129;LP36 CANTARRA,PRADO, AND NAVARRE * V: 70-71;'70-71;No;;0,4;0,4;3,6055512800000002;8,775;Fachada;Trifásico;;MANGUERA CU(4X10);10;111,8;77,45731211;;1,9500000000000002;0,11;1;Simplex;9/2/1995, 0:00:00;;;;Propio;100;335693,355;4082857,044;424;335690,355;4082859,0442;424;0484359258LB368773846;0484362666LB368774021;;Andalucía;Andalucía;Ardales;Málaga;;No;;;;;;1;;870505,3789;4089343,2123;870502,2549;4089345,0224;-199623,716;4110111,8143;-199626,6001;4110114,0124;;;;;;
R1-112;'112.BTV.P200000005;;'112.LBT.D200000129;LP36 CANTARRA,PRADO, AND NAVARRE * V: 265-266;'265-266;No;;0,4;0,4;5,3888867099999995;5,385;Fachada;Trifásico;;RZ 3X95 AL /54.6;95;230;159,3486743;;0,193;0,09000000000000001;1;Simplex;9/2/2015, 0:00:00;;;;Propio;100;335611,356;4082867,0446;426;335606,356;4082869,0457;426;0484451438LB368774605;0484457089LB368774776;;Andalucía;Andalucía;Ardales;Málaga;;No;;;;;;1;;870422,8014;4089348,0455;870417,6786;4089349,7308;-199705,3833;4110127,058;-199710,2748;4110129,384;;;;;;
R1-112;'112.BTV.D100000407;;'112.LBT.D100000002;LP45 DEPÓSITO AGUA * Vano: 50-51;'50-51;No;;0,4;0,4;2,82842712;2,8280000000000003;Fachada;Trifásico;;MANGUERA CU(4X6);6;83,8;58,05834307;;3,39;0,11;1;Simplex;9/2/1995, 0:00:00;;;;Propio;90;335553,354;4082673,0454;457;335555,354;4082671,0456;457;0484512282LB368757025;0484509996LB368756848;;Andalucía;Andalucía;Ardales;Málaga;;No;;;;;;1;;870377,0457;4089150,5165;870379,1703;4089148,6438;-199775,9167;4109936,0237;-199774,0363;4109933,8895;;;;;;
R1-112;'112.BTV.D100000767;;'112.LBT.D100000002;LP45 DEPÓSITO AGUA * Vano: 9-AC1;'9-AC1;Sí;112-02804006;0,4;0,4;1,42130222;1,4140000000000001;Fachada;Monofásico;;MANGUERA CU(2X10);10;135,9;94,1542819;;1,9500000000000002;0,11;1;Simplex;9/2/1995, 0:00:00;;;;Propio;90;335521,3541;4082633,0456;450;335520,354;4082632,0449;450;0484547303LB368753365;0484548403LB368753273;;Andalucía;Andalucía;Ardales;Málaga;;No;;;;;;1;;870347,5832;4089108,5276;870346,6468;4089107,4646;-199810,5746;4109897,9075;-199811,6418;4109896,9666;;;;;;
R1-112;'112.BTV.D100000619;;'112.LBT.D100000002;LP45 DEPÓSITO AGUA * Vano: 127-128;'127-128;No;;0,4;0,4;8,24621125;8,246;Aérea;Trifásico;;MANGUERA CU(4X10);10;111,8;77,45731211;;1,9500000000000002;0,11;1;Simplex;9/2/1995, 0:00:00;;;;Propio;90;335509,355;4082764,0466;443;335511,355;4082772,0458;443;0484563600LB368765147;0484561531LB368765871;;Andalucía;Andalucía;Ardales;Málaga;;No;;;;;112.APO.SG000399853;1;;870327,3467;4089238,6918;870328,8419;4089246,8119;-199814,3009;4110030,1551;-199811,7857;4110038,0568;;;;;;
R1-112;'112.BTV.D100000475;;'112.LBT.D200000129;LP36 CANTARRA,PRADO, AND NAVARRE * V: 202-AC1;'202-AC1;Sí;112-02802168;0,4;0,4;1;1;Fachada;Trifásico;;MANGUERA CU(4X10);10;111,8;77,45731211;;1,9500000000000002;0,11;1;Simplex;9/2/1995, 0:00:00;;;;Propio;100;335657,355;4082783,0441;457;335657,355;4082782,0441;457;0484398030LB368767116;0484398008LB368767026;;Andalucía;Andalucía;Ardales;Málaga;;No;;;;;;1;;870474,0588;4089266,9925;870474,1218;4089265,9931;-199664,5474;4110039,8264;-199664,6109;4110038,8227;;;;;;
R1-112;'112.BTV.D100000197;;'112.LBT.D200000129;LP36 CANTARRA,PRADO, AND NAVARRE * V: 124-125;'124-125;No;;0,4;0,4;5;7,071;Fachada;Monofásico;;MANGUERA CU(2X6);6;114,3;'79,18936292000001;;3,39;0,11;1;Simplex;9/2/1995, 0:00:00;;;;Propio;100;335607,356;4082906,0456;415;335603,356;4082909,0463;415;0484456770LB368778112;0484461321LB368778375;;Andalucía;Andalucía;Ardales;Málaga;;No;;;;;;1;;870416,3492;4089386,7705;870412,1627;4089389,5177;-199706,9219;4110166,4572;-199710,7462;4110169,723;;;;;;
R1-112;'112.BTV.D100000486;;'112.LBT.D200000129;LP36 CANTARRA,PRADO, AND NAVARRE * V: 212-AC2;'212-AC2;Sí;112-02802179;0,4;0,4;1;12,042;Fachada;Monofásico;;MANGUERA (2X6);6;55;38,10511777;;3,39;0,11;1;Simplex;9/2/1995, 0:00:00;;;;Propio;100;335631,355;4082808,045;439;335631,355;4082809,045;439;0484427731LB368769324;0484427752LB368769414;;Andalucía;Andalucía;Ardales;Málaga;;No;;;;;;1;;870446,5014;4089290,3414;870446,4385;4089291,3408;-199689,0562;4110066,5705;-199688,9928;4110067,5742;;;;;;
R1-112;'112.BTV.D100000727;;'112.LBT.D100000002;LP45 DEPÓSITO AGUA * Vano: 190-AC1;'190-AC1;Sí;112-02804139;0,4;0,4;1;6,083;Fachada;Monofásico;;MANGUERA (2X6);6;55;38,10511777;;3,39;0,11;1;Simplex;9/2/1995, 0:00:00;;;;Propio;90;335423,355;4082652,0476;448;335424,355;4082652,0472;448;0484657619LB368754906;0484656498LB368754908;;Andalucía;Andalucía;Ardales;Málaga;;No;;;;;;1;;870248,4493;4089121,35;870249,4487;4089121,4125;-199907,7299;4109923,2017;-199906,7262;4109923,1377;;;;;;
R1-112;'112.BTV.D200000332;;'112.LBT.D200000129;LP36 CANTARRA,PRADO, AND NAVARRE * V: 17-AC1;'17-AC1;Sí;112-02802007;0,4;0,4;1;6,083;Subterránea;Monofásico;;RZ 2X16 AL;16;70;48,49742261;;1,15;0,10500000000000001;1;Simplex;9/2/1995, 0:00:00;;;;Propio;100;335698,354;4082633,0425;440;335699,354;4082633,042;440;0484348800LB368753673;0484347678LB368753674;;Andalucía;Andalucía;Ardales;Málaga;;No;;;;112.ARQ.SG000556503;;1;;870524,4733;4089119,6644;870525,4727;4089119,7269;-199632,9201;4109886,6671;-199631,9165;4109886,6032;;;;;;
R1-112;'112.BTV.D100000110;;'112.LBT.D200000129;LP36 CANTARRA,PRADO, AND NAVARRE * V: 81-82;'81-82;No;;0,4;0,4;5;5;Fachada;Monofásico;;MANGUERA CU(2X4);4;43,2;29,92983795;;5,09;0,12000000000000001;1;Simplex;9/2/1995, 0:00:00;;;;Propio;100;335669,355;4082862,0437;424;335673,355;4082859,0441;424;0484386283LB368774255;0484381732LB368773992;;Andalucía;Andalucía;Ardales;Málaga;;No;;;;;;1;;870481,0791;4089346,6983;870485,2654;4089343,9523;-199647,4873;4110118,3562;-199643,663;4110115,0916;;;;;;
R1-112;'112.BTV.D100000804;;'112.LBT.D100000002;LP45 DEPÓSITO AGUA * Vano: 65-AC1;'65-AC1;Sí;112-02804047;0,4;0,4;1;1;Fachada;Monofásico;;MANGUERA (2X6);6;55;38,10511777;;3,39;0,11;1;Simplex;9/2/1995, 0:00:00;;;;Propio;90;335511,355;4082720,0465;445;335511,355;4082719,0465;445;0484560403LB368761186;0484560382LB368761096;;Andalucía;Andalucía;Ardales;Málaga;;No;;;;;;1;;870332,1147;4089194,845;870332,1776;4089193,8456;-199815,0871;4109985,8651;-199815,1506;4109984,8614;;;;;;
R1-112;'112.BTV.D100000582;;'112.LBT.D100000002;LP45 DEPÓSITO AGUA * Vano: 106-AC1;'106-AC1;Sí;112-02804078;0,4;0,4;1;1;Fachada;Monofásico;;MANGUERA CU(2X4);4;43,2;29,92983795;;5,09;0,12000000000000001;1;Simplex;9/2/1995, 0:00:00;;;;Propio;90;335470,355;4082742,0471;435;335469,355;4082742,0476;435;0484606862LB368763097;0484607983LB368763095;;Andalucía;Andalucía;Ardales;Málaga;;No;;;;;;1;;870289,7556;4089214,2514;870288,7562;4089214,1889;-199854,842;4110010,5502;-199855,8457;4110010,6142;;;;;;
R1-112;'112.BTV.D100000164;;'112.LBT.D200000129;LP36 CANTARRA,PRADO, AND NAVARRE * V: 107-AC1;'107-AC1;Sí;112-02802089;0,4;0,4;1,41414285;1,4140000000000001;Fachada;Monofásico;;MANGUERA CU(2X4);4;43,2;29,92983795;;5,09;0,12000000000000001;1;Simplex;9/2/1995, 0:00:00;;;;Propio;100;335631,356;4082896,0456;419;335632,356;4082897,0452;419;0484429637LB368777253;0484428537LB368777344;;Andalucía;Andalucía;Ardales;Málaga;;No;;;;;;1;;870440,9636;4089378,2874;870441,9001;4089379,3493;-199683,4681;4110154,8965;-199682,4009;4110155,8362;;;;;;
R1-112;'112.BTV.D100000363;;'112.LBT.D100000002;LP45 DEPÓSITO AGUA * Vano: 10-11;'10-11;No;;0,4;0,4;10,304372859999999;10,296;Fachada;Trifásico;;MANGUERA CU(4X6);6;83,8;58,05834307;;3,39;0,11;1;Simplex;9/2/1995, 0:00:00;;;;Propio;90;335518,354;4082638,0448;449;335513,354;4082647,045;449;0484550776LB368753810;0484556578LB368754612;;Andalucía;Andalucía;Ardales;Málaga;;No;;;;;;1;;870344,2704;4089113,3349;870338,707;4089122,0148;-199813,2684;4109903,1157;-199817,7155;4109912,4666;;;;;;
R1-112;'112.BTV.D100000524;;'112.LBT.D200000129;LP36 CANTARRA,PRADO, AND NAVARRE * V: 254-AC2;'254-AC2;Sí;112-02802217;0,4;0,4;1;1;Fachada;Monofásico;;MANGUERA (2X6);6;55;38,10511777;;3,39;0,11;1;Simplex;9/2/1995, 0:00:00;;;;Propio;100;335562,356;4082850,0459;431;335563,356;4082850,0466;431;0484506024LB368772988;0484504903LB368772990;;Andalucía;Andalucía;Ardales;Málaga;;No;;;;;;1;;870374,9018;4089327,9734;870375,9011;4089328,037;-199755,6438;4110113,1075;-199754,6401;4110113,0446;;;;;;
R1-112;'112.BTV.P200000009;;'112.LBT.D200000129;LP36 CANTARRA,PRADO, AND NAVARRE * V: 269-270;'269-270;No;;0,4;0,4;5,09901951;5,099;Fachada;Trifásico;;RZ 3X95 AL /54.6;95;230;159,3486743;;0,193;0,09000000000000001;1;Simplex;9/2/2015, 0:00:00;;;;Propio;100;335597,356;4082871,0466;426;335592,3561;4082872,0466;426;0484467226LB368774941;0484472856LB368775022;;Andalucía;Andalucía;Ardales;Málaga;;No;;;;;;1;;870408,5582;4089351,1639;870403,4985;4089351,8487;-199719,181;4110131,9636;-199724,1359;4110133,2849;;;;;;
R1-112;'112.BTV.D100000188;;'112.LBT.D200000129;LP36 CANTARRA,PRADO, AND NAVARRE * V: 119-120;'119-120;No;;0,4;0,4;6,70820393;6,708;Aérea;Trifásico;;RZ 4X50 AL;50;150;103,92304845;;0,387;0,1;1;Simplex;9/2/1995, 0:00:00;;;;Propio;100;335617,356;4082907,0465;420;335611,356;4082904,0459;420;0484445576LB368778219;0484452240LB368777939;;Andalucía;Andalucía;Ardales;Málaga;;No;;;;;112.APO.SG000399966;1;;870426,2799;4089388,4003;870420,4725;4089385,0239;-199696,8214;4110166,8269;-199703,0341;4110164,1962;;;;;;
R1-112;'112.BTV.D100000379;;'112.LBT.D100000002;LP45 DEPÓSITO AGUA * Vano: 26-27;'26-27;No;;0,4;0,4;5,385164809999999;5,385;Fachada;Monofásico;;MANGUERA CU(2X6);6;114,3;'79,18936292000001;;3,39;0,11;1;Simplex;9/2/1995, 0:00:00;;;;Propio;90;335536,354;4082630,0452;457;335531,354;4082628,0453;457;0484530415LB368753121;0484535980LB368752932;;Andalucía;Andalucía;Ardales;Málaga;;No;;;;;;1;;870362,7626;4089106,4732;870357,8916;4089104,1598;-199795,7096;4109893,9437;-199800,8551;4109892,2539;;;;;;
R1-112;'112.BTV.D100000522;;'112.LBT.D200000129;LP36 CANTARRA,PRADO, AND NAVARRE * V: 253-AC1;'253-AC1;Sí;112-02802215;0,4;0,4;1;1;Fachada;Monofásico;;MANGUERA (2X6);6;55;38,10511777;;3,39;0,11;1;Simplex;9/2/1995, 0:00:00;;;;Propio;100;335549,356;4082853,0464;431;335548,356;4082853,0469;431;0484520669LB368773236;0484521790LB368773234;;Andalucía;Andalucía;Ardales;Málaga;;No;;;;;;1;;870361,7211;4089330,1538;870360,7217;4089330,0913;-199768,5014;4110116,9445;-199769,505;4110117,0084;;;;;;
R1-112;'112.BTV.D100000028;;'112.LBT.D200000129;LP36 CANTARRA,PRADO, AND NAVARRE * V: 34-35;'34-35;No;;0,4;0,4;14,14213562;14,142;Fachada;Trifásico;;RV 4X50 AL;50;120;83,13843876;;0,387;0,1;1;Simplex;9/2/1995, 0:00:00;;;;Propio;100;335703,355;4082745,0432;443;335717,355;4082747,0425;443;0484345617LB368763773;0484329959LB368763977;;Andalucía;Andalucía;Ardales;Málaga;;No;;;;;;1;;870522,422;4089231,9104;870536,2875;4089234,7896;-199620,7899;4109998,7644;-199606,6112;4109999,8823;;;;;;
R1-112;'112.BTV.D100000678;;'112.LBT.D100000002;LP45 DEPÓSITO AGUA * Vano: 162-AC1;'162-AC1;Sí;112-02804118;0,4;0,4;1,41421356;1,4140000000000001;Fachada;Monofásico;;MANGUERA CU(2X4);4;43,2;29,92983795;;5,09;0,12000000000000001;1;Simplex;9/2/1995, 0:00:00;;;;Propio;90;335465,355;4082705,0469;438;335466,355;4082704,0476;438;0484611667LB368759755;0484610523LB368759666;;Andalucía;Andalucía;Ardales;Málaga;;No;;;;;;1;;870287,0874;4089176,9596;870288,1497;4089176,0238;-199862,2096;4109973,7306;-199861,2694;4109972,664;;;;;;
R1-112;'112.BTV.D100000766;;'112.LBT.D100000002;LP45 DEPÓSITO AGUA * Vano: 8-AC1;'8-AC1;Sí;112-02804005;0,4;0,4;1,4142842700000002;1,4140000000000001;Fachada;Monofásico;;MANGUERA CU(2X10);10;135,9;94,1542819;;1,9500000000000002;0,11;1;Simplex;9/2/1995, 0:00:00;;;;Propio;90;335523,354;4082628,0446;450;335522,354;4082627,0451;450;0484544951LB368752918;0484546051LB368752826;;Andalucía;Andalucía;Ardales;Málaga;;No;;;;;;1;;870349,8966;4089103,6556;870348,9601;4089102,5938;-199808,8848;4109892,7611;-199809,9519;4109891,8213;;;;;;
R1-112;'112.BTV.D100000792;;'112.LBT.D100000002;LP45 DEPÓSITO AGUA * Vano: 50-AC1;'50-AC1;Sí;112-02804035;0,4;0,4;1;1;Fachada;Monofásico;;MANGUERA (2X6);6;55;38,10511777;;3,39;0,11;1;Simplex;9/2/1995, 0:00:00;;;;Propio;90;335553,354;4082673,0454;457;335552,354;4082673,0448;457;0484512282LB368757025;0484513404LB368757023;;Andalucía;Andalucía;Ardales;Málaga;;No;;;;;;1;;870377,0457;4089150,5165;870376,0464;4089150,453;-199775,9167;4109936,0237;-199776,9205;4109936,0866;;;;;;
R1-112;'112.BTV.D100000424;;'112.LBT.D100000002;LP45 DEPÓSITO AGUA * Vano: 67-68;'67-68;No;;0,4;0,4;3,16227766;3,162;Fachada;Trifásico;;MANGUERA CU(4X16);16;146,1;101,22104919;;1,22;0,11;1;Simplex;9/2/1995, 0:00:00;;;;Propio;90;335507,355;4082722,0461;445;335506,355;4082725,0466;445;0484564933LB368761359;0484566119LB368761628;;Andalucía;Andalucía;Ardales;Málaga;;No;;;;;;1;;870327,9913;4089196,5916;870326,8031;4089199,5273;-199818,975;4109988,1262;-199819,7882;4109991,2013;;;;;;
R1-112;'112.BTV.D100000772;;'112.LBT.D100000002;LP45 DEPÓSITO AGUA * Vano: 17-AC1;'17-AC1;Sí;112-0280400;0,4;0,4;1;1;Fachada;Monofásico;;MANGUERA CU(2X10);10;135,9;94,1542819;;1,9500000000000002;0,11;1;Simplex;9/2/1995, 0:00:00;;;;Propio;90;335513,354;4082658,0451;449;335514,354;4082658,0446;449;0484556817LB368755603;0484555695LB368755605;;Andalucía;Andalucía;Ardales;Málaga;;No;;;;;;1;;870338,0147;4089133,008;870339,0141;4089133,0705;-199817,017;4109923,5074;-199816,0135;4109923,4435;;;;;;
R1-112;'112.BTV.D100000640;;'112.LBT.D100000002;LP45 DEPÓSITO AGUA * Vano: 137-141;'137-141;No;;0,4;0,4;13,92838828;14,491;Fachada;Trifásico;;MANGUERA CU(4X16);16;146,1;101,22104919;;1,22;0,11;1;Simplex;9/2/1995, 0:00:00;;;;Propio;90;335515,355;4082790,0474;442;335528,355;4082795,0458;442;0484557435LB368767500;0484542964LB368767973;;Andalucía;Andalucía;Ardales;Málaga;;No;;;;;;1;;870331,7064;4089265,054;870344,3837;4089270,8675;-199806,628;4110055,8711;-199793,2626;4110060,0626;;;;;;
R1-112;'112.BTV.D100000716;;'112.LBT.D100000002;LP45 DEPÓSITO AGUA * Vano: 184-185;'184-185;No;;0,4;0,4;5,09901951;5,099;Fachada;Trifásico;;MANGUERA CU(4X16);16;146,1;101,22104919;;1,22;0,11;1;Simplex;9/2/1995, 0:00:00;;;;Propio;90;335416,355;4082677,0468;438;335417,355;4082672,0473;438;0484666012LB368757146;0484664782LB368756698;;Andalucía;Andalucía;Ardales;Málaga;;No;;;;;;1;;870239,8803;4089145,8929;870241,1943;4089140,9596;-199913,1686;4109948,7377;-199912,4824;4109943,6563;;;;;;
R1-112;'112.BTV.P200000001;;'112.LBT.D200000129;LP36 CANTARRA,PRADO, AND NAVARRE * V: 175-262;'175-262;No;;0,4;0,4;1;1;Aérea;Trifásico;;RZ 3X95 AL /54.6;95;230;159,3486743;;0,193;0,09000000000000001;1;Simplex;9/2/2015, 0:00:00;;;;Propio;100;335618,356;4082869,0447;426;335619,356;4082869,0453;426;0484443631LB368774797;0484442510LB368774799;;Andalucía;Andalucía;Ardales;Málaga;;No;;;;;112.APO.SG000399972;1;;870429,6711;4089350,485;870430,6706;4089350,5486;-199698,2305;4110128,6211;-199697,2267;4110128,5582;;;;;;
R1-112;'112.BTV.D100000152;;'112.LBT.D200000129;LP36 CANTARRA,PRADO, AND NAVARRE * V: 101-AC1;'101-AC1;Sí;112-02802083;0,4;0,4;1,41421356;1,4140000000000001;Fachada;Monofásico;;MANGUERA CU(2X6);6;114,3;'79,18936292000001;;3,39;0,11;1;Simplex;9/2/1995, 0:00:00;;;;Propio;100;335643,356;4082887,0456;419;335644,356;4082888,0452;419;0484415983LB368776463;0484414883LB368776554;;Andalucía;Andalucía;Ardales;Málaga;;No;;;;;;1;;870453,5227;4089370,0483;870454,4592;4089371,1102;-199671,9951;4110145,1013;-199670,9279;4110146,0411;;;;;;
R1-112;'112.BTV.D100000402;;'112.LBT.D100000002;LP45 DEPÓSITO AGUA * Vano: 45-46;'45-46;No;;0,4;0,4;3,15288725;3,162;Fachada;Trifásico;;MANGUERA CU(4X6);6;83,8;58,05834307;;3,39;0,11;1;Simplex;9/2/1995, 0:00:00;;;;Propio;90;335538,355;4082702,0448;451;335539,355;4082699,0454;451;0484529732LB368759611;0484528546LB368759343;;Andalucía;Andalucía;Ardales;Málaga;;No;;;;;;1;;870360,2309;4089178,5539;870361,419;4089175,6193;-199789,1301;4109966,0827;-199788,3168;4109963,0087;;;;;;
R1-112;'112.BTV.D100000764;;'112.LBT.D100000002;LP45 DEPÓSITO AGUA * Vano: 6-AC2;'6-AC2;Sí;112-02804003;0,4;0,4;2,23615742;2,236;Fachada;Monofásico;;MANGUERA CU(2X16);16;177,8;123,18345343;;1,22;0,11;1;Simplex;9/2/1995, 0:00:00;;;;Propio;90;335531,354;4082614,0452;457;335532,354;4082612,0447;457;0484535676LB368751670;0484534511LB368751492;;Andalucía;Andalucía;Ardales;Málaga;;No;;;;;;1;;870358,7728;4089090,1684;870359,898;4089088,2321;-199801,7439;4109878,202;-199800,8673;4109876,1306;;;;;;
R1-112;'112.BTV.D100000263;;'112.LBT.D200000129;LP36 CANTARRA,PRADO, AND NAVARRE * V: 168-169;'168-169;No;;0,4;0,4;6,40312424;6,4030000000000005;Fachada;Trifásico;;MANGUERA CU(4X10);10;111,8;77,45731211;;1,9500000000000002;0,11;1;Simplex;9/2/1995, 0:00:00;;;;Propio;100;335680,355;4082823,044;438;335685,355;4082819,044;438;0484373102LB368770760;0484367407LB368770409;;Andalucía;Andalucía;Ardales;Málaga;;No;;;;;;1;;870494,527;4089308,4152;870499,7756;4089304,7323;-199638,9228;4110078,514;-199634,1582;4110074,1817;;;;;;
R1-112;'112.BTV.D200000312;;'112.LBT.D200000129;LP36 CANTARRA,PRADO, AND NAVARRE * V: 3-4;'3-4;No;;0,4;0,4;5,3755953199999995;6;Subterránea;Trifásico;;RV 3X240 AL /150;240;320;221,70250337;;0,125;0,08;1;Simplex;9/2/1995, 0:00:00;;;;Propio;100;335599,91;4082622,5226;471;335605,285;4082622,4387;471;0484458975LB368752554;0484452946LB368752555;;Andalucía;Andalucía;Ardales;Málaga;;No;;;;;;1;;870426,7525;4089102,9552;870432,1295;4089103,2097;-199732,3961;4109882,3582;-199727,0066;4109881,9328;;;;;;
R1-112;'112.BTV.D100000803;;'112.LBT.D100000002;LP45 DEPÓSITO AGUA * Vano: 64-AC1;'64-AC1;Sí;112-02804046;0,4;0,4;1;1;Fachada;Monofásico;;MANGUERA (2X6);6;55;38,10511777;;3,39;0,11;1;Simplex;9/2/1995, 0:00:00;;;;Propio;90;335522,355;4082724,0458;445;335522,355;4082723,0458;445;0484548153LB368761566;0484548132LB368761476;;Andalucía;Andalucía;Ardales;Málaga;;No;;;;;;1;;870342,8561;4089199,5341;870342,9191;4089198,5347;-199803,7925;4109989,1809;-199803,856;4109988,1772;;;;;;
R1-112;'112.BTV.D200000335;;'112.LBT.D200000129;LP36 CANTARRA,PRADO, AND NAVARRE * V: 18-19;'18-19;No;;0,4;0,4;33,10537722;34,583;Subterránea;Trifásico;;RV 4X50 AL;50;120;83,13843876;;0,387;0,1;1;Simplex;9/2/1995, 0:00:00;;;;Propio;100;335695,354;4082597,0414;439;335709,353;4082567,0416;439;0484351384LB368750424;0484335035LB368747745;;Andalucía;Andalucía;Ardales;Málaga;;No;;;;112.ARQ.SG000556500;112.ARQ.SG000556513;1;;870523,741;4089083,4969;870539,6193;4089054,3968;-199638,2168;4109850,7233;-199626,0707;4109819,7239;;;;;;
R1-112;'112.BTV.D100000501;;'112.LBT.D200000129;LP36 CANTARRA,PRADO, AND NAVARRE * V: 230-AC1;'230-AC1;Sí;112-02802194;0,4;0,4;1,41421356;1,4140000000000001;Fachada;Monofásico;;MANGUERA (2X6);6;55;38,10511777;;3,39;0,11;1;Simplex;9/2/1995, 0:00:00;;;;Propio;100;335574,355;4082836,0458;431;335573,355;4082835,0463;431;0484492264LB368771747;0484493363LB368771656;;Andalucía;Andalucía;Ardales;Málaga;;No;;;;;;1;;870387,7746;4089314,7372;870386,838;4089313,6754;-199744,4893;4110098,2938;-199745,5565;4110097,354;;;;;;
R1-112;'112.BTV.D100000040;;'112.LBT.D200000129;LP36 CANTARRA,PRADO, AND NAVARRE * V: 42-43;'42-43;No;;0,4;0,4;15,26433752;15,264;Aérea;Trifásico;;RZ 4X25 AL;25;100;69,2820323;;0,727;0,11;1;Simplex;9/2/1995, 0:00:00;;;;Propio;100;335726,354;4082692,0426;439;335739,354;4082684,0413;439;0484318676LB368759037;0484303923LB368758339;;Andalucía;Andalucía;Ardales;Málaga;;No;;;;;112.APO.SG000400054;1;;870548,7426;4089180,3902;870562,2381;4089173,212;-199601,0708;4109944,1077;-199588,5307;4109935,2515;;;;;;
R1-112;'112.BTV.D100000114;;'112.LBT.D200000129;LP36 CANTARRA,PRADO, AND NAVARRE * V: 83-AC1;'83-AC1;Sí;112-02802063;0,4;0,4;1;1;Fachada;Monofásico;;MANGUERA CU(2X4);4;43,2;29,92983795;;5,09;0,12000000000000001;1;Simplex;9/2/1995, 0:00:00;;;;Propio;100;335677,355;4082857,0445;432;335677,355;4082856,0445;432;0484377203LB368773819;0484377181LB368773729;;Andalucía;Andalucía;Ardales;Málaga;;No;;;;;;1;;870489,3888;4089342,2057;870489,4518;4089341,2064;-199639,7752;4110112,8306;-199639,8386;4110111,8269;;;;;;
R1-112;'112.BTV.D100000140;;'112.LBT.D200000129;LP36 CANTARRA,PRADO, AND NAVARRE * V: 94-95;'94-95;No;;0,4;0,4;3,6055512800000002;7,874;Fachada;Monofásico;;RZ 2X25 AL;25;100;69,2820323;;0,727;0,11;1;Simplex;9/2/1995, 0:00:00;;;;Propio;100;335638,356;4082883,0446;419;335635,356;4082885,0448;419;0484421504LB368776093;0484424912LB368776268;;Andalucía;Andalucía;Ardales;Málaga;;No;;;;;;1;;870448,7776;4089365,735;870445,6536;4089367,5452;-199677,2676;4110141,4029;-199680,1517;4110143,601;;;;;;
R1-112;'112.BTV.D100000628;;'112.LBT.D100000002;LP45 DEPÓSITO AGUA * Vano: 132-AC1;'132-AC1;Sí;112-02804098;0,4;0,4;1,41421356;1,4140000000000001;Fachada;Monofásico;;MANGUERA CU(2X4);4;43,2;29,92983795;;5,09;0,12000000000000001;1;Simplex;9/2/1995, 0:00:00;;;;Propio;90;335511,355;4082761,0457;443;335510,355;4082760,0461;443;0484561292LB368764880;0484562392LB368764788;;Andalucía;Andalucía;Ardales;Málaga;;No;;;;;;1;;870329,5342;4089235,8186;870328,5978;4089234,7568;-199812,4841;4110027,0161;-199813,5513;4110026,0763;;;;;;
R1-112;'112.BTV.D100000541;;'112.LBT.D100000002;LP45 DEPÓSITO AGUA * Vano: 84-85;'84-85;No;;0,4;0,4;1;1;Fachada;Trifásico;;MANGUERA CU(4X10);10;111,8;77,45731211;;1,9500000000000002;0,11;1;Simplex;9/2/1995, 0:00:00;;;;Propio;90;335504,355;4082677,0461;446;335504,355;4082678,0461;446;0484567321LB368757300;0484567343LB368757390;;Andalucía;Andalucía;Ardales;Málaga;;No;;;;112.APO.SG000399841;;1;;870327,8254;4089151,4308;870327,7625;4089152,4302;-199824,8431;4109943,1501;-199824,7796;4109944,1538;;;;;;
R1-112;'112.BTV.D200000336;;'112.LBT.D200000129;LP36 CANTARRA,PRADO, AND NAVARRE * V: 19-AC1;'19-AC1;Sí;112-02802009;0,4;0,4;5;5;Subterránea;Monofásico;;RZ 2X16 AL;16;70;48,49742261;;1,15;0,10500000000000001;1;Simplex;9/2/1995, 0:00:00;;;;Propio;100;335709,353;4082567,0416;439;335714,353;4082567,0416;439;0484335035LB368747745;0484329428LB368747754;;Andalucía;Andalucía;Ardales;Málaga;;No;;;;112.ARQ.SG000556513;;1;;870539,6193;4089054,3968;870544,6162;4089054,7115;-199626,0707;4109819,7239;-199621,0522;4109819,4065;;;;;;
R1-112;'112.BTV.D100000605;;'112.LBT.D100000002;LP45 DEPÓSITO AGUA * Vano: 119-120;'119-120;No;;0,4;0,4;1;1;Fachada;Trifásico;;RZ 4X50 AL;50;150;103,92304845;;0,387;0,1;1;Simplex;9/2/1995, 0:00:00;;;;Propio;90;335500,355;4082785,0466;438;335501,355;4082785,0472;438;0484574149LB368767023;0484573028LB368767025;;Andalucía;Andalucía;Ardales;Málaga;;No;;;;;;1;;870317,0305;4089259,1123;870318,0299;4089259,1758;-199822,001;4110051,8042;-199820,9972;4110051,7413;;;;;;
R1-112;'112.BTV.D100000695;;'112.LBT.D100000002;LP45 DEPÓSITO AGUA * Vano: 172-AC1;'172-AC1;Sí;112-02804125;0,4;0,4;1;1;Fachada;Trifásico;;MANGUERA CU(4X10);10;111,8;77,45731211;;1,9500000000000002;0,11;1;Simplex;9/2/1995, 0:00:00;;;;Propio;90;335435,355;4082690,0467;438;335435,355;4082691,0467;438;0484644986LB368758351;0484645008LB368758441;;Andalucía;Andalucía;Ardales;Málaga;;No;;;;112.APO.SG000399774;;1;;870258,0502;4089160,0806;870257,9873;4089161,0799;-199893,273;4109960,5795;-199893,2095;4109961,5832;;;;;;
R1-112;'112.BTV.D100000162;;'112.LBT.D200000129;LP36 CANTARRA,PRADO, AND NAVARRE * V: 106-AC1;'106-AC1;Sí;112-02802088;0,4;0,4;1,41421356;1,4140000000000001;Fachada;Monofásico;;MANGUERA (2X6);6;55;38,10511777;;3,39;0,11;1;Simplex;9/2/1995, 0:00:00;;;;Propio;100;335659,356;4082878,045;424;335660,356;4082879,0445;424;0484397844LB368775679;0484396744LB368775771;;Andalucía;Andalucía;Ardales;Málaga;;No;;;;;;1;;870470,0792;4089362,0603;870471,0157;4089363,1222;-199656,5074;4110135,0515;-199655,4402;4110135,9913;;;;;;
R1-112;'112.BTV.D100000029;;'112.LBT.D200000129;LP36 CANTARRA,PRADO, AND NAVARRE * V: 35-36;'35-36;No;;0,4;0,4;14,03559764;14,036;Fachada;Trifásico;;RZ 4X50 AL;50;150;103,92304845;;0,387;0,1;1;Simplex;9/2/1995, 0:00:00;;;;Propio;100;335717,355;4082747,0425;443;335718,354;4082733,042;443;0484329959LB368763977;0484328536LB368762717;;Andalucía;Andalucía;Ardales;Málaga;;No;;;;;;1;;870536,2875;4089234,7896;870538,1671;4089220,8607;-199606,6112;4109999,8823;-199606,4974;4109985,7666;;;;;;
R1-112;'112.BTV.D100000610;;'112.LBT.D100000002;LP45 DEPÓSITO AGUA * Vano: 120-123;'120-123;No;;0,4;0,4;4,12310563;6,481;Fachada;Trifásico;;MANGUERA CU(4X10);10;111,8;77,45731211;;1,9500000000000002;0,11;1;Simplex;9/2/1995, 0:00:00;;;;Propio;90;335501,355;4082785,0472;443;335502,355;4082781,0467;443;0484573028LB368767025;0484571820LB368766667;;Andalucía;Andalucía;Ardales;Málaga;;No;;;;;;1;;870318,0299;4089259,1758;870319,281;4089255,2408;-199820,9972;4110051,7413;-199820,2476;4110047,6625;;;;;;
R1-112;'112.BTV.D100000099;;'112.LBT.D200000129;LP36 CANTARRA,PRADO, AND NAVARRE * V: 75-76;'75-76;No;;0,4;0,4;5;5;Fachada;Trifásico;;MANGUERA CU(4X10);10;111,8;77,45731211;;1,9500000000000002;0,11;1;Simplex;9/2/1995, 0:00:00;;;;Propio;100;335671,355;4082871,044;424;335667,3549;4082874,0436;424;0484384235LB368775070;0484388786LB368775333;;Andalucía;Andalucía;Ardales;Málaga;;No;;;;;;1;;870482,5114;4089355,8189;870478,325;4089358,5648;-199644,9085;4110127,2628;-199648,7329;4110130,5275;;;;;;
R1-112;'112.BTV.D200000320;;'112.LBT.D200000129;LP36 CANTARRA,PRADO, AND NAVARRE * V: 11-AC1;'11-AC1;Sí;112-02802001;0,4;0,4;2,23606798;13,191;Fachada;Monofásico;;MANGUERA CU(2X6);6;114,3;'79,18936292000001;;3,39;0,11;1;Simplex;9/2/1995, 0:00:00;;;;Propio;100;335672,355;4082745,0426;447;335674,355;4082744,0429;447;0484380384LB368763719;0484378119LB368763632;;Andalucía;Andalucía;Ardales;Málaga;;No;;;;;;1;;870491,4413;4089229,9587;870493,503;4089229,0854;-199651,9046;4110000,7321;-199649,9607;4109999,6016;;;;;;
R1-112;'112.BTV.D100000674;;'112.LBT.D100000002;LP45 DEPÓSITO AGUA * Vano: 160-AC1;'160-AC1;Sí;112-02804116;0,4;0,4;1;1;Fachada;Monofásico;;MANGUERA CU(2X4);4;43,2;29,92983795;;5,09;0,12000000000000001;1;Simplex;9/2/1995, 0:00:00;;;;Propio;90;335461,355;4082702,0466;438;335461,355;4082701,0466;438;0484616088LB368759477;0484616066LB368759387;;Andalucía;Andalucía;Ardales;Málaga;;No;;;;;;1;;870283,2787;4089173,7094;870283,3417;4089172,71;-199866,4149;4109970,9731;-199866,4784;4109969,9694;;;;;;
R1-112;'112.BTV.D100000224;;'112.LBT.D200000129;LP36 CANTARRA,PRADO, AND NAVARRE * V: 138-139;'138-139;No;;0,4;0,4;1,41421356;1,4140000000000001;Fachada;Trifásico;;MANGUERA CU(4X16);16;146,1;101,22104919;;1,22;0,11;1;Simplex;9/2/1995, 0:00:00;;;;Propio;100;335561,356;4082906,0468;419;335562,356;4082907,0475;419;0484508360LB368778032;0484507260LB368778124;;Andalucía;Andalucía;Ardales;Málaga;;No;;;;112.APO.SG000399906;;1;;870370,3778;4089383,8765;870371,3141;4089384,9395;-199753,0919;4110169,379;-199752,0247;4110170,3199;;;;;;
R1-112;'112.BTV.D100000437;;'112.LBT.D200000129;LP36 CANTARRA,PRADO, AND NAVARRE * V: 154-AC1;'154-AC1;Sí;112-02802130;0,4;0,4;1;1;Fachada;Monofásico;;MANGUERA (2X6);6;55;38,10511777;;3,39;0,11;1;Simplex;9/2/1995, 0:00:00;;;;Propio;100;335684,355;4082830,0445;438;335684,355;4082831,0445;438;0484368767LB368771398;0484368789LB368771488;;Andalucía;Andalucía;Ardales;Málaga;;No;;;;;;1;;870498,0839;4089315,6631;870498,0209;4089316,6625;-199634,4635;4110085,2864;-199634,4;4110086,2901;;;;;;
R1-112;'112.BTV.D100000740;;'112.LBT.D100000002;LP45 DEPÓSITO AGUA * Vano: 196-AC1;'196-AC1;Sí;112-02804146;0,4;0,4;2;2;Fachada;Monofásico;;MANGUERA (2X6);6;55;38,10511777;;3,39;0,11;1;Simplex;9/2/1995, 0:00:00;;;;Propio;90;335406,355;4082705,0485;434;335408,355;4082705,0486;434;0484677835LB368759652;0484675592LB368759655;;Andalucía;Andalucía;Ardales;Málaga;;No;;;;;;1;;870228,1242;4089173,2478;870230,1229;4089173,3738;-199921,4278;4109977,478;-199919,4205;4109977,3511;;;;;;
R1-112;'112.BTV.D100000531;;'112.LBT.D100000002;LP45 DEPÓSITO AGUA * Vano: 4-79;'4-79;No;;0,4;0,4;61,269454059999994;62,25;Fachada;Trifásico;;RZ 4X150 AL;150;240;166,27687753;;0,124;0,085;1;Simplex;9/2/1995, 0:00:00;;;;Propio;90;335528,354;4082620,0455;446;335501,355;4082675,0464;446;0484539171LB368752206;0484570642LB368757114;;Andalucía;Andalucía;Ardales;Málaga;;No;;;;112.APO.SG000399871;;1;;870355,3969;4089095,9762;870324,9531;4089149,2435;-199804,3741;4109884,415;-199827,9811;4109941,3334;;;;;;
R1-112;'112.BTV.D100000316;;'112.LBT.D200000129;LP36 CANTARRA,PRADO, AND NAVARRE * V: 221-222;'221-222;No;;0,4;0,4;5,385164809999999;5,385;Fachada;Trifásico;;MANGUERA CU(4X10);10;111,8;77,45731211;;1,9500000000000002;0,11;1;Simplex;9/2/1995, 0:00:00;;;;Propio;100;335590,355;4082830,0451;440;335595,355;4082828,045;440;0484474189LB368771235;0484468538LB368771063;;Andalucía;Andalucía;Ardales;Málaga;;No;;;;;;1;;870404,1422;4089309,7473;870409,2651;4089308,0631;-199728,8111;4110091,255;-199723,9196;4110088,93;;;;;;
R1-112;'112.BTV.D100000763;;'112.LBT.D100000002;LP45 DEPÓSITO AGUA * Vano: 6-AC1;'6-AC1;Sí;112-02804002;0,4;0,4;1,42130222;1,4140000000000001;Fachada;Monofásico;;MANGUERA CU(2X4);4;43,2;29,92983795;;5,09;0,12000000000000001;1;Simplex;9/2/1995, 0:00:00;;;;Propio;90;335531,354;4082614,0452;457;335530,354;4082613,0446;457;0484535676LB368751670;0484536776LB368751578;;Andalucía;Andalucía;Ardales;Málaga;;No;;;;;;1;;870358,7728;4089090,1684;870357,8363;4089089,1055;-199801,7439;4109878,202;-199802,8112;4109877,2611;;;;;;
R1-112;'112.BTV.D100000453;;'112.LBT.D200000129;LP36 CANTARRA,PRADO, AND NAVARRE * V: 171-AC1;'171-AC1;Sí;112-02802146;0,4;0,4;1;1;Fachada;Monofásico;;MANGUERA (2X6);6;55;38,10511777;;3,39;0,11;1;Simplex;9/2/1995, 0:00:00;;;;Propio;100;335694,355;4082813,0432;438;335694,355;4082812,0432;438;0484357184LB368769884;0484357162LB368769794;;Andalucía;Andalucía;Ardales;Málaga;;No;;;;;;1;;870509,1477;4089299,3018;870509,2107;4089298,3024;-199625,5059;4110067,5873;-199625,5694;4110066,5836;;;;;;
R1-112;'112.BTV.XX00000005;;'112.LBT.D200000129;LP36 CANTARRA,PRADO, AND NAVARRE * V: 261-AC1;'261-AC1;Sí;112-0440544;0,4;0,4;1;1;Subterránea;Trifásico;;RV 3X50 /50;50;155;107,38715007;;0,387;0,1;1;Simplex;9/2/1995, 0:00:00;;;;Terceros;0;335864,355;4082857,0401;413;335865,355;4082857,0397;413;0484167479LB368774144;0484166357LB368774145;;Andalucía;Andalucía;Ardales;Málaga;;No;;;;112.ARQ.SG000556612;;1;;870676,2732;4089353,9713;870677,2726;4089354,0338;-199452,0842;4110100,9535;-199451,0806;4110100,8896;;;;;;
R1-112;'112.BTV.D100000657;;'112.LBT.D100000002;LP45 DEPÓSITO AGUA * Vano: 150-151;'150-151;No;;0,4;0,4;10,440306510000001;10,44;Fachada;Trifásico;;MANGUERA CU(4X10);10;111,8;77,45731211;;1,9500000000000002;0,11;1;Simplex;9/2/1995, 0:00:00;;;;Propio;90;335555,355;4082804,0466;447;335565,355;4082807,0464;447;0484512879LB368768831;0484501728LB368769119;;Andalucía;Andalucía;Ardales;Málaga;;No;;;;;;1;;870370,8004;4089281,5621;870380,6054;4089285,1894;-199765,5912;4110067,3825;-199755,3637;4110069,7585;;;;;;
R1-112;'112.BTV.D200000323;;'112.LBT.D200000129;LP36 CANTARRA,PRADO, AND NAVARRE * V: 12-AC2;'12-AC2;Sí;112-02802003;0,4;0,4;12,20655562;12,247;Fachada;Monofásico;;MANGUERA CU(2X6);6;114,3;'79,18936292000001;;3,39;0,11;1;Simplex;9/2/1995, 0:00:00;;;;Propio;100;335680,355;4082739,0435;448;335690,355;4082732,0434;448;0484371282LB368763192;0484359915LB368762579;;Andalucía;Andalucía;Ardales;Málaga;;No;;;;;;1;;870499,8139;4089224,4668;870510,2483;4089218,1004;-199644,2559;4109994,2028;-199634,6633;4109986,5419;;;;;;
R1-112;'112.BTV.D100000526;;'112.LBT.D200000129;LP36 CANTARRA,PRADO, AND NAVARRE * V: 246-AC1;'246-AC1;Sí;112-02802219;0,4;0,4;1;1;Fachada;Monofásico;;MANGUERA (2X6);6;55;38,10511777;;3,39;0,11;1;Simplex;9/2/1995, 0:00:00;;;;Propio;100;335552,356;4082856,0462;431;335552,356;4082857,0462;431;0484517369LB368773511;0484517391LB368773601;;Andalucía;Andalucía;Ardales;Málaga;;No;;;;;;1;;870364,5304;4089333,3405;870364,4675;4089334,3399;-199765,2998;4110119,7648;-199765,2364;4110120,7685;;;;;;
R1-112;'112.BTV.D100000145;;'112.LBT.D200000129;LP36 CANTARRA,PRADO, AND NAVARRE * V: 97-98;'97-98;No;;0,4;0,4;1,41421356;1,4140000000000001;Fachada;Monofásico;;MANGUERA CU(2X4);4;43,2;29,92983795;;5,09;0,12000000000000001;1;Simplex;9/2/1995, 0:00:00;;;;Propio;100;335632,356;4082895,0452;419;335633,356;4082894,0447;419;0484428493LB368777164;0484427350LB368777076;;Andalucía;Andalucía;Ardales;Málaga;;No;;;;;;1;;870442,026;4089377,3505;870443,0883;4089376,4136;-199682,5279;4110153,8288;-199681,5877;4110152,7612;;;;;;
R1-112;'112.BTV.D100000548;;'112.LBT.D100000002;LP45 DEPÓSITO AGUA * Vano: 88-AC1;'88-AC1;Sí;112-02804063;0,4;0,4;1;1;Fachada;Monofásico;;MANGUERA CU(2X4);4;43,2;29,92983795;;5,09;0,12000000000000001;1;Simplex;9/2/1995, 0:00:00;;;;Propio;90;335499,355;4082688,0463;445;335500,355;4082688,0458;445;0484573167LB368758282;0484572046LB368758284;;Andalucía;Andalucía;Ardales;Málaga;;No;;;;;;1;;870322,1362;4089162,1095;870323,1356;4089162,1719;-199829,1632;4109954,5084;-199828,1595;4109954,4445;;;;;;
R1-112;'112.BTV.D100000254;;'112.LBT.D200000129;LP36 CANTARRA,PRADO, AND NAVARRE * V: 159-160;'159-160;No;;0,4;0,4;1,41421356;1,4140000000000001;Fachada;Trifásico;;MANGUERA CU(4X6);6;83,8;58,05834307;;3,39;0,11;1;Simplex;9/2/1995, 0:00:00;;;;Propio;100;335652,355;4082842,0446;432;335653,355;4082841,0441;432;0484404916LB368772424;0484403772LB368772335;;Andalucía;Andalucía;Ardales;Málaga;;No;;;;112.APO.SG000399999;;1;;870465,3485;4089325,6416;870466,4108;4089324,7047;-199665,8199;4110099,3625;-199664,8797;4110098,2948;;;;;;
R1-112;'112.BTV.D100000426;;'112.LBT.D100000002;LP45 DEPÓSITO AGUA * Vano: 69-70;'69-70;No;;0,4;0,4;3,16230928;3,162;Fachada;Trifásico;;MANGUERA CU(4X16);16;146,1;101,22104919;;1,22;0,11;1;Simplex;9/2/1995, 0:00:00;;;;Propio;90;335502,355;4082723,0463;445;335499,355;4082722,0466;445;0484570562LB368761441;0484573905LB368761345;;Andalucía;Andalucía;Ardales;Málaga;;No;;;;;;1;;870322,9315;4089197,2765;870319,9963;4089196,0886;-199823,93;4109989,4474;-199827,0045;4109988,6345;;;;;;
R1-112;'112.BTV.D100000497;;'112.LBT.D200000129;LP36 CANTARRA,PRADO, AND NAVARRE * V: 225-AC1;'225-AC1;Sí;112-02802190;0,4;0,4;1;1;Fachada;Monofásico;;MANGUERA (2X6);6;55;38,10511777;;3,39;0,11;1;Simplex;9/2/1995, 0:00:00;;;;Propio;100;335605,355;4082823,0448;440;335605,355;4082822,0448;440;0484457215LB368770630;0484457193LB368770540;;Andalucía;Andalucía;Ardales;Málaga;;No;;;;;;1;;870419,5735;4089303,6954;870419,6364;4089302,696;-199714,2001;4110083,2765;-199714,2636;4110082,2727;;;;;;
R1-112;'112.BTV.D100000069;;'112.LBT.D200000129;LP36 CANTARRA,PRADO, AND NAVARRE * V: 59-60;'59-60;No;;0,4;0,4;11,18033989;11,18;Fachada;Trifásico;;RZ 4X150 AL;150;240;166,27687753;;0,124;0,085;1;Simplex;9/2/1995, 0:00:00;;;;Propio;100;335740,355;4082847,043;428;335735,355;4082837,0429;428;0484306331LB368773027;0484311722LB368772117;;Andalucía;Andalucía;Ardales;Málaga;;No;;;;112.ARQ.SG000556537;;1;;870552,9792;4089336,1757;870548,6117;4089325,8671;-199577,1772;4110098,7922;-199582,8306;4110089,0726;;;;;;
R1-112;'112.BTV.D100000086;;'112.LBT.D200000129;LP36 CANTARRA,PRADO, AND NAVARRE * V: 69-AC1;'69-AC1;Sí;112-02802049;0,4;0,4;1,41421356;1,4140000000000001;Fachada;Monofásico;;MANGUERA (2X2.5);2,5;31,7;21,962404239999998;;8,21;0,12000000000000001;1;Simplex;9/2/1995, 0:00:00;;;;Propio;100;335731,355;4082838,0436;428;335732,355;4082839,0431;428;0484316229LB368772201;0484315129LB368772292;;Andalucía;Andalucía;Ardales;Málaga;;No;;;;;;1;;870544,5512;4089326,6154;870545,4877;4089327,6773;-199586,7819;4110090,331;-199585,7147;4110091,2707;;;;;;
R1-112;'112.BTV.D100000141;;'112.LBT.D200000129;LP36 CANTARRA,PRADO, AND NAVARRE * V: 95-AC1;'95-AC1;Sí;112-02802078;0,4;0,4;1,41414285;1,4140000000000001;Fachada;Monofásico;;MANGUERA CU(2X4);4;43,2;29,92983795;;5,09;0,12000000000000001;1;Simplex;9/2/1995, 0:00:00;;;;Propio;100;335635,356;4082885,0448;419;335634,356;4082884,0453;419;0484424912LB368776268;0484426012LB368776177;;Andalucía;Andalucía;Ardales;Málaga;;No;;;;;;1;;870445,6536;4089367,5452;870444,7171;4089366,4833;-199680,1517;4110143,601;-199681,2189;4110142,6613;;;;;;
R1-112;'112.BTV.D100000679;;'112.LBT.D100000002;LP45 DEPÓSITO AGUA * Vano: 162-163;'162-163;No;;0,4;0,4;7,21110255;8,246;Fachada;Trifásico;;MANGUERA CU(4X10);10;111,8;77,45731211;;1,9500000000000002;0,11;1;Simplex;9/2/1995, 0:00:00;;;;Propio;90;335465,355;4082705,0469;434;335471,355;4082709,0475;434;0484611667LB368759755;0484605024LB368760125;;Andalucía;Andalucía;Ardales;Málaga;;No;;;;;;1;;870287,0874;4089176,9596;870292,8319;4089181,3353;-199862,2096;4109973,7306;-199855,9334;4109977,365;;;;;;
R1-112;'112.BTV.D100000597;;'112.LBT.D100000002;LP45 DEPÓSITO AGUA * Vano: 114-AC1;'114-AC1;Sí;112-02804085;0,4;0,4;1;1;Fachada;Monofásico;;MANGUERA CU(2X4);4;43,2;29,92983795;;5,09;0,12000000000000001;1;Simplex;9/2/1995, 0:00:00;;;;Propio;90;335471,355;4082757,0467;435;335472,355;4082757,0474;435;0484606066LB368764450;0484604944LB368764452;;Andalucía;Andalucía;Ardales;Málaga;;No;;;;;;1;;870289,8109;4089229,3046;870290,8102;4089229,3682;-199852,886;4110025,5419;-199851,8823;4110025,479;;;;;;
R1-112;'112.BTV.D100000512;;'112.LBT.D200000129;LP36 CANTARRA,PRADO, AND NAVARRE * V: 240-AC1;'240-AC1;Sí;112-02802205;0,4;0,4;1;1;Fachada;Monofásico;;MANGUERA (2X6);6;55;38,10511777;;3,39;0,11;1;Simplex;9/2/1995, 0:00:00;;;;Propio;100;335514,356;4082831,047;434;335514,356;4082830,047;434;0484559445LB368771192;0484559423LB368771102;;Andalucía;Andalucía;Ardales;Málaga;;No;;;;;;1;;870328,1275;4089305,9652;870328,1905;4089304,9659;-199805,0276;4110097,0859;-199805,0911;4110096,0822;;;;;;
R1-112;'112.BTV.D100000788;;'112.LBT.D100000002;LP45 DEPÓSITO AGUA * Vano: 46-AC1;'46-AC1;Sí;112-02804031;0,4;0,4;1;1;Fachada;Monofásico;;MANGUERA (2X6);6;55;38,10511777;;3,39;0,11;1;Simplex;9/2/1995, 0:00:00;;;;Propio;90;335539,355;4082699,0454;451;335538,355;4082699,0448;451;0484528546LB368759343;0484529667LB368759341;;Andalucía;Andalucía;Ardales;Málaga;;No;;;;;;1;;870361,419;4089175,6193;870360,4197;4089175,5557;-199788,3168;4109963,0087;-199789,3206;4109963,0716;;;;;;
R1-112;'112.BTV.D100000593;;'112.LBT.D100000002;LP45 DEPÓSITO AGUA * Vano: 112-AC1;'112-AC1;Sí;112-02804083;0,4;0,4;1;1;Fachada;Monofásico;;MANGUERA CU(2X4);4;43,2;29,92983795;;5,09;0,12000000000000001;1;Simplex;9/2/1995, 0:00:00;;;;Propio;90;335474,355;4082747,0475;441;335475,355;4082747,047;441;0484602484LB368763554;0484601363LB368763556;;Andalucía;Andalucía;Ardales;Málaga;;No;;;;;;1;;870293,4383;4089219,5004;870294,4377;4089219,5629;-199850,5098;4110015,3151;-199849,5061;4110015,2512;;;;;;
R1-112;'112.BTV.D100000262;;'112.LBT.D200000129;LP36 CANTARRA,PRADO, AND NAVARRE * V: 167-168;'167-168;No;;0,4;0,4;6,40312424;6,4030000000000005;Fachada;Trifásico;;MANGUERA CU(4X10);10;111,8;77,45731211;;1,9500000000000002;0,11;1;Simplex;9/2/1995, 0:00:00;;;;Propio;100;335675,355;4082827,0441;438;335680,355;4082823,044;438;0484378796LB368771112;0484373102LB368770760;;Andalucía;Andalucía;Ardales;Málaga;;No;;;;;;1;;870489,2783;4089312,0981;870494,527;4089308,4152;-199643,6873;4110082,8463;-199638,9228;4110078,514;;;;;;
R1-112;'112.BTV.D100000496;;'112.LBT.D200000129;LP36 CANTARRA,PRADO, AND NAVARRE * V: 224-AC1;'224-AC1;Sí;112-02802189;0,4;0,4;1;1;Fachada;Monofásico;;MANGUERA (2X6);6;55;38,10511777;;3,39;0,11;1;Simplex;9/2/1995, 0:00:00;;;;Propio;100;335600,355;4082826,0449;440;335600,355;4082825,0449;440;0484462887LB368770892;0484462866LB368770801;;Andalucía;Andalucía;Ardales;Málaga;;No;;;;;;1;;870414,3878;4089306,379;870414,4507;4089305,3796;-199719,0281;4110086,6051;-199719,0916;4110085,6014;;;;;;
R1-112;'112.BTV.D100000303;;'112.LBT.D200000129;LP36 CANTARRA,PRADO, AND NAVARRE * V: 208-209;'208-209;No;;0,4;0,4;3,6055512800000002;3,606;Fachada;Trifásico;;MANGUERA CU(4X10);10;111,8;77,45731211;;1,9500000000000002;0,11;1;Simplex;9/2/1995, 0:00:00;;;;Propio;100;335659,355;4082786,0444;447;335657,355;4082789,0442;447;0484395852LB368767390;0484398160LB368767657;;Andalucía;Andalucía;Ardales;Málaga;;No;;;;;;1;;870475,8688;4089270,1168;870473,6812;4089272,9888;-199662,3495;4110042,7107;-199664,1665;4110045,8486;;;;;;
R1-112;'112.BTV.D100000811;;'112.LBT.D100000002;LP45 DEPÓSITO AGUA * Vano: 77-AC1;'77-AC1;Sí;112-02804054;0,4;0,4;1;1;Fachada;Monofásico;;MANGUERA (2X6);6;55;38,10511777;;3,39;0,11;1;Simplex;9/2/1995, 0:00:00;;;;Propio;90;335493,355;4082720,046;440;335493,355;4082719,046;440;0484580590LB368761155;0484580568LB368761065;;Andalucía;Andalucía;Ardales;Málaga;;No;;;;;;1;;870314,1259;4089193,7116;870314,1889;4089192,7123;-199833,1538;4109987,0075;-199833,2172;4109986,0038;;;;;;
R1-112;'112.BTV.D100000315;;'112.LBT.D200000129;LP36 CANTARRA,PRADO, AND NAVARRE * V: 220-221;'220-221;No;;0,4;0,4;1;1;Fachada;Trifásico;;MANGUERA CU(4X16);16;146,1;101,22104919;;1,22;0,11;1;Simplex;9/2/1995, 0:00:00;;;;Propio;100;335591,355;4082830,0446;440;335590,355;4082830,0451;440;0484473068LB368771236;0484474189LB368771235;;Andalucía;Andalucía;Ardales;Málaga;;No;;;;112.APO.SG000399952;;1;;870405,1417;4089309,8097;870404,1422;4089309,7473;-199727,8074;4110091,191;-199728,8111;4110091,255;;;;;;
R1-112;'112.BTV.D100000450;;'112.LBT.D200000129;LP36 CANTARRA,PRADO, AND NAVARRE * V: 168-AC1;'168-AC1;Sí;112-02802143;0,4;0,4;1;1;Fachada;Monofásico;;MANGUERA (2X6);6;55;38,10511777;;3,39;0,11;1;Simplex;9/2/1995, 0:00:00;;;;Propio;100;335680,355;4082823,044;438;335680,355;4082822,044;438;0484373102LB368770760;0484373080LB368770670;;Andalucía;Andalucía;Ardales;Málaga;;No;;;;;;1;;870494,527;4089308,4152;870494,5899;4089307,4158;-199638,9228;4110078,514;-199638,9862;4110077,5103;;;;;;
R1-112;'112.BTV.D100000483;;'112.LBT.D200000129;LP36 CANTARRA,PRADO, AND NAVARRE * V: 210-AC1;'210-AC1;Sí;112-02802176;0,4;0,4;1;1;Fachada;Monofásico;;MANGUERA (2X6);6;55;38,10511777;;3,39;0,11;1;Simplex;9/2/1995, 0:00:00;;;;Propio;100;335652,355;4082793,0442;447;335653,355;4082793,0438;447;0484403854LB368768009;0484402732LB368768010;;Andalucía;Andalucía;Ardales;Málaga;;No;;;;;;1;;870468,4325;4089276,6717;870469,4319;4089276,7342;-199668,931;4110050,1809;-199667,9273;4110050,117;;;;;;
R1-112;'112.BTV.D100000243;;'112.LBT.D200000129;LP36 CANTARRA,PRADO, AND NAVARRE * V: 148-149;'148-149;No;;0,4;0,4;1;1;Subterránea;Trifásico;;RV 4X240 AL;240;320;221,70250337;;0,125;0,08;1;Simplex;9/2/1995, 0:00:00;;;;Propio;100;335704,355;4082816,0432;436;335704,355;4082817,0432;436;0484346034LB368770171;0484346055LB368770262;;Andalucía;Andalucía;Ardales;Málaga;;No;;;;112.ARQ.SG000556510;112.ARQ.SG000556511;1;;870518,9527;4089302,9293;870518,8898;4089303,9287;-199615,2785;4110069,9635;-199615,215;4110070,9672;;;;;;
R1-112;'112.BTV.D100000236;;'112.LBT.D200000129;LP36 CANTARRA,PRADO, AND NAVARRE * V: 144-AC1;'144-AC1;Sí;112-02802124;0,4;0,4;1,41414285;1,4140000000000001;Fachada;Monofásico;;MANGUERA CU(2X6);6;114,3;'79,18936292000001;;3,39;0,11;1;Simplex;9/2/1995, 0:00:00;;;;Propio;100;335554,356;4082892,0466;419;335553,356;4082891,0471;419;0484515907LB368776758;0484517007LB368776666;;Andalucía;Andalucía;Ardales;Málaga;;No;;;;;;1;;870364,2633;4089369,4444;870363,3268;4089368,3826;-199761,0067;4110155,7715;-199762,0739;4110154,8317;;;;;;
R1-112;'112.BTV.D100000039;;'112.LBT.D200000129;LP36 CANTARRA,PRADO, AND NAVARRE * V: 38-42;'38-42;No;;0,4;0,4;8,06225775;9;Fachada;Trifásico;;RZ 4X25 AL;25;100;69,2820323;;0,727;0,11;1;Simplex;9/2/1995, 0:00:00;;;;Propio;100;335719,354;4082696,0424;439;335726,354;4082692,0426;439;0484326613LB368759386;0484318676LB368759037;;Andalucía;Andalucía;Ardales;Málaga;;No;;;;112.APO.SG000400045;;1;;870541,4952;4089183,947;870548,7426;4089180,3902;-199607,8427;4109948,5668;-199601,0708;4109944,1077;;;;;;
R1-112;'112.BTV.D100000104;;'112.LBT.D200000129;LP36 CANTARRA,PRADO, AND NAVARRE * V: 78-79;'78-79;No;;0,4;0,4;1,41421356;1,4140000000000001;Fachada;Trifásico;;RV 4X150 AL;150;240;166,27687753;;0,124;0,085;1;Simplex;9/2/1995, 0:00:00;;;;Propio;100;335661,355;4082867,044;424;335662,355;4082866,0436;424;0484395364LB368774692;0484394220LB368774603;;Andalucía;Andalucía;Ardales;Málaga;;No;;;;112.APO.SG000400007;;1;;870472,7694;4089351,192;870473,8317;4089350,2551;-199655,1995;4110123,883;-199654,2593;4110122,8153;;;;;;
R1-112;'112.BTV.D200000339;;'112.LBT.D200000129;LP36 CANTARRA,PRADO, AND NAVARRE * V: 8-21;'8-21;No;;0,4;0,4;21,26029163;24,413;Subterránea;Trifásico;;RV 4X240 AL;240;320;221,70250337;;0,125;0,08;1;Simplex;9/2/1995, 0:00:00;;;;Propio;100;335667,355;4082749,0427;448;335681,355;4082765,0432;448;0484386078LB368764070;0484370723LB368765536;;Andalucía;Andalucía;Ardales;Málaga;;No;;;;112.ARQ.SG000556486;112.ARQ.SG000556491;1;;870486,1927;4089233,6416;870499,1769;4089250,5133;-199656,6691;4110005,0644;-199641,6015;4110020,2351;;;;;;
R1-112;'112.BTV.D100000446;;'112.LBT.D200000129;LP36 CANTARRA,PRADO, AND NAVARRE * V: 164-AC1;'164-AC1;Sí;112-02802139;0,4;0,4;0,9999;1;Fachada;Monofásico;;MANGUERA (2X6);6;55;38,10511777;;3,39;0,11;1;Simplex;9/2/1995, 0:00:00;;;;Propio;100;335659,355;4082838,0436;432;335659,355;4082837,0436;432;0484396978LB368772075;0484396957LB368771985;;Andalucía;Andalucía;Ardales;Málaga;;No;;;;;;1;;870472,5959;4089322,0837;870472,6588;4089321,0843;-199659,0481;4110094,9023;-199659,1116;4110093,8986;;;;;;
R1-112;'112.BTV.D100000797;;'112.LBT.D100000002;LP45 DEPÓSITO AGUA * Vano: 55-AC1;'55-AC1;Sí;112-02804040;0,4;0,4;1;1;Fachada;Monofásico;;MANGUERA (2X6);6;55;38,10511777;;3,39;0,11;1;Simplex;9/2/1995, 0:00:00;;;;Propio;90;335531,355;4082719,046;450;335530,355;4082719,0465;450;0484537952LB368761131;0484539073LB368761129;;Andalucía;Andalucía;Ardales;Málaga;;No;;;;;;1;;870352,1652;4089195,1039;870351,1658;4089195,0414;-199795,0766;4109983,5912;-199796,0803;4109983,6551;;;;;;
R1-112;'112.BTV.D100000323;;'112.LBT.D200000129;LP36 CANTARRA,PRADO, AND NAVARRE * V: 228-229;'228-229;No;;0,4;0,4;5,385164809999999;10,488;Fachada;Trifásico;;MANGUERA CU(4X16);16;146,1;101,22104919;;1,22;0,11;1;Simplex;9/2/1995, 0:00:00;;;;Propio;100;335587,355;4082832,0464;431;335582,355;4082834,0465;431;0484477597LB368771410;0484483248LB368771581;;Andalucía;Andalucía;Ardales;Málaga;;No;;;;;;1;;870401,0181;4089311,5586;870395,8954;4089313,2427;-199731,6952;4110093,4542;-199736,5866;4110095,7792;;;;;;
R1-112;'112.BTV.D100000398;;'112.LBT.D100000002;LP45 DEPÓSITO AGUA * Vano: 41-42;'41-42;No;;0,4;0,4;1,4142842700000002;1,4140000000000001;Fachada;Trifásico;;MANGUERA CU(4X6);6;83,8;58,05834307;;3,39;0,11;1;Simplex;9/2/1995, 0:00:00;;;;Propio;90;335565,354;4082664,0442;457;335564,354;4082665,0436;457;0484498629LB368756234;0484499773LB368756323;;Andalucía;Andalucía;Ardales;Málaga;;No;;;;112.APO.SG000399910;;1;;870389,6048;4089142,2762;870388,5424;4089143,212;-199764,4438;4109926,2274;-199765,3841;4109927,294;;;;;;
R1-112;'112.BTV.D100000321;;'112.LBT.D200000129;LP36 CANTARRA,PRADO, AND NAVARRE * V: 226-227;'226-227;No;;0,4;0,4;3,16227766;3,162;Fachada;Trifásico;;MANGUERA CU(4X6);6;83,8;58,05834307;;3,39;0,11;1;Simplex;9/2/1995, 0:00:00;;;;Propio;100;335611,355;4082818,0453;440;335610,355;4082815,0446;440;0484450377LB368770190;0484451434LB368769918;;Andalucía;Andalucía;Ardales;Málaga;;No;;;;;;1;;870425,8845;4089299,0767;870425,0739;4089296,015;-199708,4953;4110077,8776;-199709,6895;4110074,9293;;;;;;
R1-112;'112.BTV.D100000005;;'112.LBT.D200000129;LP36 CANTARRA,PRADO, AND NAVARRE * V: 23-24;'23-24;No;;0,4;0,4;24,083189160000003;25,377;Subterránea;Trifásico;;RV 4X240 AL;240;320;221,70250337;;0,125;0,08;1;Simplex;9/2/1995, 0:00:00;;;;Propio;100;335698,355;4082783,0435;440;335714,355;4082801,0431;440;0484352048LB368767188;0484334494LB368768837;;Andalucía;Andalucía;Ardales;Málaga;;No;;;;112.ARQ.SG000556504;112.ARQ.SG000556516;1;;870515,0334;4089269,5724;870529,8905;4089288,5679;-199623,3958;4110037,2227;-199606,1939;4110054,273;;;;;;
R1-112;'112.BTV.D100000178;;'112.LBT.D200000129;LP36 CANTARRA,PRADO, AND NAVARRE * V: 114-AC1;'114-AC1;Sí;112-02802096;0,4;0,4;1,41421356;1,4140000000000001;Fachada;Monofásico;;MANGUERA (2X2.5);2,5;31,7;21,962404239999998;;8,21;0,12000000000000001;1;Simplex;9/2/1995, 0:00:00;;;;Propio;100;335605,356;4082918,0466;415;335606,356;4082919,0461;415;0484459273LB368779190;0484458173LB368779281;;Andalucía;Andalucía;Ardales;Málaga;;No;;;;;;1;;870413,595;4089398,6382;870414,5315;4089399,7001;-199708,1673;4110178,6296;-199707,1001;4110179,5693;;;;;;
R1-112;'112.BTV.D100000239;;'112.LBT.D200000129;LP36 CANTARRA,PRADO, AND NAVARRE * V: 145-AC1;'145-AC1;Sí;112-02802126;0,4;0,4;0,9998;1;Fachada;Monofásico;;MANGUERA CU(2X6);6;114,3;'79,18936292000001;;3,39;0,11;1;Simplex;9/2/1995, 0:00:00;;;;Propio;100;335552,356;4082887,0475;419;335552,356;4082886,0475;419;0484518042LB368776304;0484518020LB368776214;;Andalucía;Andalucía;Ardales;Málaga;;No;;;;;;1;;870362,5791;4089364,3225;870362,6421;4089363,3232;-199763,3315;4110150,8809;-199763,395;4110149,8772;;;;;;
R1-112;'112.BTV.D100000551;;'112.LBT.D100000002;LP45 DEPÓSITO AGUA * Vano: 85-90;'85-90;No;;0,4;0,4;7,61577311;7,616;Fachada;Trifásico;;MANGUERA CU(4X10);10;111,8;77,45731211;;1,9500000000000002;0,11;1;Simplex;9/2/1995, 0:00:00;;;;Propio;90;335504,355;4082678,0461;446;335507,355;4082671,0457;446;0484567343LB368757390;0484563827LB368756764;;Andalucía;Andalucía;Ardales;Málaga;;No;;;;;;1;;870327,7625;4089152,4302;870331,2012;4089145,623;-199824,7796;4109944,1538;-199822,2129;4109936,9371;;;;;;
R1-112;'112.BTV.D100000482;;'112.LBT.D200000129;LP36 CANTARRA,PRADO, AND NAVARRE * V: 209-AC1;'209-AC1;Sí;112-02802175;0,4;0,4;1,00000001;1;Fachada;Monofásico;;MANGUERA (2X6);6;55;38,10511777;;3,39;0,11;1;Simplex;9/2/1995, 0:00:00;;;;Propio;100;335657,355;4082789,0442;447;335658,355;4082789,0437;447;0484398160LB368767657;0484397038LB368767659;;Andalucía;Andalucía;Ardales;Málaga;;No;;;;;;1;;870473,6812;4089272,9888;870474,6806;4089273,0513;-199664,1665;4110045,8486;-199663,1628;4110045,7847;;;;;;
R1-112;'112.BTV.D100000604;;'112.LBT.D100000002;LP45 DEPÓSITO AGUA * Vano: 118-119;'118-119;No;;0,4;0,4;35,11409973;35,341;Fachada;Trifásico;;RZ 4X50 AL;50;150;103,92304845;;0,387;0,1;1;Simplex;9/2/1995, 0:00:00;;;;Propio;90;335467,355;4082773,0466;438;335500,355;4082785,0466;438;0484610899LB368765885;0484574149LB368767023;;Andalucía;Andalucía;Ardales;Málaga;;No;;;;;;1;;870284,8063;4089245,0427;870317,0305;4089259,1123;-199855,885;4110041,8549;-199822,001;4110051,8042;;;;;;
R1-112;'112.BTV.D100000366;;'112.LBT.D100000002;LP45 DEPÓSITO AGUA * Vano: 13-14;'13-14;No;;0,4;0,4;1,0001;1;Fachada;Trifásico;;MANGUERA CU(4X6);6;83,8;58,05834307;;3,39;0,11;1;Simplex;9/2/1995, 0:00:00;;;;Propio;90;335516,354;4082652,0447;449;335516,354;4082653,0447;449;0484553322LB368755068;0484553344LB368755158;;Andalucía;Andalucía;Ardales;Málaga;;No;;;;112.APO.SG000399861;;1;;870341,3905;4089127,2002;870341,3275;4089128,1996;-199814,387;4109917,2944;-199814,3235;4109918,2981;;;;;;
R1-112;'112.BTV.D100000364;;'112.LBT.D100000002;LP45 DEPÓSITO AGUA * Vano: 11-12;'11-12;No;;0,4;0,4;2,82842712;2,8280000000000003;Fachada;Trifásico;;MANGUERA CU(4X6);6;83,8;58,05834307;;3,39;0,11;1;Simplex;9/2/1995, 0:00:00;;;;Propio;90;335513,354;4082647,045;449;335511,354;4082649,0448;449;0484556578LB368754612;0484558865LB368754789;;Andalucía;Andalucía;Ardales;Málaga;;No;;;;;;1;;870338,707;4089122,0148;870336,5824;4089123,8875;-199817,7155;4109912,4666;-199819,5959;4109914,6008;;;;;;
R1-112;'112.BTV.D100000530;;'112.LBT.D100000002;LP45 DEPÓSITO AGUA * Vano: 78-AC1;'78-AC1;Sí;112-02804055;0,4;0,4;1,41421356;1,4140000000000001;Fachada;Monofásico;;MANGUERA CU(2X4);4;43,2;29,92983795;;5,09;0,12000000000000001;1;Simplex;9/2/1995, 0:00:00;;;;Propio;90;335524,355;4082738,0461;451;335525,355;4082739,0456;451;0484546214LB368762831;0484545114LB368762922;;Andalucía;Andalucía;Ardales;Málaga;;No;;;;112.APO.SG000399867;;1;;870343,9737;4089213,6516;870344,9102;4089214,7134;-199800,8962;4110003,106;-199799,8291;4110004,0457;;;;;;
R1-112;'112.BTV.D100000225;;'112.LBT.D200000129;LP36 CANTARRA,PRADO, AND NAVARRE * V: 139-140;'139-140;No;;0,4;0,4;3,16227766;5,916;Fachada;Trifásico;;MANGUERA CU(4X10);10;111,8;77,45731211;;1,9500000000000002;0,11;1;Simplex;9/2/1995, 0:00:00;;;;Propio;100;335562,356;4082907,0475;414;335563,356;4082910,047;414;0484507260LB368778124;0484506203LB368778396;;Andalucía;Andalucía;Ardales;Málaga;;No;;;;;;1;;870371,3141;4089384,9395;870372,1247;4089388,0001;-199752,0247;4110170,3199;-199750,8306;4110173,267;;;;;;
R1-112;'112.BTV.D100000641;;'112.LBT.D100000002;LP45 DEPÓSITO AGUA * Vano: 141-AC1;'141-AC1;Sí;112-02804102;0,4;0,4;5,09901951;5,099;Fachada;Monofásico;;MANGUERA CU(2X4);4;43,2;29,92983795;;5,09;0,12000000000000001;1;Simplex;9/2/1995, 0:00:00;;;;Propio;90;335528,355;4082795,0458;442;335533,355;4082796,0457;442;0484542964LB368767973;0484537378LB368768072;;Andalucía;Andalucía;Ardales;Málaga;;No;;;;;;1;;870344,3837;4089270,8675;870349,3176;4089272,1815;-199793,2626;4110060,0626;-199788,1806;4110060,7488;;;;;;
R1-112;'112.BTV.D100000244;;'112.LBT.D200000129;LP36 CANTARRA,PRADO, AND NAVARRE * V: 149-150;'149-150;No;;0,4;0,4;16,64331698;16,763;Fachada;Trifásico;;RZ 3X95 AL /54.6;95;230;159,3486743;;0,193;0,09000000000000001;1;Simplex;9/2/1995, 0:00:00;;;;Propio;100;335704,355;4082817,0432;438;335690,355;4082826,044;438;0484346055LB368770262;0484361951LB368771048;;Andalucía;Andalucía;Ardales;Málaga;;No;;;;112.ARQ.SG000556511;;1;;870518,8898;4089303,9287;870504,3319;4089312,0427;-199615,215;4110070,9672;-199628,6953;4110080,8901;;;;;;
R1-112;'112.BTV.D100000584;;'112.LBT.D100000002;LP45 DEPÓSITO AGUA * Vano: 107-AC1;'107-AC1;Sí;112-02404079;0,4;0,4;1;1;Fachada;Monofásico;;MANGUERA CU(2X4);4;43,2;29,92983795;;5,09;0,12000000000000001;1;Simplex;9/2/1995, 0:00:00;;;;Propio;90;335468,355;4082746,047;435;335467,355;4082746,0474;435;0484609192LB368763454;0484610313LB368763452;;Andalucía;Andalucía;Ardales;Málaga;;No;;;;;;1;;870287,505;4089218,1229;870286,5057;4089218,0604;-199856,5955;4110014,6919;-199857,5992;4110014,7558;;;;;;
R1-112;'112.BTV.D100000794;;'112.LBT.D100000002;LP45 DEPÓSITO AGUA * Vano: 52-AC1;'52-AC1;Sí;112-02804037;0,4;0,4;1,4142842700000002;1,4140000000000001;Fachada;Monofásico;;MANGUERA (2X6);6;55;38,10511777;;3,39;0,11;1;Simplex;9/2/1995, 0:00:00;;;;Propio;90;335558,354;4082666,0453;457;335557,354;4082665,0446;457;0484506523LB368756403;0484507623LB368756311;;Andalucía;Andalucía;Ardales;Málaga;;No;;;;;;1;;870382,4832;4089143,8354;870381,5468;4089142,7725;-199771,3427;4109928,6803;-199772,4099;4109927,7394;;;;;;
R1-112;'112.BTV.D100000198;;'112.LBT.D200000129;LP36 CANTARRA,PRADO, AND NAVARRE * V: 125-AC1;'125-AC1;Sí;112-02802105;0,4;0,4;1;5,099;Fachada;Monofásico;;MANGUERA (2X2.5);2,5;31,7;21,962404239999998;;8,21;0,12000000000000001;1;Simplex;9/2/1995, 0:00:00;;;;Propio;100;335603,356;4082909,0463;420;335603,356;4082908,0463;420;0484461321LB368778375;0484461299LB368778285;;Andalucía;Andalucía;Ardales;Málaga;;No;;;;;;1;;870412,1627;4089389,5177;870412,2257;4089388,5183;-199710,7462;4110169,723;-199710,8097;4110168,7193;;;;;;
R1-112;'112.BTV.D100000562;;'112.LBT.D100000002;LP45 DEPÓSITO AGUA * Vano: 79-95;'79-95;No;;0,4;0,4;31,78049716;32,542;Fachada;Trifásico;;RZ 4X150 AL;150;240;166,27687753;;0,124;0,085;1;Simplex;9/2/1995, 0:00:00;;;;Propio;90;335501,355;4082675,0464;439;335488,355;4082704,0461;439;0484570642LB368757114;0484585851LB368759704;;Andalucía;Andalucía;Ardales;Málaga;;No;;;;;;1;;870324,9531;4089149,2435;870310,1361;4089177,4069;-199827,9811;4109941,3334;-199839,188;4109971,2658;;;;;;
R1-112;'112.BTV.D100000357;;'112.LBT.D100000002;LP45 DEPÓSITO AGUA * Vano: 4-5;'4-5;No;;0,4;0,4;2,23615742;2,236;Fachada;Trifásico;;MANGUERA CU(4X10);10;111,8;77,45731211;;1,9500000000000002;0,11;1;Simplex;9/2/1995, 0:00:00;;;;Propio;90;335528,354;4082620,0455;457;335529,354;4082618,0451;457;0484539171LB368752206;0484538006LB368752027;;Andalucía;Andalucía;Ardales;Málaga;;No;;;;112.APO.SG000399871;;1;;870355,3969;4089095,9762;870356,5223;4089094,0399;-199804,3741;4109884,415;-199803,4974;4109882,3436;;;;;;
R1-112;'112.BTV.D100000533;;'112.LBT.D100000002;LP45 DEPÓSITO AGUA * Vano: 80-AC1;'80-AC1;Sí;112-02804056;0,4;0,4;1,00000001;1;Fachada;Monofásico;;MANGUERA CU(2X4);4;43,2;29,92983795;;5,09;0,12000000000000001;1;Simplex;9/2/1995, 0:00:00;;;;Propio;90;335503,355;4082670,0465;446;335502,355;4082670,0459;446;0484568291LB368756667;0484569412LB368756665;;Andalucía;Andalucía;Ardales;Málaga;;No;;;;;;1;;870327,2666;4089144,3727;870326,2672;4089144,3091;-199826,2912;4109936,1881;-199827,2949;4109936,2509;;;;;;
R1-112;'112.BTV.D100000217;;'112.LBT.D200000129;LP36 CANTARRA,PRADO, AND NAVARRE * V: 135-136;'135-136;No;;0,4;0,4;8,54381648;8,544;Fachada;Trifásico;;MANGUERA CU(4X10);10;111,8;77,45731211;;1,9500000000000002;0,11;1;Simplex;9/2/1995, 0:00:00;;;;Propio;100;335570,356;4082904,0471;419;335567,356;4082896,0473;419;0484498223LB368777867;0484501414LB368777141;;Andalucía;Andalucía;Ardales;Málaga;;No;;;;;;1;;870379,498;4089382,4444;870377,0034;4089374,2608;-199744,1856;4110166,8005;-199747,7046;4110158,9616;;;;;;
R1-112;'112.BTV.D100000075;;'112.LBT.D200000129;LP36 CANTARRA,PRADO, AND NAVARRE * V: 63-64;'63-64;No;;0,4;0,4;5,83095189;5,831;Fachada;Trifásico;;MANGUERA CU(4X16);16;146,1;101,22104919;;1,22;0,11;1;Simplex;9/2/1995, 0:00:00;;;;Propio;100;335701,355;4082852,0437;430;335706,355;4082849,0426;430;0484350178LB368773410;0484344505LB368773148;;Andalucía;Andalucía;Ardales;Málaga;;No;;;;;;1;;870513,6886;4089338,7186;870518,8744;4089336,034;-199616,004;4110106,2876;-199611,176;4110102,9579;;;;;;
R1-112;'112.BTV.D100000105;;'112.LBT.D200000129;LP36 CANTARRA,PRADO, AND NAVARRE * V: 79-AC1;'79-AC1;Sí;112-02802058;0,4;0,4;1;1;Fachada;Monofásico;;MANGUERA (2X2.5);2,5;31,7;21,962404239999998;;8,21;0,12000000000000001;1;Simplex;9/2/1995, 0:00:00;;;;Propio;100;335662,355;4082866,0436;424;335662,355;4082865,0436;424;0484394220LB368774603;0484394199LB368774513;;Andalucía;Andalucía;Ardales;Málaga;;No;;;;;;1;;870473,8317;4089350,2551;870473,8947;4089349,2557;-199654,2593;4110122,8153;-199654,3227;4110121,8116;;;;;;
R1-112;'112.BTV.D100000663;;'112.LBT.D100000002;LP45 DEPÓSITO AGUA * Vano: 153-154;'153-154;No;;0,4;0,4;8,06102351;8,062;Fachada;Trifásico;;MANGUERA CU(4X10);10;111,8;77,45731211;;1,9500000000000002;0,11;1;Simplex;9/2/1995, 0:00:00;;;;Propio;90;335577,355;4082809,0464;440;335585,355;4082810,045;440;0484488314LB368769320;0484479363LB368769424;;Andalucía;Andalucía;Ardales;Málaga;;No;;;;;;1;;870392,472;4089287,9435;870400,4041;4089289,4449;-199743,1924;4110071,0041;-199735,0994;4110071,4984;;;;;;
R1-112;'112.BTV.D100000801;;'112.LBT.D100000002;LP45 DEPÓSITO AGUA * Vano: 60-AC1;'60-AC1;Sí;112-02804044;0,4;0,4;1,00000001;1;Fachada;Monofásico;;MANGUERA (2X6);6;55;38,10511777;;3,39;0,11;1;Simplex;9/2/1995, 0:00:00;;;;Propio;90;335542,355;4082704,0452;451;335543,355;4082704,0447;451;0484525290LB368759798;0484524168LB368759800;;Andalucía;Andalucía;Ardales;Málaga;;No;;;;;;1;;870364,1025;4089180,8048;870365,1019;4089180,8672;-199784,9883;4109967,8365;-199783,9846;4109967,7726;;;;;;
R1-112;'112.BTV.D100000211;;'112.LBT.D200000129;LP36 CANTARRA,PRADO, AND NAVARRE * V: 132-133;'132-133;No;;0,4;0,4;17,4642492;17,493;Fachada;Trifásico;;RZ 4X50 AL;50;150;103,92304845;;0,387;0,1;1;Simplex;9/2/1995, 0:00:00;;;;Propio;100;335578,356;4082925,0469;414;335571,356;4082909,0466;414;0484489706LB368779773;0484497210LB368778319;;Andalucía;Andalucía;Ardales;Málaga;;No;;;;112.APO.SG000399929;;1;;870386,1712;4089403,9347;870380,1826;4089387,5039;-199734,8228;4110187,37;-199742,8645;4110171,755;;;;;;
R1-112;'112.BTV.D100000799;;'112.LBT.D100000002;LP45 DEPÓSITO AGUA * Vano: 58-AC1;'58-AC1;Sí;112-02804042;0,4;0,4;1;5,099;Fachada;Monofásico;;MANGUERA (2X6);6;55;38,10511777;;3,39;0,11;1;Simplex;9/2/1995, 0:00:00;;;;Propio;90;335548,355;4082693,0445;456;335549,355;4082693,0452;456;0484518322LB368758818;0484517201LB368758820;;Andalucía;Andalucía;Ardales;Málaga;;No;;;;;;1;;870370,7911;4089170,1886;870371,7904;4089170,2522;-199779,6646;4109956,4142;-199778,6608;4109956,3514;;;;;;
R1-112;'112.BTV.D100000369;;'112.LBT.D100000002;LP45 DEPÓSITO AGUA * Vano: 16-17;'16-17;No;;0,4;0,4;4,47213595;4,472;Fachada;Trifásico;;MANGUERA CU(4X6);6;83,8;58,05834307;;3,39;0,11;1;Simplex;9/2/1995, 0:00:00;;;;Propio;90;335515,354;4082654,0452;449;335513,354;4082658,0451;449;0484554487LB368755246;0484556817LB368755603;;Andalucía;Andalucía;Ardales;Málaga;;No;;;;;;1;;870340,2652;4089129,1365;870338,0147;4089133,008;-199815,2636;4109919,3658;-199817,017;4109923,5074;;;;;;
R1-112;'112.BTV.D100000579;;'112.LBT.D100000002;LP45 DEPÓSITO AGUA * Vano: 105-AC1;'105-AC1;Sí;112-02804076;0,4;0,4;2,23606798;2,236;Fachada;Monofásico;;MANGUERA CU(2X6);6;114,3;'79,18936292000001;;3,39;0,11;1;Simplex;9/2/1995, 0:00:00;;;;Propio;90;335476,355;4082730,0475;440;335475,355;4082732,0469;440;0484599872LB368762026;0484601037LB368762205;;Andalucía;Andalucía;Ardales;Málaga;;No;;;;;;1;;870296,5071;4089202,6369;870295,3819;4089204,5721;-199849,5816;4109998,1253;-199850,4584;4110000,1955;;;;;;
R1-112;'112.BTV.D100000112;;'112.LBT.D200000129;LP36 CANTARRA,PRADO, AND NAVARRE * V: 82-AC1;'82-AC1;Sí;112-02802062;0,4;0,4;1;8,062;Fachada;Monofásico;;MANGUERA CU(2X4);4;43,2;29,92983795;;5,09;0,12000000000000001;1;Simplex;9/2/1995, 0:00:00;;;;Propio;100;335673,355;4082859,0441;432;335673,355;4082858,0441;432;0484381732LB368773992;0484381710LB368773902;;Andalucía;Andalucía;Ardales;Málaga;;No;;;;;;1;;870485,2654;4089343,9523;870485,3284;4089342,9529;-199643,663;4110115,0916;-199643,7265;4110114,0879;;;;;;
R1-112;'112.BTV.D100000242;;'112.LBT.D200000129;LP36 CANTARRA,PRADO, AND NAVARRE * V: 147-148;'147-148;No;;0,4;0,4;8,60232527;8,602;Subterránea;Trifásico;;RV 4X240 AL;240;320;221,70250337;;0,125;0,08;1;Simplex;9/2/1995, 0:00:00;;;;Propio;100;335711,355;4082811,0434;436;335704,355;4082816,0432;436;0484338075LB368769733;0484346034LB368770171;;Andalucía;Andalucía;Ardales;Málaga;;No;;;;112.ARQ.SG000556514;112.ARQ.SG000556510;1;;870526,263;4089298,3732;870518,9527;4089302,9293;-199608,5701;4110064,5008;-199615,2785;4110069,9635;;;;;;
R1-112;'112.BTV.D100000249;;'112.LBT.D200000129;LP36 CANTARRA,PRADO, AND NAVARRE * V: 154-155;'154-155;No;;0,4;0,4;18,35755975;19,313;Fachada;Trifásico;;MANGUERA CU(4X10);10;111,8;77,45731211;;1,9500000000000002;0,11;1;Simplex;9/2/1995, 0:00:00;;;;Propio;100;335684,355;4082830,0445;432;335668,355;4082839,044;432;0484368767LB368771398;0484386906LB368772181;;Andalucía;Andalucía;Ardales;Málaga;;No;;;;;;1;;870498,0839;4089315,6631;870481,5274;4089323,6499;-199634,4635;4110085,2864;-199649,9513;4110095,335;;;;;;
R1-112;'112.BTV.D100000166;;'112.LBT.D200000129;LP36 CANTARRA,PRADO, AND NAVARRE * V: 108-AC1;'108-AC1;Sí;112-02802090;0,4;0,4;1,40716026;1,4140000000000001;Fachada;Monofásico;;MANGUERA CU(2X4);4;43,2;29,92983795;;5,09;0,12000000000000001;1;Simplex;9/2/1995, 0:00:00;;;;Propio;100;335629,356;4082898,0454;419;335630,356;4082899,045;419;0484431923LB368777429;0484430823LB368777521;;Andalucía;Andalucía;Ardales;Málaga;;No;;;;;;1;;870438,839;4089380,1601;870439,7755;4089381,222;-199685,3485;4110157,0307;-199684,2813;4110157,9704;;;;;;
R1-112;'112.BTV.D100000484;;'112.LBT.D200000129;LP36 CANTARRA,PRADO, AND NAVARRE * V: 211-AC1;'211-AC1;Sí;112-02802177;0,4;0,4;1;1;Fachada;Monofásico;;MANGUERA (2X6);6;55;38,10511777;;3,39;0,11;1;Simplex;9/2/1995, 0:00:00;;;;Propio;100;335646,355;4082797,0437;451;335647,355;4082797,0443;451;0484410670LB368768359;0484409548LB368768360;;Andalucía;Andalucía;Ardales;Málaga;;No;;;;;;1;;870462,1845;4089280,291;870463,1839;4089280,3546;-199674,6993;4110054,5761;-199673,6955;4110054,5133;;;;;;
R1-112;'112.BTV.D100000309;;'112.LBT.D200000129;LP36 CANTARRA,PRADO, AND NAVARRE * V: 214-215;'214-215;No;;0,4;0,4;4,46767277;4,472;Fachada;Trifásico;;MANGUERA CU(4X10);10;111,8;77,45731211;;1,9500000000000002;0,11;1;Simplex;9/2/1995, 0:00:00;;;;Propio;100;335601,355;4082829,0455;440;335605,355;4082827,0448;440;0484461831LB368771164;0484457302LB368770990;;Andalucía;Andalucía;Ardales;Málaga;;No;;;;;;1;;870415,1983;4089309,4407;870419,3217;4089307,693;-199717,8339;4110089,5534;-199713,9462;4110087,2913;;;;;;
R1-112;'112.BTV.D100000201;;'112.LBT.D200000129;LP36 CANTARRA,PRADO, AND NAVARRE * V: 126-127;'126-127;No;;0,4;0,4;5;5;Fachada;Monofásico;;MANGUERA CU(2X6);6;114,3;'79,18936292000001;;3,39;0,11;1;Simplex;9/2/1995, 0:00:00;;;;Propio;100;335602,356;4082910,0457;415;335598,356;4082913,0464;415;0484462464LB368778463;0484467015LB368778727;;Andalucía;Andalucía;Ardales;Málaga;;No;;;;;;1;;870411,1004;4089390,4534;870406,9141;4089393,2006;-199711,6865;4110170,7895;-199715,5107;4110174,0554;;;;;;
R1-112;'112.BTV.D100000335;;'112.LBT.D200000129;LP36 CANTARRA,PRADO, AND NAVARRE * V: 213-241;'213-241;No;;0,4;0,4;7,07248895;11,446;Fachada;Monofásico;;MANGUERA CU(2X6);6;114,3;'79,18936292000001;;3,39;0,11;1;Simplex;9/2/1995, 0:00:00;;;;Propio;100;335597,355;4082835,0452;431;335590,355;4082836,0462;431;0484466447LB368771697;0484474319LB368771775;;Andalucía;Andalucía;Ardales;Málaga;;No;;;;;;1;;870410,8232;4089315,1849;870403,7646;4089315,7447;-199721,4678;4110095,8292;-199728,4301;4110097,2783;;;;;;
R1-112;'112.BTV.D100000014;;'112.LBT.D200000129;LP36 CANTARRA,PRADO, AND NAVARRE * V: 27-28;'27-28;No;;0,4;0,4;9,89949494;9,95;Subterránea;Trifásico;;RV 4X50 AL;50;120;83,13843876;;0,387;0,1;1;Simplex;9/2/1995, 0:00:00;;;;Propio;100;335762,355;4082815,0419;431;335755,355;4082808,0416;431;0484280964LB368770182;0484288663LB368769539;;Andalucía;Andalucía;Ardales;Málaga;;No;;;;112.ARQ.SG000556561;112.ARQ.SG000556552;1;;870576,9797;4089305,5792;870570,4247;4089298,1426;-199557,1277;4110065,2761;-199564,5979;4110058,6944;;;;;;
R1-112;'112.BTV.D100000345;;'112.LBT.D200000129;LP36 CANTARRA,PRADO, AND NAVARRE * V: 250-251;'250-251;No;;0,4;0,4;2,23606798;2,236;Fachada;Trifásico;;MANGUERA CU(4X10);10;111,8;77,45731211;;1,9500000000000002;0,11;1;Simplex;9/2/1995, 0:00:00;;;;Propio;100;335553,356;4082850,0456;431;335555,356;4082849,0458;431;0484516118LB368772972;0484513853LB368772886;;Andalucía;Andalucía;Ardales;Málaga;;No;;;;;;1;;870365,9075;4089327,4067;870367,9691;4089326,5333;-199764,6771;4110113,6786;-199762,7332;4110112,5481;;;;;;
R1-112;'112.BTV.D100000505;;'112.LBT.D200000129;LP36 CANTARRA,PRADO, AND NAVARRE * V: 234-AC1;'234-AC1;Sí;112-02802198;0,4;0,4;1;1;Fachada;Monofásico;;MANGUERA (2X6);6;55;38,10511777;;3,39;0,11;1;Simplex;9/2/1995, 0:00:00;;;;Propio;100;335555,356;4082835,0457;431;335556,356;4082835,0463;431;0484513550LB368771624;0484512428LB368771626;;Andalucía;Andalucía;Ardales;Málaga;;No;;;;;;1;;870368,8503;4089312,542;870369,8497;4089312,6055;-199763,6221;4110098,4962;-199762,6183;4110098,4334;;;;;;
R1-112;'112.BTV.D100000024;;'112.LBT.D200000129;LP36 CANTARRA,PRADO, AND NAVARRE * V: 31-32;'31-32;No;;0,4;0,4;25,495097570000002;25,981;Subterránea;Trifásico;;RV 4X50 AL;50;120;83,13843876;;0,387;0,1;1;Simplex;9/2/1995, 0:00:00;;;;Propio;100;335732,355;4082782,0416;441;335715,355;4082763,0424;441;0484313895LB368767157;0484332549LB368765415;;Andalucía;Andalucía;Ardales;Málaga;;No;;;;112.ARQ.SG000556531;112.ARQ.SG000556518;1;;870549,0753;4089270,7111;870533,2817;4089250,6537;-199589,3337;4110034,0585;-199607,6028;4110016,0683;;;;;;
R1-112;'112.BTV.PC40000001;;'112.LBT.D200000129;LP36 CANTARRA,PRADO, AND NAVARRE * V: 7-AC1;'7-AC1;Sí;112-2203127;0,23;0,4;1,41421356;1,4140000000000001;Subterránea;Monofásico;;RZ 2X50 AL;50;100;39,83716857;;0,387;0,1;1;Simplex;9/2/1995, 0:00:00;;1/8/2019, 0:00:00;;Propio;0;335653,355;4082731,0433;460;335654,355;4082730,0429;460;0484401389LB368762424;0484400246LB368762336;;Andalucía;Andalucía;Ardales;Málaga;;No;;;;112.ARQ.SG000556479;;1;;870473,3342;4089214,7723;870474,3965;4089213,8354;-199671,8636;4109987,8873;-199670,9235;4109986,8196;;;;;;
R1-112;'112.BTV.D100000538;;'112.LBT.D100000002;LP45 DEPÓSITO AGUA * Vano: 82-83;'82-83;No;;0,4;0,4;2,23606798;2,236;Fachada;Trifásico;;MANGUERA CU(4X10);10;111,8;77,45731211;;1,9500000000000002;0,11;1;Simplex;9/2/1995, 0:00:00;;;;Propio;90;335505,355;4082661,0466;446;335506,355;4082659,0461;446;0484565853LB368755860;0484564688LB368755681;;Andalucía;Andalucía;Ardales;Málaga;;No;;;;;;1;;870329,8318;4089135,5042;870330,957;4089133,5679;-199824,8551;4109927,0279;-199823,9785;4109924,9565;;;;;;
R1-112;'112.BTV.D100000498;;'112.LBT.D200000129;LP36 CANTARRA,PRADO, AND NAVARRE * V: 227-AC1;'227-AC1;Sí;112-02802191;0,4;0,4;1;1;Fachada;Monofásico;;MANGUERA (2X6);6;55;38,10511777;;3,39;0,11;1;Simplex;9/2/1995, 0:00:00;;;;Propio;100;335610,355;4082815,0446;440;335609,355;4082815,0451;440;0484451434LB368769918;0484452555LB368769916;;Andalucía;Andalucía;Ardales;Málaga;;No;;;;;;1;;870425,0739;4089296,015;870424,0746;4089295,9525;-199709,6895;4110074,9293;-199710,6932;4110074,9932;;;;;;
R1-112;'112.BTV.D100000149;;'112.LBT.D200000129;LP36 CANTARRA,PRADO, AND NAVARRE * V: 97-100;'97-100;No;;0,4;0,4;10;10;Fachada;Trifásico;;MANGUERA CU(4X10);10;111,8;77,45731211;;1,9500000000000002;0,11;1;Simplex;9/2/1995, 0:00:00;;;;Propio;100;335632,356;4082895,0452;419;335640,356;4082889,0448;419;0484428493LB368777164;0484419391LB368776637;;Andalucía;Andalucía;Ardales;Málaga;;No;;;;;;2;;870442,026;4089377,3505;870450,3987;4089371,8574;-199682,5279;4110153,8288;-199674,8793;4110147,2983;;;;;;
R1-112;'112.BTV.D100000264;;'112.LBT.D200000129;LP36 CANTARRA,PRADO, AND NAVARRE * V: 169-170;'169-170;No;;0,4;0,4;7,21110255;7,211;Fachada;Trifásico;;MANGUERA CU(4X10);10;111,8;77,45731211;;1,9500000000000002;0,11;1;Simplex;9/2/1995, 0:00:00;;;;Propio;100;335685,355;4082819,044;438;335691,355;4082815,0435;438;0484367407LB368770409;0484360592LB368770059;;Andalucía;Andalucía;Ardales;Málaga;;No;;;;;;1;;870499,7756;4089304,7323;870506,0237;4089301,112;-199634,1582;4110074,1817;-199628,39;4110069,7854;;;;;;
R1-112;'112.BTV.D100000339;;'112.LBT.D200000129;LP36 CANTARRA,PRADO, AND NAVARRE * V: 244-245;'244-245;No;;0,4;0,4;4,47213595;4,472;Fachada;Trifásico;;MANGUERA CU(4X10);10;111,8;77,45731211;;1,9500000000000002;0,11;1;Simplex;9/2/1995, 0:00:00;;;;Propio;100;335573,356;4082844,0463;431;335569,356;4082846,046;431;0484493557LB368772466;0484498087LB368772640;;Andalucía;Andalucía;Ardales;Málaga;;No;;;;;;1;;870386,2726;4089322,6699;870382,1492;4089324,4165;-199744,9841;4110106,3873;-199748,8719;4110108,6483;;;;;;
R1-112;'112.BTV.D100000687;;'112.LBT.D100000002;LP45 DEPÓSITO AGUA * Vano: 159-167;'159-167;No;;0,4;0,4;5;5;Fachada;Trifásico;;RZ 4X95 AL;95;230;159,3486743;;0,193;0,09000000000000001;1;Simplex;9/2/1995, 0:00:00;;;;Propio;90;335458,355;4082700,0469;438;335454,355;4082697,0465;438;0484619409LB368759292;0484623830LB368759015;;Andalucía;Andalucía;Ardales;Málaga;;No;;;;;;1;;870280,4065;4089171,5221;870276,5978;4089168,2719;-199869,553;4109969,1565;-199873,7583;4109966,399;;;;;;
R1-112;'112.BTV.D200000307;;'112.LBT.D200000128;LP35 DEPÓSITO DE AGUA 2-3;'2-3;No;;0,4;0,4;10,04888058;10,05;Subterránea;Trifásico;;RV 4X50 AL;50;120;83,13843876;;0,387;0,1;1;Simplex;9/2/1995, 0:00:00;;;;Propio;100;335595,353;4082536,0429;474;335585,354;4082537,043;474;0484462212LB368744754;0484473447LB368744827;;Andalucía;Andalucía;Ardales;Málaga;;No;;;;112.ARQ.SG000556449;112.ARQ.SG000556436;1;;870427,6411;4089016,2425;870417,5854;4089016,6127;-199742,4603;4109795,848;-199752,4327;4109797,4866;;;;;;
R1-112;'112.BTV.D100000500;;'112.LBT.D200000129;LP36 CANTARRA,PRADO, AND NAVARRE * V: 229-AC1;'229-AC1;Sí;112-02802193;0,4;0,4;1;9,055;Fachada;Monofásico;;MANGUERA (2X6);6;55;38,10511777;;3,39;0,11;1;Simplex;9/2/1995, 0:00:00;;;;Propio;100;335582,355;4082834,0465;440;335582,355;4082833,0465;440;0484483248LB368771581;0484483226LB368771491;;Andalucía;Andalucía;Ardales;Málaga;;No;;;;;;1;;870395,8954;4089313,2427;870395,9583;4089312,2434;-199736,5866;4110095,7792;-199736,6501;4110094,7755;;;;;;
R1-112;'112.BTV.D100000049;;'112.LBT.D200000129;LP36 CANTARRA,PRADO, AND NAVARRE * V: 47-AC1;'47-AC1;Sí;112-02802034;0,4;0,4;1,41421356;1,4140000000000001;Subterránea;Monofásico;;MANGUERA CU(2X6);6;114,3;'79,18936292000001;;3,39;0,11;1;Simplex;9/2/1995, 0:00:00;;;;Propio;100;335764,355;4082783,042;430;335765,355;4082782,0426;430;0484278028LB368767302;0484276885LB368767214;;Andalucía;Andalucía;Ardales;Málaga;;No;;;;112.ARQ.SG000556563;;1;;870580,9926;4089273,7249;870582,0548;4089272,7891;-199557,1519;4110033,0309;-199556,2117;4110031,9644;;;;;;
R1-112;'112.BTV.D100000348;;'112.LBT.D200000129;LP36 CANTARRA,PRADO, AND NAVARRE * V: 248-254;'248-254;No;;0,4;0,4;6,70820393;6,708;Fachada;Trifásico;;MANGUERA CU(4X10);10;111,8;77,45731211;;1,9500000000000002;0,11;1;Simplex;9/2/1995, 0:00:00;;;;Propio;100;335556,356;4082853,0465;431;335562,356;4082850,0459;431;0484512818LB368773248;0484506024LB368772988;;Andalucía;Andalucía;Ardales;Málaga;;No;;;;;;1;;870368,7167;4089330,5945;870374,9018;4089327,9734;-199761,4755;4110116,5001;-199755,6438;4110113,1075;;;;;;
R1-112;'112.BTV.D100000717;;'112.LBT.D100000002;LP45 DEPÓSITO AGUA * Vano: 185-AC1;'185-AC1;Sí;112-02804134;0,4;0,4;1;1;Fachada;Monofásico;;MANGUERA CU(2X4);4;43,2;29,92983795;;5,09;0,12000000000000001;1;Simplex;9/2/1995, 0:00:00;;;;Propio;90;335417,355;4082672,0473;438;335418,355;4082672,0469;438;0484664782LB368756698;0484663661LB368756699;;Andalucía;Andalucía;Ardales;Málaga;;No;;;;;;1;;870241,1943;4089140,9596;870242,1937;4089141,0221;-199912,4824;4109943,6563;-199911,4787;4109943,5924;;;;;;
R1-112;'112.BTV.D100000575;;'112.LBT.D100000002;LP45 DEPÓSITO AGUA * Vano: 102-103;'102-103;No;;0,4;0,4;4,47204651;4,472;Aérea;Trifásico;;RZ 4X50 AL;50;150;103,92304845;;0,387;0,1;1;Simplex;9/2/1995, 0:00:00;;;;Propio;90;335483,355;4082715,0463;440;335481,355;4082719,0473;440;0484591697LB368760687;0484594026LB368761044;;Andalucía;Andalucía;Ardales;Málaga;;No;;;;;112.APO.SG000399821;1;;870304,4468;4089188,0856;870302,1963;4089191,9582;-199843,5082;4109982,6241;-199845,2616;4109986,7669;;;;;;
R1-112;'7801057586308899661;;'112.LBT.D100000002;LP45 DEPÓSITO AGUA *Vano: 59-AC1;'59-AC1;Sí;;0,4;0,4;1,00000001;1;Fachada;Monofásico;;MANGUERA (2X6);6;55;38,10511777;;3,39;0,11;1;Simplex;9/2/1995, 0:00:00;;;;Propio;90;335549,958;4082689,4386;456;335550,958;4082689,4393;456;0484516446LB368758496;0484515325LB368758497;;Andalucía;Andalucía;Ardales;Málaga;;No;;;;;;1;;870372,6201;4089166,6858;870373,6194;4089166,7494;-199778,2845;4109952,6932;-199777,2808;4109952,6303;;;;;;
R1-112;'112.BTV.XX00000001;;'112.LBT.D200000129;LP36 CANTARRA,PRADO, AND NAVARRE * V: 257-258;'257-258;No;;0,4;0,4;6;6;Subterránea;Trifásico;;RV 3X50 /50;50;155;107,38715007;;0,387;0,1;1;Simplex;27/2/2014, 0:00:00;;;;Terceros;0;335791,355;4082790,0413;426;335797,355;4082790,0409;426;0484247899LB368767980;0484241170LB368767990;;Andalucía;Andalucía;Ardales;Málaga;;No;;;;112.ARQ.SG000556582;112.ARQ.SG000556584;1;;870607,5352;4089282,4193;870613,5316;4089282,7965;-199529,6078;4110038,3419;-199523,5856;4110037,9605;;;;;;
R1-112;'112.BTV.D100000571;;'112.LBT.D100000002;LP45 DEPÓSITO AGUA * Vano: 100-AC1;'100-AC1;Sí;112-02804073;0,4;0,4;1;1;Fachada;Monofásico;;MANGUERA CU(2X4);4;43,2;29,92983795;;5,09;0,12000000000000001;1;Simplex;9/2/1995, 0:00:00;;;;Propio;90;335493,355;4082705,0459;439;335494,355;4082705,0466;439;0484580265LB368759803;0484579143LB368759805;;Andalucía;Andalucía;Ardales;Málaga;;No;;;;;;1;;870315,0701;4089178,7209;870316,0693;4089178,7845;-199834,106;4109971,9519;-199833,1024;4109971,889;;;;;;
R1-112;'112.BTV.D100000724;;'112.LBT.D100000002;LP45 DEPÓSITO AGUA * Vano: 188-189;'188-189;No;;0,4;0,4;8,06225775;9;Fachada;Trifásico;;MANGUERA CU(4X10);10;111,8;77,45731211;;1,9500000000000002;0,11;1;Simplex;9/2/1995, 0:00:00;;;;Propio;90;335420,355;4082665,047;442;335421,355;4082657,0475;442;0484661266LB368756072;0484659971LB368755353;;Andalucía;Andalucía;Ardales;Málaga;;No;;;;;;1;;870244,633;4089134,1524;870246,1359;4089126,2209;-199909,9157;4109936,4396;-199909,4198;4109928,347;;;;;;
R1-112;'112.BTV.D100000458;;'112.LBT.D200000129;LP36 CANTARRA,PRADO, AND NAVARRE * V: 179-AC1;'179-AC1;Sí;112-02802151;0,4;0,4;1;1;Fachada;Monofásico;;MANGUERA (2X6);6;55;38,10511777;;3,39;0,11;1;Simplex;9/2/1995, 0:00:00;;;;Propio;100;335605,356;4082874,0462;426;335606,356;4082874,0458;426;0484458319LB368775225;0484457198LB368775227;;Andalucía;Andalucía;Ardales;Málaga;;No;;;;;;1;;870416,3645;4089354,6652;870417,3638;4089354,7277;-199710,961;4110134,4665;-199709,9573;4110134,4025;;;;;;
R1-112;'112.BTV.D100000432;;'112.LBT.D100000002;LP45 DEPÓSITO AGUA * Vano: 70-76;'70-76;No;;0,4;0,4;3,16227766;5,916;Fachada;Trifásico;;MANGUERA CU(4X6);6;83,8;58,05834307;;3,39;0,11;1;Simplex;9/2/1995, 0:00:00;;;;Propio;90;335499,355;4082722,0466;440;335496,355;4082721,0458;440;0484573905LB368761345;0484577247LB368761250;;Andalucía;Andalucía;Ardales;Málaga;;No;;;;;;1;;870319,9963;4089196,0886;870317,0611;4089194,8995;-199827,0045;4109988,6345;-199830,0792;4109987,8205;;;;;;
R1-112;'112.BTV.D100000115;;'112.LBT.D200000129;LP36 CANTARRA,PRADO, AND NAVARRE * V: 83-84;'83-84;No;;0,4;0,4;8,06225775;8,062;Fachada;Trifásico;;MANGUERA CU(4X16);16;146,1;101,22104919;;1,22;0,11;1;Simplex;9/2/1995, 0:00:00;;;;Propio;100;335677,355;4082857,0445;432;335684,355;4082853,0436;432;0484377203LB368773819;0484369265LB368773470;;Andalucía;Andalucía;Ardales;Málaga;;No;;;;;;1;;870489,3888;4089342,2057;870496,6363;4089338,6479;-199639,7752;4110112,8306;-199633,0033;4110108,3704;;;;;;
R1-112;'112.BTV.P200000006;;'112.LBT.D200000129;LP36 CANTARRA,PRADO, AND NAVARRE * V: 266-267;'266-267;No;;0,4;0,4;5,09901951;5,099;Fachada;Trifásico;;RZ 3X95 AL /54.6;95;230;159,3486743;;0,193;0,09000000000000001;1;Simplex;9/2/2015, 0:00:00;;;;Propio;100;335606,356;4082869,0457;426;335601,356;4082870,0458;426;0484457089LB368774776;0484462719LB368774858;;Andalucía;Andalucía;Ardales;Málaga;;No;;;;;;1;;870417,6786;4089349,7308;870412,6188;4089350,4156;-199710,2748;4110129,384;-199715,2297;4110130,7052;;;;;;
R1-112;'112.BTV.D100000556;;'112.LBT.D100000002;LP45 DEPÓSITO AGUA * Vano: 92-AC1;'92-AC1;Sí;112-02804067;0,4;0,4;1;1;Fachada;Monofásico;;MANGUERA CU(2X4);4;43,2;29,92983795;;5,09;0,12000000000000001;1;Simplex;9/2/1995, 0:00:00;;;;Propio;90;335498,355;4082681,0456;439;335497,355;4082681,0461;439;0484574137LB368757650;0484575258LB368757648;;Andalucía;Andalucía;Ardales;Málaga;;No;;;;;;1;;870321,5774;4089155,0502;870320,578;4089154,9877;-199830,6114;4109947,5453;-199831,615;4109947,6093;;;;;;
R1-112;'112.BTV.D100000372;;'112.LBT.D100000002;LP45 DEPÓSITO AGUA * Vano: 19-20;'19-20;No;;0,4;0,4;3,61110786;3,606;Fachada;Monofásico;;MANGUERA CU(2X4);4;43,2;29,92983795;;5,09;0,12000000000000001;1;Simplex;9/2/1995, 0:00:00;;;;Propio;90;335511,355;4082664,0449;446;335514,355;4082666,0446;446;0484559189LB368756140;0484555868LB368756326;;Andalucía;Andalucía;Ardales;Málaga;;No;;;;;;1;;870335,6393;4089138,8783;870338,5116;4089141,0656;-199818,6426;4109929,6564;-199815,5045;4109931,473;;;;;;
R1-112;'112.BTV.D100000423;;'112.LBT.D100000002;LP45 DEPÓSITO AGUA * Vano: 66-67;'66-67;No;;0,4;0,4;3,16227766;3,162;Fachada;Trifásico;;MANGUERA CU(4X16);16;146,1;101,22104919;;1,22;0,11;1;Simplex;9/2/1995, 0:00:00;;;;Propio;90;335508,355;4082719,0457;445;335507,355;4082722,0461;445;0484563746LB368761091;0484564933LB368761359;;Andalucía;Andalucía;Ardales;Málaga;;No;;;;;;1;;870329,1796;4089193,656;870327,9913;4089196,5916;-199818,1617;4109985,0511;-199818,975;4109988,1262;;;;;;
R1-112;'112.BTV.D100000043;;'112.LBT.D200000129;LP36 CANTARRA,PRADO, AND NAVARRE * V: 44-AC1;'44-AC1;Sí;112-02802031;0,4;0,4;5,831037640000001;5,831;Subterránea;Monofásico;;RV 2X50 AL;50;125;86,60254038000001;;0,524;0,10500000000000001;1;Simplex;9/2/1995, 0:00:00;;;;Propio;100;335778,3551;4082801,0426;426;335775,355;4082806,0417;426;0484262717LB368768949;0484266190LB368769394;;Andalucía;Andalucía;Ardales;Málaga;;No;;;;112.ARQ.SG000556573;;1;;870593,851;4089292,5955;870590,5382;4089297,4027;-199541,9573;4110050,2092;-199544,651;4110055,4173;;;;;;
R1-112;'112.BTV.D100000098;;'112.LBT.D200000129;LP36 CANTARRA,PRADO, AND NAVARRE * V: 75-AC1;'75-AC1;Sí;112-02802055;0,4;0,4;1;1;Fachada;Monofásico;;MANGUERA (2X2.5);2,5;31,7;21,962404239999998;;8,21;0,12000000000000001;1;Simplex;9/2/1995, 0:00:00;;;;Propio;100;335671,355;4082871,044;424;335671,355;4082872,044;424;0484384235LB368775070;0484384257LB368775160;;Andalucía;Andalucía;Ardales;Málaga;;No;;;;;;1;;870482,5114;4089355,8189;870482,4485;4089356,8183;-199644,9085;4110127,2628;-199644,845;4110128,2665;;;;;;
R1-112;'112.BTV.D100000192;;'112.LBT.D200000129;LP36 CANTARRA,PRADO, AND NAVARRE * V: 122-AC1;'122-AC1;Sí;112-02802102;0,4;0,4;1,41421356;1,4140000000000001;Fachada;Monofásico;;MANGUERA CU(2X4);4;43,2;29,92983795;;5,09;0,12000000000000001;1;Simplex;9/2/1995, 0:00:00;;;;Propio;100;335619,356;4082897,0456;420;335618,356;4082896,046;420;0484443116LB368777322;0484444216LB368777230;;Andalucía;Andalucía;Ardales;Málaga;;No;;;;;;1;;870428,9082;4089378,5314;870427,9717;4089377,4695;-199695,4489;4110156,662;-199696,5161;4110155,7222;;;;;;
R1-112;'112.BTV.T100000090;;'112.LBT.D200000129;LP36 CANTARRA,PRADO, AND NAVARRE * V: 27-AC3;'27-AC3;Sí;112-04405041;0,4;0,4;5,385127669999999;5,385;Subterránea;Monofásico;;RV 2X50 AL;50;125;86,60254038000001;;0,524;0,10500000000000001;1;Simplex;9/2/1995, 0:00:00;;;;Propio;100;335762,355;4082815,0419;430;335767,355;4082813,0419;430;0484280964LB368770182;0484275313LB368770011;;Andalucía;Andalucía;Ardales;Málaga;;No;;;;112.ARQ.SG000556561;;1;;870576,9797;4089305,5792;870582,1025;4089303,8951;-199557,1277;4110065,2761;-199552,2362;4110062,9513;;;;;;
R1-112;'112.BTV.D100000702;;'112.LBT.D100000002;LP45 DEPÓSITO AGUA * Vano: 176-177;'176-177;No;;0,4;0,4;1,41421356;1,4140000000000001;Fachada;Trifásico;;RZ 4X50 AL;50;150;103,92304845;;0,387;0,1;1;Simplex;9/2/1995, 0:00:00;;;;Propio;90;335445,355;4082690,0474;438;335444,355;4082691,0468;438;0484633771LB368758368;0484634914LB368758457;;Andalucía;Andalucía;Ardales;Málaga;;No;;;;112.APO.SG000399787;;1;;870268,0439;4089160,7107;870266,9817;4089161,6465;-199883,236;4109959,9454;-199884,1762;4109961,0119;;;;;;
R1-112;'112.BTV.D100000656;;'112.LBT.D100000002;LP45 DEPÓSITO AGUA * Vano: 150-AC1;'150-AC1;Sí;112-02804108;0,4;0,4;1;1;Fachada;Monofásico;;MANGUERA CU(2X4);4;43,2;29,92983795;;5,09;0,12000000000000001;1;Simplex;9/2/1995, 0:00:00;;;;Propio;90;335555,355;4082804,0466;447;335555,355;4082803,0466;447;0484512879LB368768831;0484512857LB368768741;;Andalucía;Andalucía;Ardales;Málaga;;No;;;;;;1;;870370,8004;4089281,5621;870370,8633;4089280,5627;-199765,5912;4110067,3825;-199765,6547;4110066,3788;;;;;;
R1-112;'112.BTV.D100000491;;'112.LBT.D200000129;LP36 CANTARRA,PRADO, AND NAVARRE * V: 218-AC1;'218-AC1;Sí;112-02802184;0,4;0,4;1,41421356;1,4140000000000001;Fachada;Monofásico;;MANGUERA (2X6);6;55;38,10511777;;3,39;0,11;1;Simplex;9/2/1995, 0:00:00;;;;Propio;100;335617,355;4082819,0448;440;335618,355;4082820,0455;440;0484443670LB368770290;0484442570LB368770382;;Andalucía;Andalucía;Ardales;Málaga;;No;;;;;;1;;870431,8178;4089300,4532;870432,7542;4089301,5162;-199702,4096;4110078,4998;-199701,3424;4110079,4407;;;;;;
R1-112;'112.BTV.D100000806;;'112.LBT.D100000002;LP45 DEPÓSITO AGUA * Vano: 69-AC1;'69-AC1;Sí;112-02804049;0,4;0,4;1,0001;1;Fachada;Monofásico;;MANGUERA (2X6);6;55;38,10511777;;3,39;0,11;1;Simplex;9/2/1995, 0:00:00;;;;Propio;90;335502,355;4082723,0463;445;335502,355;4082722,0463;445;0484570562LB368761441;0484570540LB368761351;;Andalucía;Andalucía;Ardales;Málaga;;No;;;;;;1;;870322,9315;4089197,2765;870322,9944;4089196,2771;-199823,93;4109989,4474;-199823,9935;4109988,4437;;;;;;
R1-112;'112.BTV.D100000118;;'112.LBT.D200000129;LP36 CANTARRA,PRADO, AND NAVARRE * V: 84-85;'84-85;No;;0,4;0,4;13,41640786;13,416;Fachada;Trifásico;;MANGUERA CU(4X16);16;146,1;101,22104919;;1,22;0,11;1;Simplex;9/2/1995, 0:00:00;;;;Propio;100;335677,355;4082857,0445;432;335689,355;4082851,0446;432;0484377203LB368773819;0484363615LB368773299;;Andalucía;Andalucía;Ardales;Málaga;;No;;;;;;1;;870489,3888;4089342,2057;870501,759;4089336,9649;-199639,7752;4110112,8306;-199628,1117;4110106,0467;;;;;;
R1-112;'112.BTV.T100000089;;'112.LBT.D200000129;LP36 CANTARRA,PRADO, AND NAVARRE * V: 2-AC1;'2-AC1;Sí;112-04405040;0,4;0,4;24,57007141;18,138;Subterránea;Monofásico;;RV 2X50 AL;50;125;86,60254038000001;;0,524;0,10500000000000001;1;Simplex;9/2/1995, 0:00:00;;;;Propio;100;335603,354;4082555,0427;481;335591,607;4082576,6183;481;0484453650LB368746480;0484468706CB368748439;;Andalucía;Andalucía;Ardales;Málaga;;No;;;;;;2;;870434,4414;4089035,734;870421,3438;4089056,557;-199733,2234;4109814,4101;-199743,6441;4109836,8113;;;;;;
R1-112;'112.BTV.D100000598;;'112.LBT.D100000002;LP45 DEPÓSITO AGUA * Vano: 114-115;'114-115;No;;0,4;0,4;8,24621125;8,307;Fachada;Monofásico;;MANGUERA CU(2X4);4;43,2;29,92983795;;5,09;0,12000000000000001;1;Simplex;9/2/1995, 0:00:00;;;;Propio;90;335471,355;4082757,0467;434;335469,355;4082765,0466;434;0484606066LB368764450;0484608482LB368765167;;Andalucía;Andalucía;Ardales;Málaga;;No;;;;;;1;;870289,8109;4089229,3046;870287,3086;4089237,1737;-199852,886;4110025,5419;-199854,3855;4110033,6984;;;;;;
R1-112;'112.BTV.D100000027;;'112.LBT.D200000129;LP36 CANTARRA,PRADO, AND NAVARRE * V: 34-AC1;'34-AC1;Sí;112-02802025;0,4;0,4;1;1;Aérea;Trifásico;;RV 4X50 AL;50;120;83,13843876;;0,387;0,1;1;Simplex;9/2/1995, 0:00:00;;;;Propio;100;335703,355;4082745,0432;443;335703,355;4082746,0432;443;0484345617LB368763773;0484345639LB368763863;;Andalucía;Andalucía;Ardales;Málaga;;No;;;;;;1;;870522,422;4089231,9104;870522,3591;4089232,9098;-199620,7899;4109998,7644;-199620,7265;4109999,7682;;;;;;
R1-112;'112.BTV.D100000172;;'112.LBT.D200000129;LP36 CANTARRA,PRADO, AND NAVARRE * V: 111-AC1;'111-AC1;Sí;112-02802093;0,4;0,4;1;1;Fachada;Monofásico;;MANGUERA (2X2.5);2,5;31,7;21,962404239999998;;8,21;0,12000000000000001;1;Simplex;9/2/1995, 0:00:00;;;;Propio;100;335616,356;4082907,0459;420;335616,356;4082908,0459;420;0484446698LB368778218;0484446719LB368778308;;Andalucía;Andalucía;Ardales;Málaga;;No;;;;;;1;;870425,2806;4089388,3367;870425,2176;4089389,3361;-199697,8251;4110166,8898;-199697,7616;4110167,8935;;;;;;
R1-112;'112.BTV.D100000574;;'112.LBT.D100000002;LP45 DEPÓSITO AGUA * Vano: 79-102;'79-102;No;;0,4;0,4;12,08313701;12,124;Fachada;Trifásico;;RZ 4X150 AL;150;240;166,27687753;;0,124;0,085;1;Simplex;9/2/1995, 0:00:00;;;;Propio;90;335488,355;4082704,0461;440;335483,355;4082715,0463;440;0484585851LB368759704;0484591697LB368760687;;Andalucía;Andalucía;Ardales;Málaga;;No;;;;;;1;;870310,1361;4089177,4069;870304,4468;4089188,0856;-199839,188;4109971,2658;-199843,5082;4109982,6241;;;;;;
R1-112;'112.BTV.D100000018;;'112.LBT.D200000129;LP36 CANTARRA,PRADO, AND NAVARRE * V: 29-30;'29-30;No;;0,4;0,4;13,45362405;14,036;Subterránea;Trifásico;;RV 4X50 AL;50;120;83,13843876;;0,387;0,1;1;Simplex;9/2/1995, 0:00:00;;;;Propio;100;335751,355;4082804,0423;435;335742,355;4082794,0417;435;0484293063LB368769172;0484302940LB368768255;;Andalucía;Andalucía;Ardales;Málaga;;No;;;;112.ARQ.SG000556549;112.ARQ.SG000556539;1;;870566,6788;4089293,894;870558,3139;4089283,3332;-199568,8667;4110054,9342;-199578,5349;4110045,4681;;;;;;
R1-112;'112.BTV.D100000257;;'112.LBT.D200000129;LP36 CANTARRA,PRADO, AND NAVARRE * V: 162-163;'162-163;No;;0,4;0,4;4,47218068;4,472;Fachada;Monofásico;;MANGUERA (2X6);6;55;38,10511777;;3,39;0,11;1;Simplex;9/2/1995, 0:00:00;;;;Propio;100;335641,355;4082847,0452;433;335637,355;4082849,0448;433;0484417361LB368772855;0484421890LB368773028;;Andalucía;Andalucía;Ardales;Málaga;;No;;;;;;1;;870454,0406;4089329,9468;870449,9172;4089331,6934;-199676,5431;4110105,08;-199680,4309;4110107,3409;;;;;;
R1-112;'112.BTV.D100000789;;'112.LBT.D100000002;LP45 DEPÓSITO AGUA * Vano: 47-AC1;'47-AC1;Sí;112-02804032;0,4;0,4;1;1;Fachada;Monofásico;;MANGUERA (2X6);6;55;38,10511777;;3,39;0,11;1;Simplex;9/2/1995, 0:00:00;;;;Propio;90;335543,355;4082691,0446;451;335542,355;4082691,0451;451;0484523887LB368758629;0484525008LB368758627;;Andalucía;Andalucía;Ardales;Málaga;;No;;;;;;1;;870365,92;4089167,8752;870364,9206;4089167,8128;-199784,81;4109954,7244;-199785,8137;4109954,7883;;;;;;
R1-112;'112.BTV.D100000237;;'112.LBT.D200000129;LP36 CANTARRA,PRADO, AND NAVARRE * V: 144-AC2;'144-AC2;Sí;112-02802125;0,4;0,4;2,0001;2;Fachada;Monofásico;;MANGUERA CU(2X6);6;114,3;'79,18936292000001;;3,39;0,11;1;Simplex;9/2/1995, 0:00:00;;;;Propio;100;335554,356;4082892,0466;419;335554,356;4082894,0466;419;0484515907LB368776758;0484515950LB368776938;;Andalucía;Andalucía;Ardales;Málaga;;No;;;;;;1;;870364,2633;4089369,4444;870364,1374;4089371,4432;-199761,0067;4110155,7715;-199760,8798;4110157,7789;;;;;;
R1-112;'112.BTV.D100000721;;'112.LBT.D100000002;LP45 DEPÓSITO AGUA * Vano: 187-AC1;'187-AC1;Sí;112-02804136;0,4;0,4;1;1;Fachada;Monofásico;;MANGUERA (2X6);6;55;38,10511777;;3,39;0,11;1;Simplex;9/2/1995, 0:00:00;;;;Propio;90;335420,355;4082665,047;438;335421,355;4082665,0476;438;0484661266LB368756072;0484660144LB368756074;;Andalucía;Andalucía;Ardales;Málaga;;No;;;;;;1;;870244,633;4089134,1524;870245,6324;4089134,216;-199909,9157;4109936,4396;-199908,9119;4109936,3767;;;;;;
R1-112;'112.BTV.D100000768;;'112.LBT.D100000002;LP45 DEPÓSITO AGUA * Vano: 10-AC1;'10-AC1;Sí;112-02804007;0,4;0,4;1,40716026;1,4140000000000001;Fachada;Monofásico;;MANGUERA CU(2X10);10;135,9;94,1542819;;1,9500000000000002;0,11;1;Simplex;9/2/1995, 0:00:00;;;;Propio;90;335518,354;4082638,0448;449;335517,354;4082637,0453;449;0484550776LB368753810;0484551875LB368753718;;Andalucía;Andalucía;Ardales;Málaga;;No;;;;;;1;;870344,2704;4089113,3349;870343,3339;4089112,273;-199813,2684;4109903,1157;-199814,3355;4109902,1759;;;;;;
R1-112;'112.BTV.D100000329;;'112.LBT.D200000129;LP36 CANTARRA,PRADO, AND NAVARRE * V: 234-235;'234-235;No;;0,4;0,4;7;7;Fachada;Trifásico;;MANGUERA CU(4X10);10;111,8;77,45731211;;1,9500000000000002;0,11;1;Simplex;9/2/1995, 0:00:00;;;;Propio;100;335555,356;4082835,0457;431;335548,356;4082835,0456;431;0484513550LB368771624;0484521400LB368771612;;Andalucía;Andalucía;Ardales;Málaga;;No;;;;;;1;;870368,8503;4089312,542;870361,8547;4089312,1013;-199763,6221;4110098,4962;-199770,6479;4110098,9406;;;;;;
R1-112;'112.BTV.D100000305;;'112.LBT.D200000129;LP36 CANTARRA,PRADO, AND NAVARRE * V: 210-211;'210-211;No;;0,4;0,4;7,21110255;8,246;Fachada;Trifásico;;MANGUERA CU(4X10);10;111,8;77,45731211;;1,9500000000000002;0,11;1;Simplex;9/2/1995, 0:00:00;;;;Propio;100;335652,355;4082793,0442;451;335646,355;4082797,0437;451;0484403854LB368768009;0484410670LB368768359;;Andalucía;Andalucía;Ardales;Málaga;;No;;;;;;1;;870468,4325;4089276,6717;870462,1845;4089280,291;-199668,931;4110050,1809;-199674,6993;4110054,5761;;;;;;
R1-112;'112.BTV.D100000193;;'112.LBT.D200000129;LP36 CANTARRA,PRADO, AND NAVARRE * V: 122-123;'122-123;No;;0,4;0,4;7,21110255;7,28;Fachada;Monofásico;;MANGUERA CU(2X4);4;43,2;29,92983795;;5,09;0,12000000000000001;1;Simplex;9/2/1995, 0:00:00;;;;Propio;100;335619,356;4082897,0456;419;335625,356;4082893,045;419;0484443116LB368777322;0484436301LB368776972;;Andalucía;Andalucía;Ardales;Málaga;;No;;;;;;1;;870428,9082;4089378,5314;870435,1562;4089374,911;-199695,4489;4110156,662;-199689,6808;4110152,2657;;;;;;
R1-112;'112.BTV.D100000360;;'112.LBT.D100000002;LP45 DEPÓSITO AGUA * Vano: 7-8;'7-8;No;;0,4;0,4;8,06225775;10,677;Fachada;Trifásico;;MANGUERA CU(4X6);6;83,8;58,05834307;;3,39;0,11;1;Simplex;9/2/1995, 0:00:00;;;;Propio;90;335527,354;4082621,0449;450;335523,354;4082628,0446;450;0484540314LB368752294;0484544951LB368752918;;Andalucía;Andalucía;Ardales;Málaga;;No;;;;;;1;;870354,3347;4089096,912;870349,8966;4089103,6556;-199805,3143;4109885,4815;-199808,8848;4109892,7611;;;;;;
R1-112;'112.BTV.D100000615;;'112.LBT.D100000002;LP45 DEPÓSITO AGUA * Vano: 125-AC1;'125-AC1;Sí;112-02804092;0,4;0,4;1,00000001;1;Fachada;Monofásico;;MANGUERA CU(2X4);4;43,2;29,92983795;;5,09;0,12000000000000001;1;Simplex;9/2/1995, 0:00:00;;;;Propio;90;335508,355;4082767,046;443;335507,355;4082767,0476;443;0484564787LB368765416;0484565908LB368765414;;Andalucía;Andalucía;Ardales;Málaga;;No;;;;;;1;;870326,1585;4089241,6264;870325,159;4089241,5651;-199815,1142;4110033,2291;-199816,1178;4110033,2941;;;;;;
R1-112;'112.BTV.D100000139;;'112.LBT.D200000129;LP36 CANTARRA,PRADO, AND NAVARRE * V: 94-AC1;'94-AC1;Sí;112-02802077;0,4;0,4;1,41421356;1,4140000000000001;Fachada;Monofásico;;MANGUERA CU(2X10);10;135,9;94,1542819;;1,9500000000000002;0,11;1;Simplex;9/2/1995, 0:00:00;;;;Propio;100;335638,356;4082883,0446;426;335637,356;4082882,045;426;0484421504LB368776093;0484422604LB368776002;;Andalucía;Andalucía;Ardales;Málaga;;No;;;;;;1;;870448,7776;4089365,735;870447,8411;4089364,6731;-199677,2676;4110141,4029;-199678,3348;4110140,4631;;;;;;
R1-112;'112.BTV.D100000143;;'112.LBT.D200000129;LP36 CANTARRA,PRADO, AND NAVARRE * V: 96-AC1;'96-AC1;Sí;112-02802079;0,4;0,4;4,47213595;4,472;Fachada;Monofásico;;MANGUERA CU(2X4);4;43,2;29,92983795;;5,09;0,12000000000000001;1;Simplex;9/2/1995, 0:00:00;;;;Propio;100;335633,356;4082887,0446;419;335629,356;4082889,0454;419;0484427198LB368776445;0484431728LB368776618;;Andalucía;Andalucía;Ardales;Málaga;;No;;;;;;1;;870443,5289;4089369,4179;870439,4055;4089371,1656;-199682,0321;4110145,7352;-199685,9199;4110147,9973;;;;;;
R1-112;'112.BTV.D100000443;;'112.LBT.D200000129;LP36 CANTARRA,PRADO, AND NAVARRE * V: 162-AC1;'162-AC1;Sí;112-02802136;0,4;0,4;0,9999;1;Fachada;Monofásico;;MANGUERA (2X6);6;55;38,10511777;;3,39;0,11;1;Simplex;9/2/1995, 0:00:00;;;;Propio;100;335641,355;4082847,0452;433;335641,355;4082846,0452;433;0484417361LB368772855;0484417339LB368772765;;Andalucía;Andalucía;Ardales;Málaga;;No;;;;;;1;;870454,0406;4089329,9468;870454,1035;4089328,9474;-199676,5431;4110105,08;-199676,6067;4110104,0763;;;;;;
R1-112;'112.BTV.D100000779;;'112.LBT.D100000002;LP45 DEPÓSITO AGUA * Vano: 28-AC1;'28-AC1;Sí;112-02804018;0,4;0,4;1,00000001;1;Fachada;Monofásico;;MANGUERA (2X6);6;55;38,10511777;;3,39;0,11;1;Simplex;9/2/1995, 0:00:00;;;;Propio;90;335528,3541;4082633,0456;457;335529,354;4082633,0452;457;0484539452LB368753377;0484538331LB368753379;;Andalucía;Andalucía;Ardales;Málaga;;No;;;;;;1;;870354,5788;4089108,9682;870355,5781;4089109,0307;-199803,5487;4109897,4632;-199802,5451;4109897,3992;;;;;;
R1-112;'112.BTV.D100000107;;'112.LBT.D200000129;LP36 CANTARRA,PRADO, AND NAVARRE * V: 80-AC1;'80-AC1;Sí;112-02802059;0,4;0,4;1,41421356;1,4140000000000001;Aérea;Monofásico;;MANGUERA (2X2.5);2,5;31,7;21,962404239999998;;8,21;0,12000000000000001;1;Simplex;9/2/1995, 0:00:00;;;;Propio;100;335666,355;4082864,044;424;335665,3551;4082863,0444;424;0484389691LB368774430;0484390791LB368774338;;Andalucía;Andalucía;Ardales;Málaga;;No;;;;;;1;;870477,9551;4089348,5085;870477,0187;4089347,4466;-199650,3714;4110120,5544;-199651,4385;4110119,6146;;;;;;
R1-112;'112.BTV.D100000097;;'112.LBT.D200000129;LP36 CANTARRA,PRADO, AND NAVARRE * V: 74-75;'74-75;No;;0,4;0,4;4,47218068;4,472;Fachada;Trifásico;;MANGUERA CU(4X10);10;111,8;77,45731211;;1,9500000000000002;0,11;1;Simplex;9/2/1995, 0:00:00;;;;Propio;100;335675,355;4082869,0444;424;335671,355;4082871,044;424;0484379706LB368774896;0484384235LB368775070;;Andalucía;Andalucía;Ardales;Málaga;;No;;;;;;1;;870486,6348;4089354,0723;870482,5114;4089355,8189;-199641,0207;4110125,0019;-199644,9085;4110127,2628;;;;;;
R1-112;'7801057586310330066;;'112.LBT.D200000129;LP36 CANTARRA,PRADO, AND NAVARRE * V: 34-AC2;'34-AC2;Sí;;0,4;0,4;1,5255231900000001;1,5;Subterránea;Trifásico;;RV 4X50 AL;50;120;83,13843876;;0,387;0,1;1;Simplex;9/2/1995, 0:00:00;;;;Propio;100;335703,355;4082745,0432;443;335704,594;4082744,1458;443;0484345617LB368763773;0484344208LB368763694;;Andalucía;Andalucía;Ardales;Málaga;;No;;;;;;1;;870522,422;4089231,9104;870523,7167;4089231,0915;-199620,7899;4109998,7644;-199619,6034;4109997,7851;;;;;;
R1-112;'112.BTV.D100000265;;'112.LBT.D200000129;LP36 CANTARRA,PRADO, AND NAVARRE * V: 170-171;'170-171;No;;0,4;0,4;3,6055512800000002;3,606;Fachada;Trifásico;;MANGUERA CU(4X10);10;111,8;77,45731211;;1,9500000000000002;0,11;1;Simplex;9/2/1995, 0:00:00;;;;Propio;100;335691,355;4082815,0435;438;335694,355;4082813,0432;438;0484360592LB368770059;0484357184LB368769884;;Andalucía;Andalucía;Ardales;Málaga;;No;;;;;;1;;870506,0237;4089301,112;870509,1477;4089299,3018;-199628,39;4110069,7854;-199625,5059;4110067,5873;;;;;;
R1-112;'112.BTV.D100000019;;'112.LBT.D200000129;LP36 CANTARRA,PRADO, AND NAVARRE * V: 30-AC1;'30-AC1;Sí;112-02802021;0,4;0,4;3,16227766;3,162;Subterránea;Monofásico;;MANGUERA CU(2X16);16;177,8;123,18345343;;1,22;0,11;1;Simplex;9/2/1995, 0:00:00;;;;Propio;100;335742,355;4082794,0417;435;335745,355;4082795,0426;435;0484302940LB368768255;0484299597LB368768351;;Andalucía;Andalucía;Ardales;Málaga;;No;;;;112.ARQ.SG000556539;;1;;870558,3139;4089283,3332;870561,249;4089284,5223;-199578,5349;4110045,4681;-199575,4602;4110046,2822;;;;;;
R1-112;'112.BTV.D100000342;;'112.LBT.D200000129;LP36 CANTARRA,PRADO, AND NAVARRE * V: 246-248;'246-248;No;;0,4;0,4;5;5;Fachada;Trifásico;;MANGUERA CU(4X10);10;111,8;77,45731211;;1,9500000000000002;0,11;1;Simplex;9/2/1995, 0:00:00;;;;Propio;100;335552,356;4082856,0462;431;335556,356;4082853,0465;431;0484517369LB368773511;0484512818LB368773248;;Andalucía;Andalucía;Ardales;Málaga;;No;;;;;;1;;870364,5304;4089333,3405;870368,7167;4089330,5945;-199765,2998;4110119,7648;-199761,4755;4110116,5001;;;;;;
R1-112;'112.BTV.D100000074;;'112.LBT.D200000129;LP36 CANTARRA,PRADO, AND NAVARRE * V: 63-AC1;'63-AC1;Sí;112-02802043;0,4;0,4;1,41421356;1,4140000000000001;Fachada;Monofásico;;MANGUERA (2X6);6;55;38,10511777;;3,39;0,11;1;Simplex;9/2/1995, 0:00:00;;;;Propio;100;335701,355;4082852,0437;430;335702,355;4082853,0444;430;0484350178LB368773410;0484349078LB368773502;;Andalucía;Andalucía;Ardales;Málaga;;No;;;;;;1;;870513,6886;4089338,7186;870514,6251;4089339,7816;-199616,004;4110106,2876;-199614,9367;4110107,2284;;;;;;
R1-112;'112.BTV.D200000325;;'112.LBT.D200000129;LP36 CANTARRA,PRADO, AND NAVARRE * V: 13-14;'13-14;No;;0,4;0,4;28,017851450000002;28,018;Aérea;Trifásico;;RZ 4X50 AL;50;150;103,92304845;;0,387;0,1;1;Simplex;9/2/1995, 0:00:00;;;;Propio;100;335700,354;4082717,0421;443;335699,354;4082689,0424;443;0484348376LB368761245;0484348891LB368758720;;Andalucía;Andalucía;Ardales;Málaga;;No;;;;;112.APO.SG000400034;1;;870521,1853;4089203,7379;870521,9481;4089175,6926;-199625,5798;4109970,8504;-199628,3611;4109942,8106;;;;;;
R1-112;'112.BTV.D100000155;;'112.LBT.D200000129;LP36 CANTARRA,PRADO, AND NAVARRE * V: 102-103;'102-103;No;;0,4;0,4;3,60001389;3,742;Fachada;Trifásico;;MANGUERA CU(4X10);10;111,8;77,45731211;;1,9500000000000002;0,11;1;Simplex;9/2/1995, 0:00:00;;;;Propio;100;335646,356;4082886,0454;418;335649,356;4082884,0451;418;0484412597LB368776378;0484409189LB368776203;;Andalucía;Andalucía;Ardales;Málaga;;No;;;;;;1;;870456,5837;4089369,2375;870459,7077;4089367,4273;-199669,0475;4110143,9069;-199666,1634;4110141,7088;;;;;;
R1-112;'112.BTV.D100000775;;'112.LBT.D100000002;LP45 DEPÓSITO AGUA * Vano: 23-AC1;'23-AC1;Sí;112-02804014;0,4;0,4;1,00000001;1;Fachada;Monofásico;;MANGUERA (2X6);6;55;38,10511777;;3,39;0,11;1;Simplex;9/2/1995, 0:00:00;;;;Propio;90;335546,354;4082635,0451;454;335545,354;4082635,0455;454;0484519309LB368753589;0484520431LB368753587;;Andalucía;Andalucía;Ardales;Málaga;;No;;;;;;1;;870372,4417;4089112,0993;870371,4423;4089112,0368;-199785,3552;4109898,3272;-199786,3589;4109898,3912;;;;;;
R1-112;'112.BTV.D100000787;;'112.LBT.D100000002;LP45 DEPÓSITO AGUA * Vano: 43-AC3;'43-AC3;Sí;112-02804030;0,4;0,4;4,48108246;4,472;Fachada;Monofásico;;MANGUERA (2X6);6;55;38,10511777;;3,39;0,11;1;Simplex;9/2/1995, 0:00:00;;;;Propio;90;335561,354;4082670,045;457;335559,354;4082674,0449;457;0484503246LB368756768;0484505575LB368757125;;Andalucía;Andalucía;Ardales;Málaga;;No;;;;;;2;;870385,2295;4089148,0215;870382,9791;4089151,893;-199768,0777;4109932,5043;-199769,8311;4109936,646;;;;;;
R1-112;'112.BTV.D100000527;;'112.LBT.D200000129;LP36 CANTARRA,PRADO, AND NAVARRE * V: 256-AC1;'256-AC1;Sí;112-02802220;0,4;0,4;1,00000001;1;Fachada;Monofásico;;MANGUERA (2X6);6;55;38,10511777;;3,39;0,11;1;Simplex;9/2/1995, 0:00:00;;;;Propio;100;335550,356;4082867,0472;425;335551,356;4082867,0467;425;0484519851LB368774499;0484518729LB368774500;;Andalucía;Andalucía;Ardales;Málaga;;No;;;;;;1;;870361,8392;4089344,2088;870362,8386;4089344,2713;-199766,6088;4110130,9335;-199765,6052;4110130,8696;;;;;;
R1-112;'112.BTV.D100000045;;'112.LBT.D200000129;LP36 CANTARRA,PRADO, AND NAVARRE * V: 44-45;'44-45;No;;0,4;0,4;8,60232527;9,95;Subterránea;Trifásico;;RV 4X50 AL;50;120;83,13843876;;0,387;0,1;1;Simplex;9/2/1995, 0:00:00;;;;Propio;100;335778,3551;4082801,0426;431;335773,355;4082794,0425;431;0484262717LB368768949;0484268173LB368768309;;Andalucía;Andalucía;Ardales;Málaga;;No;;;;112.ARQ.SG000556573;112.ARQ.SG000556570;1;;870593,851;4089292,5955;870589,2946;4089285,2851;-199541,9573;4110050,2092;-199547,4202;4110043,5007;;;;;;
R1-112;'112.BTV.D100000146;;'112.LBT.D200000129;LP36 CANTARRA,PRADO, AND NAVARRE * V: 98-AC1;'98-AC1;Sí;112-02802080;0,4;0,4;1,41421356;1,4140000000000001;Fachada;Monofásico;;MANGUERA CU(2X4);4;43,2;29,92983795;;5,09;0,12000000000000001;1;Simplex;9/2/1995, 0:00:00;;;;Propio;100;335633,356;4082894,0447;419;335634,356;4082895,0454;419;0484427350LB368777076;0484426250LB368777168;;Andalucía;Andalucía;Ardales;Málaga;;No;;;;;;1;;870443,0883;4089376,4136;870444,0248;4089377,4766;-199681,5877;4110152,7612;-199680,5204;4110153,702;;;;;;
R1-112;'112.BTV.D100000425;;'112.LBT.D100000002;LP45 DEPÓSITO AGUA * Vano: 68-69;'68-69;No;;0,4;0,4;4,47209123;4,472;Fachada;Trifásico;;MANGUERA CU(4X16);16;146,1;101,22104919;;1,22;0,11;1;Simplex;9/2/1995, 0:00:00;;;;Propio;90;335506,355;4082725,0466;445;335502,355;4082723,0463;445;0484566119LB368761628;0484570562LB368761441;;Andalucía;Andalucía;Ardales;Málaga;;No;;;;;;1;;870326,8031;4089199,5273;870322,9315;4089197,2765;-199819,7882;4109991,2013;-199823,93;4109989,4474;;;;;;
R1-112;'112.BTV.D100000528;;'112.LBT.D100000001;LP44 DEPÓSITO AGUA * Vano: CT-1;'1-AC1;Sí;112-02803001;0,4;0,4;10,60670524;3,162;Subterránea;Trifásico;;MANGUERA CU(4X16);16;146,1;101,22104919;;1,22;0,11;1;Simplex;9/2/1995, 0:00:00;;;;Propio;100;335583,354;4082597,0432;471;335586,918;4082587,0453;471;0484476990LB368750229;0484472777LB368749334;;Andalucía;Andalucía;Ardales;Málaga;;No;;;;;;2;;870411,8104;4089076,4498;870416,0015;4089066,6824;-199750,631;4109857,8358;-199747,6885;4109847,5746;;;;;;
R1-112;'112.BTV.D100000354;;'112.LBT.D100000002;LP45 DEPÓSITO AGUA * Vano: 1-2;'1-2;No;;0,4;0,4;22,825424419999997;23,601;Aérea;Trifásico;;RZ 4X150 AL;150;240;166,27687753;;0,124;0,085;1;Simplex;9/2/1995, 0:00:00;;;;Propio;90;335590,354;4082584,0433;465;335570,354;4082595,0436;465;0484468858LB368749070;0484491526LB368750026;;Andalucía;Andalucía;Ardales;Málaga;;No;;;;112.ARQ.SG000556444;112.APO.SG000399917;1;;870419,6242;4089063,8984;870398,9444;4089073,6333;-199744,4304;4109844,3433;-199763,806;4109856,6541;;;;;;
R1-112;'112.BTV.D100000174;;'112.LBT.D200000129;LP36 CANTARRA,PRADO, AND NAVARRE * V: 112-AC1;'112-AC1;Sí;112-02802094;0,4;0,4;1;1;Fachada;Monofásico;;MANGUERA (2X2.5);2,5;31,7;21,962404239999998;;8,21;0,12000000000000001;1;Simplex;9/2/1995, 0:00:00;;;;Propio;100;335612,356;4082911,0466;415;335612,356;4082912,0467;415;0484451271LB368778571;0484451292LB368778661;;Andalucía;Andalucía;Ardales;Málaga;;No;;;;;;1;;870421,0313;4089392,0832;870420,9683;4089393,0826;-199701,5859;4110171,1593;-199701,5224;4110172,163;;;;;;
R1-112;'112.BTV.D100000219;;'112.LBT.D200000129;LP36 CANTARRA,PRADO, AND NAVARRE * V: 136-AC2;'136-AC2;Sí;112-02802115;0,4;0,4;1,4142842700000002;1,4140000000000001;Fachada;Trifásico;;MANGUERA CU(4X10);10;111,8;77,45731211;;1,9500000000000002;0,11;1;Simplex;9/2/1995, 0:00:00;;;;Propio;100;335567,356;4082896,0473;419;335568,356;4082895,0468;419;0484501414LB368777141;0484500271LB368777053;;Andalucía;Andalucía;Ardales;Málaga;;No;;;;;;1;;870377,0034;4089374,2608;870378,0657;4089373,3239;-199747,7046;4110158,9616;-199746,7645;4110157,8939;;;;;;
R1-112;'112.BTV.D100000389;;'112.LBT.D100000002;LP45 DEPÓSITO AGUA * Vano: 34-AC1;'34-AC1;Sí;112-02804022;0,4;0,4;1;1;Fachada;Monofásico;;MANGUERA CU(2X6);6;114,3;'79,18936292000001;;3,39;0,11;1;Simplex;9/2/1995, 0:00:00;;;;Propio;90;335592,354;4082681,0442;464;335593,354;4082681,0437;464;0484468718LB368757813;0484467596LB368757815;;Andalucía;Andalucía;Ardales;Málaga;;No;;;;112.APO.SG000399953;;1;;870415,518;4089160,9649;870416,5174;4089161,0274;-199736,2647;4109941,576;-199735,261;4109941,5121;;;;;;
R1-112;'112.BTV.D100000017;;'112.LBT.D200000129;LP36 CANTARRA,PRADO, AND NAVARRE * V: 29-AC1;'29-AC1;Sí;112-02802020;0,4;0,4;7,21110255;8,246;Subterránea;Trifásico;;MANGUERA CU(4X16);16;146,1;101,22104919;;1,22;0,11;1;Simplex;9/2/1995, 0:00:00;;;;Propio;100;335751,355;4082804,0423;435;335747,355;4082798,0418;435;0484293063LB368769172;0484297419LB368768624;;Andalucía;Andalucía;Ardales;Málaga;;No;;;;112.ARQ.SG000556549;;1;;870566,6788;4089293,894;870563,059;4089287,6454;-199568,8667;4110054,9342;-199573,2625;4110049,1655;;;;;;
R1-112;'112.BTV.D200000313;;'112.LBT.D200000129;LP36 CANTARRA,PRADO, AND NAVARRE * V: 4-5;'4-5;No;;0,4;0,4;42,607689869999994;41,773;Subterránea;Trifásico;;RV 3X240 AL /150;240;320;221,70250337;;0,125;0,08;1;Simplex;9/2/1995, 0:00:00;;;;Propio;100;335605,285;4082622,4387;471;335612,629;4082664,408;471;0484452946LB368752555;0484445619LB368756350;;Andalucía;Andalucía;Ardales;Málaga;;No;;;;;;1;;870432,1295;4089103,2097;870436,8274;4089145,6152;-199727,0066;4109881,9328;-199716,9709;4109923,5911;;;;;;
R1-112;'112.BTV.D100000126;;'112.LBT.D200000129;LP36 CANTARRA,PRADO, AND NAVARRE * V: 88-AC1;'88-AC1;Sí;112-0280270;0,4;0,4;1;1;Fachada;Monofásico;;MANGUERA (2X2.5);2,5;31,7;21,962404239999998;;8,21;0,12000000000000001;1;Simplex;9/2/1995, 0:00:00;;;;Propio;100;335713,355;4082839,0427;430;335713,355;4082838,0427;430;0484336438LB368772259;0484336417LB368772169;;Andalucía;Andalucía;Ardales;Málaga;;No;;;;;;1;;870526,4995;4089326,481;870526,5624;4089325,4816;-199604,785;4110092,4766;-199604,8485;4110091,4729;;;;;;
R1-112;'112.BTV.D100000441;;'112.LBT.D200000129;LP36 CANTARRA,PRADO, AND NAVARRE * V: 160-AC1;'160-AC1;Sí;112-02802134;0,4;0,4;1;1;Fachada;Trifásico;;MANGUERA CU(4X6);6;83,8;58,05834307;;3,39;0,11;1;Simplex;9/2/1995, 0:00:00;;;;Propio;100;335653,355;4082841,0441;432;335653,355;4082842,0441;432;0484403772LB368772335;0484403794LB368772425;;Andalucía;Andalucía;Ardales;Málaga;;No;;;;;;1;;870466,4108;4089324,7047;870466,3479;4089325,7041;-199664,8797;4110098,2948;-199664,8163;4110099,2986;;;;;;
R1-112;'112.BTV.D100000034;;'112.LBT.D200000129;LP36 CANTARRA,PRADO, AND NAVARRE * V: 39-AC1;'39-AC1;Sí;112-02802027;0,4;0,4;1;1;Fachada;Trifásico;;MANGUERA CU(4X16);16;146,1;101,22104919;;1,22;0,11;1;Simplex;9/2/1995, 0:00:00;;;;Propio;100;335718,354;4082685,0417;443;335719,354;4082685,0423;443;0484327496LB368758393;0484326375LB368758394;;Andalucía;Andalucía;Ardales;Málaga;;No;;;;;;1;;870541,1881;4089172,8901;870542,1875;4089172,9538;-199609,5449;4109937,5888;-199608,5411;4109937,526;;;;;;
R1-112;'112.BTV.D100000374;;'112.LBT.D100000002;LP45 DEPÓSITO AGUA * Vano: 21-22;'21-22;No;;0,4;0,4;17,48771283;17,607;Fachada;Trifásico;;RZ 4X95 AL;95;230;159,3486743;;0,193;0,09000000000000001;1;Simplex;9/2/1995, 0:00:00;;;;Propio;90;335538,354;4082631,0454;459;335553,354;4082640,0441;459;0484528194LB368753214;0484511567LB368754051;;Andalucía;Andalucía;Ardales;Málaga;;No;;;;112.APO.SG000399881;;1;;870364,6985;4089107,5986;870379,1227;4089117,5357;-199793,6387;4109894,8207;-199778,012;4109902,9003;;;;;;
R1-112;'112.BTV.D100000338;;'112.LBT.D200000129;LP36 CANTARRA,PRADO, AND NAVARRE * V: 243-244;'243-244;No;;0,4;0,4;'7,615733710000001;7,616;Fachada;Trifásico;;MANGUERA CU(4X10);10;111,8;77,45731211;;1,9500000000000002;0,11;1;Simplex;9/2/1995, 0:00:00;;;;Propio;100;335580,356;4082841,0464;431;335573,356;4082844,0463;431;0484485642LB368772208;0484493557LB368772466;;Andalucía;Andalucía;Ardales;Málaga;;No;;;;;;1;;870393,4571;4089320,1124;870386,2726;4089322,6699;-199738,1486;4110102,9318;-199744,9841;4110106,3873;;;;;;
R1-112;'112.BTV.D100000569;;'112.LBT.D100000002;LP45 DEPÓSITO AGUA * Vano: 98-99;'98-99;No;;0,4;0,4;4,24256998;4,243;Aérea;Trifásico;;MANGUERA CU(4X10);10;111,8;77,45731211;;1,9500000000000002;0,11;1;Simplex;9/2/1995, 0:00:00;;;;Propio;90;335492,355;4082698,0463;439;335495,355;4082701,0461;439;0484581234LB368759171;0484577935LB368759446;;Andalucía;Andalucía;Ardales;Málaga;;No;;;;;112.APO.SG000399796;1;;870314,5112;4089171,6627;870317,3205;4089174,8494;-199835,5541;4109964,9899;-199832,3526;4109967,8102;;;;;;
R1-112;'112.BTV.D100000051;;'112.LBT.D200000129;LP36 CANTARRA,PRADO, AND NAVARRE * V: 48-AC1;'48-AC1;Sí;112-02802035;0,4;0,4;6,70820393;6,708;Subterránea;Monofásico;;MANGUERA CU(2X6);6;114,3;'79,18936292000001;;3,39;0,11;1;Simplex;9/2/1995, 0:00:00;;;;Propio;100;335758,355;4082777,0423;430;335755,355;4082771,0425;430;0484284627LB368766751;0484287862LB368766206;;Andalucía;Andalucía;Ardales;Málaga;;No;;;;112.ARQ.SG000556558;;1;;870575,3739;4089267,3514;870572,7534;4089261,1664;-199563,555;4110027,39;-199566,947;4110021,5585;;;;;;
R1-112;'112.BTV.D100000495;;'112.LBT.D200000129;LP36 CANTARRA,PRADO, AND NAVARRE * V: 223-AC1;'223-AC1;Sí;112-02802188;0,4;0,4;2,23606798;2,236;Fachada;Monofásico;;MANGUERA (2X6);6;55;38,10511777;;3,39;0,11;1;Simplex;9/2/1995, 0:00:00;;;;Propio;100;335598,355;4082827,0447;440;335597,355;4082825,0451;440;0484465152LB368770978;0484466230LB368770796;;Andalucía;Andalucía;Ardales;Málaga;;No;;;;;;1;;870412,3261;4089307,2523;870411,4526;4089305,191;-199720,972;4110087,7356;-199722,1027;4110085,7921;;;;;;
R1-112;'112.BTV.D100000420;;'112.LBT.D100000002;LP45 DEPÓSITO AGUA * Vano: 63-64;'63-64;No;;0,4;0,4;6,08276253;7,874;Fachada;Trifásico;;MANGUERA CU(4X16);16;146,1;101,22104919;;1,22;0,11;1;Simplex;9/2/1995, 0:00:00;;;;Propio;90;335528,355;4082725,0463;445;335522,355;4082724,0458;445;0484541446LB368761666;0484548153LB368761566;;Andalucía;Andalucía;Ardales;Málaga;;No;;;;;;1;;870348,7894;4089200,9117;870342,8561;4089199,5341;-199797,7068;4109989,8042;-199803,7925;4109989,1809;;;;;;
R1-112;'112.BTV.D200000337;;'112.LBT.D200000129;LP36 CANTARRA,PRADO, AND NAVARRE * V: 19-20;'19-20;No;;0,4;0,4;41,109704449999995;42,308;Subterránea;Trifásico;;RV 4X50 AL;50;120;83,13843876;;0,387;0,1;1;Simplex;9/2/1995, 0:00:00;;;;Propio;100;335709,353;4082567,0416;449;335722,353;4082528,04;449;0484335035LB368747745;0484319611LB368744254;;Andalucía;Andalucía;Ardales;Málaga;;No;;;;112.ARQ.SG000556513;112.ARQ.SG000556524;1;;870539,6193;4089054,3968;870555,0659;4089016,2376;-199626,0707;4109819,7239;-199615,4986;4109779,7528;;;;;;
R1-112;'112.BTV.D100000061;;'112.LBT.D200000129;LP36 CANTARRA,PRADO, AND NAVARRE * V: 52-53;'52-53;No;;0,4;0,4;9,899636359999999;9,899000000000001;Subterránea;Trifásico;;RV 3X50 /50;50;155;107,38715007;;0,387;0,1;1;Simplex;9/2/1995, 0:00:00;;;;Propio;100;335784,355;4082797,0411;426;335791,355;4082790,0413;426;0484255901LB368768599;0484247899LB368767980;;Andalucía;Andalucía;Ardales;Málaga;;No;;;;112.ARQ.SG000556578;112.ARQ.SG000556582;1;;870600,099;4089288,9741;870607,5352;4089282,4193;-199536,1892;4110045,8119;-199529,6078;4110038,3419;;;;;;
R1-112;'112.BTV.D100000065;;'112.LBT.D200000129;LP36 CANTARRA,PRADO, AND NAVARRE * V: 25-56;'25-56;No;;0,4;0,4;15,811388299999999;16,912;Subterránea;Trifásico;;RV 4X240 AL;240;320;221,70250337;;0,125;0,08;1;Simplex;9/2/1995, 0:00:00;;;;Propio;100;335742,355;4082831,0431;426;335751,355;4082844,0436;426;0484303741LB368771589;0484293929LB368772776;;Andalucía;Andalucía;Ardales;Málaga;;No;;;;112.ARQ.SG000556540;112.ARQ.SG000556550;1;;870555,985;4089320,3116;870564,1612;4089333,8705;-199576,1857;4110082,6062;-199566,327;4110095,0834;;;;;;
R1-112;'112.BTV.D100000044;;'112.LBT.D200000129;LP36 CANTARRA,PRADO, AND NAVARRE * V: 44-AC2;'44-AC2;Sí;112-02802032;0,4;0,4;1,41421356;1,4140000000000001;Subterránea;Monofásico;;RV 2X50 AL;50;125;86,60254038000001;;0,524;0,10500000000000001;1;Simplex;9/2/1995, 0:00:00;;;;Propio;100;335778,3551;4082801,0426;426;335779,355;4082802,0422;426;0484262717LB368768949;0484261617LB368769040;;Andalucía;Andalucía;Ardales;Málaga;;No;;;;112.ARQ.SG000556573;;1;;870593,851;4089292,5955;870594,7874;4089293,6574;-199541,9573;4110050,2092;-199540,8902;4110051,149;;;;;;
R1-112;'112.BTV.D100000731;;'112.LBT.D100000002;LP45 DEPÓSITO AGUA * Vano: 191-AC3;'191-AC3;Sí;112-02804142;0,4;0,4;8,24621125;8,246;Fachada;Monofásico;;MANGUERA (2X6);6;55;38,10511777;;3,39;0,11;1;Simplex;9/2/1995, 0:00:00;;;;Propio;90;335424,355;4082649,0471;448;335426,355;4082641,0472;448;0484656433LB368754638;0484654016LB368753920;;Andalucía;Andalucía;Ardales;Málaga;;No;;;;;;1;;870249,6375;4089118,4143;870252,1397;4089110,5453;-199906,9167;4109920,1266;-199905,4172;4109911,9701;;;;;;
R1-112;'112.BTV.D100000127;;'112.LBT.D200000129;LP36 CANTARRA,PRADO, AND NAVARRE * V: 88-89;'88-89;No;;0,4;0,4;6,70820393;6,708;Fachada;Monofásico;;MANGUERA CU(2X4);4;43,2;29,92983795;;5,09;0,12000000000000001;1;Simplex;9/2/1995, 0:00:00;;;;Propio;100;335713,355;4082839,0427;430;335719,355;4082836,0433;430;0484336438LB368772259;0484329644LB368772000;;Andalucía;Andalucía;Ardales;Málaga;;No;;;;;;1;;870526,4995;4089326,481;870532,6846;4089323,8611;-199604,785;4110092,4766;-199598,9532;4110089,0852;;;;;;
R1-112;'112.BTV.D100000013;;'112.LBT.D200000129;LP36 CANTARRA,PRADO, AND NAVARRE * V: 27-AC2;'27-AC2;Sí;112-02802018;0,4;0,4;9,43398113;9,434;Subterránea;Monofásico;;RV 2X50 AL;50;125;86,60254038000001;;0,524;0,10500000000000001;1;Simplex;9/2/1995, 0:00:00;;;;Propio;100;335762,355;4082815,0419;430;335770,355;4082810,0417;430;0484280964LB368770182;0484271884LB368769746;;Andalucía;Andalucía;Ardales;Málaga;;No;;;;112.ARQ.SG000556561;;1;;870576,9797;4089305,5792;870585,2895;4089301,0856;-199557,1277;4110065,2761;-199549,4155;4110059,7495;;;;;;
R1-112;'112.BTV.D100000672;;'112.LBT.D100000002;LP45 DEPÓSITO AGUA * Vano: 158-159;'158-159;No;;0,4;0,4;1,41421356;1,4140000000000001;Fachada;Trifásico;;RZ 4X50 AL;50;150;103,92304845;;0,387;0,1;1;Simplex;9/2/1995, 0:00:00;;;;Propio;90;335458,355;4082700,0469;438;335457,355;4082699,0474;438;0484619409LB368759292;0484620508LB368759200;;Andalucía;Andalucía;Ardales;Málaga;;No;;;;;;1;;870280,4065;4089171,5221;870279,47;4089170,4603;-199869,553;4109969,1565;-199870,6201;4109968,2167;;;;;;
R1-112;'112.BTV.D100000543;;'112.LBT.D100000002;LP45 DEPÓSITO AGUA * Vano: 85-86;'85-86;No;;0,4;0,4;1,41421356;1,4140000000000001;Fachada;Trifásico;;MANGUERA CU(4X10);10;111,8;77,45731211;;1,9500000000000002;0,11;1;Simplex;9/2/1995, 0:00:00;;;;Propio;90;335504,355;4082678,0461;446;335503,3551;4082679,0466;446;0484567343LB368757390;0484568486LB368757478;;Andalucía;Andalucía;Ardales;Málaga;;No;;;;;;1;;870327,7625;4089152,4302;870326,7002;4089153,3671;-199824,7796;4109944,1538;-199825,7197;4109945,2214;;;;;;
R1-112;'112.BTV.D100000095;;'112.LBT.D200000129;LP36 CANTARRA,PRADO, AND NAVARRE * V: 73-74;'73-74;No;;0,4;0,4;5,65678354;5,657;Fachada;Trifásico;;MANGUERA CU(4X10);10;111,8;77,45731211;;1,9500000000000002;0,11;1;Simplex;9/2/1995, 0:00:00;;;;Propio;100;335679,355;4082865,0437;424;335675,355;4082869,0444;424;0484375133LB368774543;0484379706LB368774896;;Andalucía;Andalucía;Ardales;Málaga;;No;;;;;;1;;870490,8841;4089350,3258;870486,6348;4089354,0723;-199637,2599;4110120,7324;-199641,0207;4110125,0019;;;;;;
R1-112;'112.BTV.D100000460;;'112.LBT.D200000129;LP36 CANTARRA,PRADO, AND NAVARRE * V: 180-AC1;'180-AC1;Sí;112-02802153;0,4;0,4;1,41421356;1,4140000000000001;Fachada;Trifásico;;MANGUERA CU(4X10);10;111,8;77,45731211;;1,9500000000000002;0,11;1;Simplex;9/2/1995, 0:00:00;;;;Propio;100;335594,356;4082876,0458;425;335595,356;4082877,0464;425;0484470699LB368775386;0484469599LB368775478;;Andalucía;Andalucía;Ardales;Málaga;;No;;;;;;1;;870405,2455;4089355,9712;870406,1818;4089357,0341;-199721,8747;4110137,1718;-199720,8075;4110138,1127;;;;;;
R1-112;'112.BTV.D200000338;;'112.LBT.D200000129;LP36 CANTARRA,PRADO, AND NAVARRE * V: 20-AC1;'20-AC1;Sí;112-02802010;0,4;0,4;7,28010989;14,036;Subterránea;Monofásico;;RZ 2X16 AL;16;70;48,49742261;;1,15;0,10500000000000001;1;Simplex;9/2/1995, 0:00:00;;;;Propio;100;335722,353;4082528,04;437;335724,353;4082521,0402;437;0484319611LB368744254;0484317217LB368743627;;Andalucía;Andalucía;Ardales;Málaga;;No;;;;112.ARQ.SG000556524;;1;;870555,0659;4089016,2376;870557,5052;4089009,368;-199615,4986;4109779,7528;-199613,9357;4109772,6001;;;;;;
R1-112;'112.BTV.D100000545;;'112.LBT.D100000002;LP45 DEPÓSITO AGUA * Vano: 86-87;'86-87;No;;0,4;0,4;4,47213595;4,472;Fachada;Trifásico;;MANGUERA CU(4X10);10;111,8;77,45731211;;1,9500000000000002;0,11;1;Simplex;9/2/1995, 0:00:00;;;;Propio;90;335503,3551;4082679,0466;446;335501,355;4082683,0464;446;0484568486LB368757478;0484570816LB368757835;;Andalucía;Andalucía;Ardales;Málaga;;No;;;;;;1;;870326,7002;4089153,3671;870324,4496;4089157,2386;-199825,7197;4109945,2214;-199827,4732;4109949,3631;;;;;;
R1-112;'112.BTV.D100000418;;'112.LBT.D100000002;LP45 DEPÓSITO AGUA * Vano: 45-62;'45-62;No;;0,4;0,4;21,549851460000003;21,564;Fachada;Trifásico;;RZ 4X50 AL;50;150;103,92304845;;0,387;0,1;1;Simplex;9/2/1995, 0:00:00;;;;Propio;90;335538,355;4082702,0448;450;335530,355;4082722,0465;450;0484529732LB368759611;0484539138LB368761399;;Andalucía;Andalucía;Ardales;Málaga;;No;;;;;;2;;870360,2309;4089178,5539;870350,977;4089198,0396;-199789,1301;4109966,0827;-199795,8898;4109986,6663;;;;;;
R1-112;'112.BTV.D200000324;;'112.LBT.D200000129;LP36 CANTARRA,PRADO, AND NAVARRE * V: 12-13;'12-13;No;;0,4;0,4;12,369316880000001;13,342;Fachada;Trifásico;;RZ 4X25 AL;25;100;69,2820323;;0,727;0,11;1;Simplex;9/2/1995, 0:00:00;;;;Propio;100;335697,354;4082729,0436;443;335700,354;4082717,0421;443;0484352001LB368762321;0484348376LB368761245;;Andalucía;Andalucía;Ardales;Málaga;;No;;;;112.ARQ.SG000556501;;1;;870517,4317;4089215,543;870521,1853;4089203,7379;-199627,8289;4109983,0867;-199625,5798;4109970,8504;;;;;;
R1-112;'112.BTV.D200000326;;'112.LBT.D200000129;LP36 CANTARRA,PRADO, AND NAVARRE * V: 14-AC1;'14-AC1;Sí;112-02802004;0,4;0,4;1;87;Aérea;Trifásico;;RZ 4X25 AL;25;100;69,2820323;;0,727;0,11;1;Simplex;9/2/1995, 0:00:00;;;;Propio;100;335699,354;4082689,0424;356;335700,354;4082689,0419;356;0484348891LB368758720;0484347770LB368758722;;Andalucía;Andalucía;Ardales;Málaga;;No;;;;112.APO.SG000400034;;1;;870521,9481;4089175,6926;870522,9475;4089175,755;-199628,3611;4109942,8106;-199627,3575;4109942,7467;;;;;;
R1-112;'112.BTV.D100000600;;'112.LBT.D100000002;LP45 DEPÓSITO AGUA * Vano: 115-116;'115-116;No;;0,4;0,4;3,16227766;3,162;Fachada;Monofásico;;MANGUERA CU(2X4);4;43,2;29,92983795;;5,09;0,12000000000000001;1;Simplex;9/2/1995, 0:00:00;;;;Propio;90;335469,355;4082765,0466;434;335468,355;4082768,0471;434;0484608482LB368765167;0484609669LB368765436;;Andalucía;Andalucía;Ardales;Málaga;;No;;;;;;1;;870287,3086;4089237,1737;870286,1204;4089240,1093;-199854,3855;4110033,6984;-199855,1987;4110036,7735;;;;;;
R1-112;'112.BTV.D100000581;;'112.LBT.D100000002;LP45 DEPÓSITO AGUA * Vano: 105-106;'105-106;No;;0,4;0,4;2,23606798;2,236;Fachada;Trifásico;;MANGUERA CU(4X10);10;111,8;77,45731211;;1,9500000000000002;0,11;1;Simplex;9/2/1995, 0:00:00;;;;Propio;90;335471,355;4082740,0466;435;335470,355;4082742,0471;435;0484605697LB368762918;0484606862LB368763097;;Andalucía;Andalucía;Ardales;Málaga;;No;;;;;;1;;870290,8809;4089212,3151;870289,7556;4089214,2514;-199853,9653;4110008,4788;-199854,842;4110010,5502;;;;;;
R1-112;'112.BTV.D100000681;;'112.LBT.D100000002;LP45 DEPÓSITO AGUA * Vano: 163-164;'163-164;No;;0,4;0,4;2,23606798;2,236;Fachada;Trifásico;;MANGUERA CU(4X10);10;111,8;77,45731211;;1,9500000000000002;0,11;1;Simplex;9/2/1995, 0:00:00;;;;Propio;90;335471,355;4082709,0475;434;335473,355;4082710,0476;434;0484605024LB368760125;0484602803LB368760219;;Andalucía;Andalucía;Ardales;Málaga;;No;;;;;;1;;870292,8319;4089181,3353;870294,7677;4089182,4607;-199855,9334;4109977,365;-199853,8625;4109978,2419;;;;;;
R1-112;'112.BTV.D100000268;;'112.LBT.D200000129;LP36 CANTARRA,PRADO, AND NAVARRE * V: 173-174;'173-174;No;;0,4;0,4;17,8876494;17,889;Aérea;Trifásico;;RZ 3X95 AL /54.6;95;230;159,3486743;;0,193;0,09000000000000001;1;Simplex;9/2/1995, 0:00:00;;;;Propio;100;335639,355;4082860,0451;426;335623,356;4082868,0446;426;0484419885LB368774023;0484438002LB368774716;;Andalucía;Andalucía;Ardales;Málaga;;No;;;;;112.APO.SG000399978;1;;870451,2236;4089342,8127;870434,731;4089349,8003;-199677,7252;4110118,2549;-199693,2754;4110127,2998;;;;;;
R1-112;'112.BTV.D100000413;;'112.LBT.D100000002;LP45 DEPÓSITO AGUA * Vano: 56-57;'56-57;No;;0,4;0,4;2,22703884;2,236;Fachada;Trifásico;;MANGUERA CU(4X6);6;83,8;58,05834307;;3,39;0,11;1;Simplex;9/2/1995, 0:00:00;;;;Propio;90;335543,355;4082702,0447;451;335544,355;4082700,0453;451;0484524125LB368759620;0484522960LB368759442;;Andalucía;Andalucía;Ardales;Málaga;;No;;;;112.APO.SG000399888;;1;;870365,2277;4089178,8685;870366,353;4089176,9333;-199784,1117;4109965,7651;-199783,2349;4109963,6949;;;;;;
R1-112;'112.BTV.D100000015;;'112.LBT.D200000129;LP36 CANTARRA,PRADO, AND NAVARRE * V: 28-AC1;'28-AC1;Sí;112-02802019;0,4;0,4;1,41421356;1,4140000000000001;Subterránea;Trifásico;;MANGUERA CU(4X16);16;146,1;101,22104919;;1,22;0,11;1;Simplex;9/2/1995, 0:00:00;;;;Propio;100;335755,355;4082808,0416;431;335756,355;4082807,0423;431;0484288663LB368769539;0484287520LB368769451;;Andalucía;Andalucía;Ardales;Málaga;;No;;;;112.ARQ.SG000556552;;1;;870570,4247;4089298,1426;870571,4869;4089297,2068;-199564,5979;4110058,6944;-199563,6577;4110057,6278;;;;;;
R1-112;'112.BTV.D100000025;;'112.LBT.D200000129;LP36 CANTARRA,PRADO, AND NAVARRE * V: 32-33;'32-33;No;;0,4;0,4;20;20,1;Subterránea;Trifásico;;RV 4X50 AL;50;120;83,13843876;;0,387;0,1;1;Simplex;9/2/1995, 0:00:00;;;;Propio;100;335715,355;4082763,0424;443;335703,355;4082747,0432;443;0484332549LB368765415;0484345660LB368763953;;Andalucía;Andalucía;Ardales;Málaga;;No;;;;112.ARQ.SG000556518;112.ARQ.SG000556508;1;;870533,2817;4089250,6537;870522,2962;4089233,9092;-199607,6028;4110016,0683;-199620,6629;4110000,7719;;;;;;
R1-112;'112.BTV.D100000246;;'112.LBT.D200000129;LP36 CANTARRA,PRADO, AND NAVARRE * V: 151-152;'151-152;No;;0,4;0,4;17,20465053;17,321;Fachada;Trifásico;;MANGUERA CU(4X10);10;111,8;77,45731211;;1,9500000000000002;0,11;1;Simplex;9/2/1995, 0:00:00;;;;Propio;100;335693,355;4082825,0427;436;335707,355;4082815,043;436;0484358565LB368770963;0484342647LB368770087;;Andalucía;Andalucía;Ardales;Málaga;;No;;;;;;1;;870507,393;4089311,2308;870522,0138;4089302,1185;-199625,7478;4110079,6946;-199612,3309;4110068,7691;;;;;;
R1-112;'112.BTV.D100000419;;'112.LBT.D100000002;LP45 DEPÓSITO AGUA * Vano: 62-63;'62-63;No;;0,4;0,4;3,6055512800000002;3,606;Fachada;Trifásico;;MANGUERA CU(4X16);16;146,1;101,22104919;;1,22;0,11;1;Simplex;9/2/1995, 0:00:00;;;;Propio;90;335530,355;4082722,0465;450;335528,355;4082725,0463;450;0484539138LB368761399;0484541446LB368761666;;Andalucía;Andalucía;Ardales;Málaga;;No;;;;;;1;;870350,977;4089198,0396;870348,7894;4089200,9117;-199795,8898;4109986,6663;-199797,7068;4109989,8042;;;;;;
R1-112;'112.BTV.D100000266;;'112.LBT.D200000129;LP36 CANTARRA,PRADO, AND NAVARRE * V: 171-172;'171-172;No;;0,4;0,4;6,40312424;6,708;Fachada;Trifásico;;MANGUERA CU(4X10);10;111,8;77,45731211;;1,9500000000000002;0,11;1;Simplex;9/2/1995, 0:00:00;;;;Propio;100;335694,355;4082813,0432;436;335699,355;4082809,0432;436;0484357184LB368769884;0484351490LB368769532;;Andalucía;Andalucía;Ardales;Málaga;;No;;;;;;1;;870509,1477;4089299,3018;870514,3964;4089295,6189;-199625,5059;4110067,5873;-199620,7414;4110063,255;;;;;;
R1-112;'112.BTV.T100000010;;'112.LBT.D200000129;LP36 CANTARRA,PRADO, AND NAVARRE * V: 32-AC1;'32-AC1;Sí;112-0440538;0,4;0,4;7,21110255;7,211;Subterránea;Monofásico;;MANGUERA CU(2X6);6;114,3;'79,18936292000001;;3,39;0,11;1;Simplex;9/2/1995, 0:00:00;;;;Propio;100;335715,355;4082763,0424;441;335721,355;4082767,042;441;0484332549LB368765415;0484325907LB368765786;;Andalucía;Andalucía;Ardales;Málaga;;No;;;;112.ARQ.SG000556518;;1;;870533,2817;4089250,6537;870539,0262;4089255,0284;-199607,6028;4110016,0683;-199601,3267;4110019,7018;;;;;;
R1-112;'112.BTV.D100000123;;'112.LBT.D200000129;LP36 CANTARRA,PRADO, AND NAVARRE * V: 86-87;'86-87;No;;0,4;0,4;8,944227190000001;8,944;Fachada;Trifásico;;MANGUERA CU(4X16);16;146,1;101,22104919;;1,22;0,11;1;Simplex;9/2/1995, 0:00:00;;;;Propio;100;335700,355;4082845,0441;430;335708,355;4082841,0427;430;0484351148LB368772777;0484342089LB368772431;;Andalucía;Andalucía;Ardales;Málaga;;No;;;;;;1;;870513,1299;4089331,6604;870521,3767;4089328,165;-199617,452;4110099,3256;-199609,6765;4110094,8015;;;;;;
R1-112;'112.BTV.D100000319;;'112.LBT.D200000129;LP36 CANTARRA,PRADO, AND NAVARRE * V: 224-225;'224-225;No;;0,4;0,4;5,83095189;5,831;Fachada;Trifásico;;MANGUERA CU(4X6);6;83,8;58,05834307;;3,39;0,11;1;Simplex;9/2/1995, 0:00:00;;;;Propio;100;335600,355;4082826,0449;440;335605,355;4082823,0448;440;0484462887LB368770892;0484457215LB368770630;;Andalucía;Andalucía;Ardales;Málaga;;No;;;;;;1;;870414,3878;4089306,379;870419,5735;4089303,6954;-199719,0281;4110086,6051;-199714,2001;4110083,2765;;;;;;
R1-112;'112.BTV.D100000087;;'112.LBT.D200000129;LP36 CANTARRA,PRADO, AND NAVARRE * V: 61-70;'61-70;No;;0,4;0,4;2,82842712;2,8280000000000003;Fachada;Trifásico;;MANGUERA CU(4X10);10;111,8;77,45731211;;1,9500000000000002;0,11;1;Simplex;9/2/1995, 0:00:00;;;;Propio;100;335695,355;4082855,0442;432;335693,355;4082857,044;432;0484356972LB368773670;0484359258LB368773846;;Andalucía;Andalucía;Ardales;Málaga;;No;;;;;;1;;870507,5036;4089341,3396;870505,3789;4089343,2123;-199621,8356;4110109,6801;-199623,716;4110111,8143;;;;;;
R1-112;'112.BTV.D100000220;;'112.LBT.D200000129;LP36 CANTARRA,PRADO, AND NAVARRE * V: 136-137;'136-137;No;;0,4;0,4;'7,2802060399999995;7,28;Fachada;Trifásico;;MANGUERA CU(4X10);10;111,8;77,45731211;;1,9500000000000002;0,11;1;Simplex;9/2/1995, 0:00:00;;;;Propio;100;335567,356;4082896,0473;419;335565,356;4082889,047;419;0484501414LB368777141;0484503505LB368776507;;Andalucía;Andalucía;Ardales;Málaga;;No;;;;;;1;;870377,0034;4089374,2608;870375,4452;4089367,1391;-199747,7046;4110158,9616;-199750,1565;4110152,0624;;;;;;
R1-112;'112.BTV.D100000283;;'112.LBT.D200000129;LP36 CANTARRA,PRADO, AND NAVARRE * V: 188-189;'188-189;No;;0,4;0,4;7,28010989;7,28;Fachada;Trifásico;;MANGUERA CU(4X10);10;111,8;77,45731211;;1,9500000000000002;0,11;1;Simplex;9/2/1995, 0:00:00;;;;Propio;100;335585,3561;4082873,0465;425;335578,356;4082875,0465;425;0484480728LB368775100;0484488622LB368775268;;Andalucía;Andalucía;Ardales;Málaga;;No;;;;;;1;;870396,4399;4089352,4074;870389,3183;4089353,9654;-199731,0984;4110134,7329;-199737,9973;4110137,1847;;;;;;
R1-112;'112.BTV.D100000733;;'112.LBT.D100000002;LP45 DEPÓSITO AGUA * Vano: 192-193;'192-193;No;;0,4;0,4;3,16227766;5,099;Fachada;Trifásico;;MANGUERA CU(4X10);10;111,8;77,45731211;;1,9500000000000002;0,11;1;Simplex;9/2/1995, 0:00:00;;;;Propio;90;335414,355;4082682,0478;434;335413,355;4082685,0483;434;0484668364LB368757593;0484669550LB368757862;;Andalucía;Andalucía;Ardales;Málaga;;No;;;;112.APO.SG000399744;;1;;870237,5668;4089150,765;870236,3786;4089153,7006;-199914,8585;4109953,8842;-199915,6718;4109956,9593;;;;;;
R1-112;'112.BTV.D100000611;;'112.LBT.D100000002;LP45 DEPÓSITO AGUA * Vano: 123-AC1;'123-AC1;Sí;112-02804090;0,4;0,4;1;1;Fachada;Monofásico;;MANGUERA CU(2X4);4;43,2;29,92983795;;5,09;0,12000000000000001;1;Simplex;9/2/1995, 0:00:00;;;;Propio;90;335502,355;4082781,0467;443;335501,355;4082781,0472;443;0484571820LB368766667;0484572941LB368766665;;Andalucía;Andalucía;Ardales;Málaga;;No;;;;;;1;;870319,281;4089255,2408;870318,2816;4089255,1783;-199820,2476;4110047,6625;-199821,2512;4110047,7265;;;;;;
R1-112;'112.BTV.D100000660;;'112.LBT.D100000002;LP45 DEPÓSITO AGUA * Vano: 152-AC1;'152-AC1;Sí;112-02804110;0,4;0,4;1;1;Fachada;Monofásico;;MANGUERA CU(2X4);4;43,2;29,92983795;;5,09;0,12000000000000001;1;Simplex;9/2/1995, 0:00:00;;;;Propio;90;335570,355;4082808,0463;447;335570,355;4082807,0463;447;0484496143LB368769218;0484496121LB368769128;;Andalucía;Andalucía;Ardales;Málaga;;No;;;;;;1;;870385,5393;4089286,5034;870385,6022;4089285,504;-199750,2818;4110070,4447;-199750,3453;4110069,441;;;;;;
R1-112;'112.BTV.P200000004;;'112.LBT.D200000129;LP36 CANTARRA,PRADO, AND NAVARRE * V: 264-265;'264-265;No;;0,4;0,4;4,46767277;4,472;Fachada;Trifásico;;RZ 3X95 AL /54.6;95;230;159,3486743;;0,193;0,09000000000000001;1;Simplex;9/2/2015, 0:00:00;;;;Propio;100;335615,356;4082865,0449;426;335611,356;4082867,0446;426;0484446909LB368774432;0484451438LB368774605;;Andalucía;Andalucía;Ardales;Málaga;;No;;;;;;1;;870426,9248;4089346,2989;870422,8014;4089348,0455;-199701,4955;4110124,797;-199705,3833;4110127,058;;;;;;
R1-112;'112.BTV.D100000506;;'112.LBT.D200000129;LP36 CANTARRA,PRADO, AND NAVARRE * V: 234-AC2;'234-AC2;Sí;112-02802199;0,4;0,4;3,16227766;3,162;Fachada;Monofásico;;MANGUERA (2X6);6;55;38,10511777;;3,39;0,11;1;Simplex;9/2/1995, 0:00:00;;;;Propio;100;335555,356;4082835,0457;431;335552,356;4082834,046;431;0484513550LB368771624;0484516892LB368771529;;Andalucía;Andalucía;Ardales;Málaga;;No;;;;;;1;;870368,8503;4089312,542;870365,9151;4089311,354;-199763,6221;4110098,4962;-199766,6966;4110097,6833;;;;;;
R1-112;'112.BTV.D100000808;;'112.LBT.D100000002;LP45 DEPÓSITO AGUA * Vano: 74-AC1;'74-AC1;Sí;112-02804051;0,4;0,4;1;1;Fachada;Monofásico;;MANGUERA (2X6);6;55;38,10511777;;3,39;0,11;1;Simplex;9/2/1995, 0:00:00;;;;Propio;90;335498,355;4082726,046;440;335498,355;4082727,046;440;0484575113LB368761704;0484575134LB368761794;;Andalucía;Andalucía;Ardales;Málaga;;No;;;;;;1;;870318,7452;4089200,0225;870318,6823;4089201,0219;-199827,7543;4109992,7122;-199827,6908;4109993,7159;;;;;;
R1-112;'112.BTV.D100000690;;'112.LBT.D100000002;LP45 DEPÓSITO AGUA * Vano: 169-170;'169-170;No;;0,4;0,4;1,41421356;1,4140000000000001;Fachada;Trifásico;;MANGUERA CU(4X16);16;146,1;101,22104919;;1,22;0,11;1;Simplex;9/2/1995, 0:00:00;;;;Propio;90;335445,355;4082690,0474;438;335444,355;4082691,0468;438;0484633771LB368758368;0484634914LB368758457;;Andalucía;Andalucía;Ardales;Málaga;;No;;;;112.APO.SG000399787;;1;;870268,0439;4089160,7107;870266,9817;4089161,6465;-199883,236;4109959,9454;-199884,1762;4109961,0119;;;;;;
R1-112;'112.BTV.D100000060;;'112.LBT.D200000129;LP36 CANTARRA,PRADO, AND NAVARRE * V: 52-AC2;'52-AC2;Sí;112-02802040;0,4;0,4;7,21115802;7,211;Subterránea;Monofásico;;MANGUERA CU(2X16);16;177,8;123,18345343;;1,22;0,11;1;Simplex;9/2/1995, 0:00:00;;;;Propio;100;335784,355;4082797,0411;426;335790,355;4082793,0406;426;0484255901LB368768599;0484249086LB368768249;;Andalucía;Andalucía;Ardales;Málaga;;No;;;;112.ARQ.SG000556578;;1;;870600,099;4089288,9741;870606,3471;4089285,3538;-199536,1892;4110045,8119;-199530,421;4110041,4158;;;;;;
R1-112;'112.BTV.D100000009;;'112.LBT.D200000129;LP36 CANTARRA,PRADO, AND NAVARRE * V: 26-AC1;'26-AC1;Sí;112-02802015;0,4;0,4;2,23615742;2,236;Subterránea;Monofásico;;RV 2X50 AL;50;125;86,60254038000001;;0,524;0,10500000000000001;1;Simplex;9/2/1995, 0:00:00;;;;Propio;100;335755,355;4082821,0417;430;335754,355;4082823,0422;430;0484288945LB368770711;0484290110LB368770889;;Andalucía;Andalucía;Ardales;Málaga;;No;;;;112.ARQ.SG000556553;;1;;870569,6064;4089311,1346;870568,4811;4089313,0709;-199563,7726;4110071,7425;-199564,6493;4110073,8138;;;;;;
R1-112;'112.BTV.D100000601;;'112.LBT.D100000002;LP45 DEPÓSITO AGUA * Vano: 116-AC1;'116-AC1;Sí;112-02804087;0,4;0,4;1;1;Fachada;Monofásico;;MANGUERA CU(2X4);4;43,2;29,92983795;;5,09;0,12000000000000001;1;Simplex;9/2/1995, 0:00:00;;;;Propio;90;335468,355;4082768,0471;434;335469,355;4082768,0467;434;0484609669LB368765436;0484608547LB368765438;;Andalucía;Andalucía;Ardales;Málaga;;No;;;;;;1;;870286,1204;4089240,1093;870287,1198;4089240,1718;-199855,1987;4110036,7735;-199854,195;4110036,7095;;;;;;
R1-112;'112.BTV.D100000292;;'112.LBT.D200000129;LP36 CANTARRA,PRADO, AND NAVARRE * V: 197-198;'197-198;No;;0,4;0,4;4,24264069;4,243;Fachada;Trifásico;;MANGUERA CU(4X10);10;111,8;77,45731211;;1,9500000000000002;0,11;1;Simplex;9/2/1995, 0:00:00;;;;Propio;100;335664,355;4082783,0443;457;335667,355;4082780,044;457;0484390179LB368767129;0484386750LB368766864;;Andalucía;Andalucía;Ardales;Málaga;;No;;;;;;1;;870481,0545;4089267,4333;870484,2414;4089264,6237;-199657,5215;4110039,3821;-199654,7009;4110036,1803;;;;;;
R1-112;'112.BTV.D100000629;;'112.LBT.D100000002;LP45 DEPÓSITO AGUA * Vano: 132-133;'132-133;No;;0,4;0,4;2,23606798;2,236;Fachada;Trifásico;;MANGUERA CU(4X10);10;111,8;77,45731211;;1,9500000000000002;0,11;1;Simplex;9/2/1995, 0:00:00;;;;Propio;90;335511,355;4082761,0457;443;335512,355;4082759,0463;443;0484561292LB368764880;0484560127LB368764702;;Andalucía;Andalucía;Ardales;Málaga;;No;;;;;;1;;870329,5342;4089235,8186;870330,6595;4089233,8834;-199812,4841;4110027,0161;-199811,6073;4110024,9458;;;;;;
R1-112;'112.BTV.D100000554;;'112.LBT.D100000002;LP45 DEPÓSITO AGUA * Vano: 91-AC1;'91-AC1;Sí;112-02804066;0,4;0,4;1;1;Fachada;Monofásico;;MANGUERA CU(2X4);4;43,2;29,92983795;;5,09;0,12000000000000001;1;Simplex;9/2/1995, 0:00:00;;;;Propio;90;335500,355;4082678,0458;446;335499,355;4082678,0462;446;0484571829LB368757383;0484572950LB368757381;;Andalucía;Andalucía;Ardales;Málaga;;No;;;;;;1;;870323,765;4089152,1781;870322,7656;4089152,1156;-199828,7944;4109944,4074;-199829,798;4109944,4713;;;;;;
R1-112;'112.BTV.D100000499;;'112.LBT.D200000129;LP36 CANTARRA,PRADO, AND NAVARRE * V: 228-AC1;'228-AC1;Sí;112-02802192;0,4;0,4;1;1;Fachada;Monofásico;;MANGUERA (2X6);6;55;38,10511777;;3,39;0,11;1;Simplex;9/2/1995, 0:00:00;;;;Propio;100;335587,355;4082832,0464;440;335587,355;4082831,0464;440;0484477597LB368771410;0484477576LB368771320;;Andalucía;Andalucía;Ardales;Málaga;;No;;;;;;1;;870401,0181;4089311,5586;870401,0811;4089310,5592;-199731,6952;4110093,4542;-199731,7586;4110092,4505;;;;;;
R1-112;'112.BTV.D200000308;;'112.LBT.D200000128;LP35 DEPÓSITO DE AGUA 3-AC1;'3-AC1;Sí;112-02801001;0,4;0,4;1;1;Subterránea;Trifásico;;RV 4X50 AL;50;120;83,13843876;;0,387;0,1;1;Simplex;9/2/1995, 0:00:00;;;;Propio;100;335585,354;4082537,043;474;335584,354;4082537,0435;474;0484473447LB368744827;0484474568LB368744825;;Andalucía;Andalucía;Ardales;Málaga;;No;;;;112.ARQ.SG000556436;;1;;870417,5854;4089016,6127;870416,586;4089016,5503;-199752,4327;4109797,4866;-199753,4364;4109797,5505;;;;;;
R1-112;'112.BTV.D100000573;;'112.LBT.D100000002;LP45 DEPÓSITO AGUA * Vano: 101-AC1;'101-AC1;Sí;112-02804074;0,4;0,4;1;1;Fachada;Monofásico;;MANGUERA CU(2X4);4;43,2;29,92983795;;5,09;0,12000000000000001;1;Simplex;9/2/1995, 0:00:00;;;;Propio;90;335491,355;4082709,0458;440;335492,355;4082709,0464;440;0484582595LB368760160;0484581473LB368760162;;Andalucía;Andalucía;Ardales;Málaga;;No;;;;;;1;;870312,8195;4089182,5924;870313,8189;4089182,656;-199835,8595;4109976,0935;-199834,8558;4109976,0307;;;;;;
R1-112;'112.BTV.D100000100;;'112.LBT.D200000129;LP36 CANTARRA,PRADO, AND NAVARRE * V: 76-AC1;'76-AC1;Sí;112-02802056;0,4;0,4;1,41421356;1,4140000000000001;Fachada;Monofásico;;MANGUERA (2X2.5);2,5;31,7;21,962404239999998;;8,21;0,12000000000000001;1;Simplex;9/2/1995, 0:00:00;;;;Propio;100;335667,3549;4082874,0436;424;335668,355;4082875,0443;424;0484388786LB368775333;0484387686LB368775425;;Andalucía;Andalucía;Ardales;Málaga;;No;;;;;;1;;870478,325;4089358,5648;870479,2615;4089359,6278;-199648,7329;4110130,5275;-199647,6656;4110131,4683;;;;;;
R1-112;'112.BTV.D100000705;;'112.LBT.D100000002;LP45 DEPÓSITO AGUA * Vano: 179-180;'179-180;No;;0,4;0,4;4,85772797;5;Aérea;Trifásico;;MANGUERA CU(4X10);10;111,8;77,45731211;;1,9500000000000002;0,11;1;Simplex;9/2/1995, 0:00:00;;;;Propio;90;335451,355;4082700,0469;438;335454,844;4082696,6653;438;0484627259LB368759280;0484623273LB368758981;;Andalucía;Andalucía;Ardales;Málaga;;No;;;;112.APO.SG000399795;;1;;870273,4109;4089171,0816;870277,1105;4089167,9216;-199876,5789;4109969,6009;-199873,2917;4109965,9852;;;;;;
R1-112;'112.BTV.D100000234;;'112.LBT.D200000129;LP36 CANTARRA,PRADO, AND NAVARRE * V: 143-AC2;'143-AC2;Sí;112-02802123;0,4;0,4;1,00000001;1;Fachada;Monofásico;;MANGUERA CU(2X6);6;114,3;'79,18936292000001;;3,39;0,11;1;Simplex;9/2/1995, 0:00:00;;;;Propio;100;335559,356;4082902,0466;419;335558,356;4082902,0471;419;0484510516LB368777668;0484511638LB368777666;;Andalucía;Andalucía;Ardales;Málaga;;No;;;;;;1;;870368,6307;4089379,7529;870367,6313;4089379,6904;-199755,3534;4110165,491;-199756,357;4110165,5549;;;;;;
R1-112;'112.BTV.D100000343;;'112.LBT.D200000129;LP36 CANTARRA,PRADO, AND NAVARRE * V: 248-249;'248-249;No;;0,4;0,4;4,47213595;4,472;Aérea;Trifásico;;MANGUERA CU(4X10);10;111,8;77,45731211;;1,9500000000000002;0,11;1;Simplex;9/2/1995, 0:00:00;;;;Propio;100;335556,356;4082853,0465;431;335552,356;4082851,0461;431;0484512818LB368773248;0484517261LB368773061;;Andalucía;Andalucía;Ardales;Málaga;;No;;;;;112.APO.SG000399894;1;;870368,7167;4089330,5945;870364,8451;4089328,3436;-199761,4755;4110116,5001;-199765,6173;4110114,7463;;;;;;
R1-112;'112.BTV.D100000251;;'112.LBT.D200000129;LP36 CANTARRA,PRADO, AND NAVARRE * V: 156-157;'156-157;No;;0,4;0,4;10,82220403;10,863;Fachada;Trifásico;;MANGUERA CU(4X10);10;111,8;77,45731211;;1,9500000000000002;0,11;1;Simplex;9/2/1995, 0:00:00;;;;Propio;100;335653,355;4082849,0442;433;335644,355;4082855,045;433;0484403946LB368773056;0484414169LB368773581;;Andalucía;Andalucía;Ardales;Málaga;;No;;;;;;1;;870465,9073;4089332,6998;870456,5351;4089338,1304;-199664,3719;4110106,3245;-199673,0242;4110112,9189;;;;;;
R1-112;'112.BTV.D100000507;;'112.LBT.D200000129;LP36 CANTARRA,PRADO, AND NAVARRE * V: 235-AC1;'235-AC1;Sí;112-02802200;0,4;0,4;1,0001;1;Fachada;Monofásico;;MANGUERA (2X6);6;55;38,10511777;;3,39;0,11;1;Simplex;9/2/1995, 0:00:00;;;;Propio;100;335548,356;4082835,0456;431;335548,356;4082834,0456;431;0484521400LB368771612;0484521378LB368771522;;Andalucía;Andalucía;Ardales;Málaga;;No;;;;;;1;;870361,8547;4089312,1013;870361,9176;4089311,1019;-199770,6479;4110098,9406;-199770,7115;4110097,9369;;;;;;
R1-112;'112.BTV.D100000356;;'112.LBT.D100000002;LP45 DEPÓSITO AGUA * Vano: 3-4;'3-4;No;;0,4;0,4;30,87491053;31,89;Aérea;Trifásico;;RZ 4X150 AL;150;240;166,27687753;;0,124;0,085;1;Simplex;9/2/1995, 0:00:00;;;;Propio;90;335556,354;4082607,0447;457;335528,354;4082620,0455;457;0484507487LB368751083;0484539171LB368752206;;Andalucía;Andalucía;Ardales;Málaga;;No;;;;112.APO.SG000399900;112.APO.SG000399871;1;;870384,1978;4089084,7457;870355,3969;4089095,9762;-199777,0959;4109869,5883;-199804,3741;4109884,415;;;;;;
R1-112;'112.BTV.D200000310;;'112.LBT.D200000129;LP36 CANTARRA,PRADO, AND NAVARRE * V: 1-2;'1-2;No;;0,4;0,4;4,63246846;7,071;Subterránea;Trifásico;;RV 3X240 AL /150;240;320;221,70250337;;0,125;0,08;1;Simplex;9/2/1995, 0:00:00;;;;Propio;100;335593,096;4082570,4286;470;335595,788;4082566,6629;470;0484465488LB368747848;0484462387LB368747513;;Andalucía;Andalucía;Ardales;Málaga;;No;;;;;;1;;870423,2214;4089050,4648;870426,1487;4089046,8709;-199742,5426;4109830,5041;-199740,0798;4109826,5536;;;;;;
R1-112;'112.BTV.D100000204;;'112.LBT.D200000129;LP36 CANTARRA,PRADO, AND NAVARRE * V: 128-AC1;'128-AC1;Sí;112-02802108;0,4;0,4;1;50,01;Fachada;Monofásico;;MANGUERA (2X2.5);2,5;31,7;21,962404239999998;;8,21;0,12000000000000001;1;Simplex;9/2/1995, 0:00:00;;;;Propio;100;335597,356;4082914,0458;365;335597,356;4082913,0458;365;0484468158LB368778815;0484468137LB368778725;;Andalucía;Andalucía;Ardales;Málaga;;No;;;;;;1;;870405,8518;4089394,1364;870405,9148;4089393,137;-199716,451;4110175,1219;-199716,5144;4110174,1182;;;;;;
R1-112;'112.BTV.D100000738;;'112.LBT.D100000002;LP45 DEPÓSITO AGUA * Vano: 195-AC1;'195-AC1;Sí;112-02804145;0,4;0,4;1;1;Fachada;Monofásico;;MANGUERA (2X6);6;55;38,10511777;;3,39;0,11;1;Simplex;9/2/1995, 0:00:00;;;;Propio;90;335407,355;4082701,048;434;335408,355;4082701,0486;434;0484676627LB368759293;0484675505LB368759295;;Andalucía;Andalucía;Ardales;Málaga;;No;;;;;;1;;870229,3753;4089169,3127;870230,3746;4089169,3763;-199920,6782;4109973,3992;-199919,6745;4109973,3363;;;;;;
R1-112;'112.BTV.D100000700;;'112.LBT.D100000002;LP45 DEPÓSITO AGUA * Vano: 167-175;'167-175;No;;0,4;0,4;6,40312424;6,4030000000000005;Fachada;Trifásico;;RZ 4X50 AL;50;150;103,92304845;;0,387;0,1;1;Simplex;9/2/1995, 0:00:00;;;;Propio;90;335454,355;4082697,0465;438;335449,355;4082693,0467;438;0484623830LB368759015;0484629350LB368758645;;Andalucía;Andalucía;Ardales;Málaga;;No;;;;;;1;;870276,5978;4089168,2719;870271,8527;4089163,9598;-199873,7583;4109966,399;-199879,0308;4109962,7017;;;;;;
R1-112;'112.BTV.D100000355;;'112.LBT.D100000002;LP45 DEPÓSITO AGUA * Vano: 2-3;'2-3;No;;0,4;0,4;18,43908891;18,439;Aérea;Trifásico;;RZ 4X150 AL;150;240;166,27687753;;0,124;0,085;1;Simplex;9/2/1995, 0:00:00;;;;Propio;90;335570,354;4082595,0436;465;335556,354;4082607,0447;465;0484491526LB368750026;0484507487LB368751083;;Andalucía;Andalucía;Ardales;Málaga;;No;;;;112.APO.SG000399917;112.APO.SG000399900;1;;870398,9444;4089073,6333;870384,1978;4089084,7457;-199763,806;4109856,6541;-199777,0959;4109869,5883;;;;;;
R1-112;'112.BTV.D100000340;;'112.LBT.D200000129;LP36 CANTARRA,PRADO, AND NAVARRE * V: 213-246;'213-246;No;;0,4;0,4;19,72308292;19,723;Fachada;Trifásico;;RZ 3X150 AL /95;150;240;166,27687753;;0,124;0,085;1;Simplex;9/2/1995, 0:00:00;;;;Propio;100;335569,356;4082846,046;431;335552,356;4082856,0462;431;0484498087LB368772640;0484517369LB368773511;;Andalucía;Andalucía;Ardales;Málaga;;No;;;;;;1;;870382,1492;4089324,4165;870364,5304;4089333,3405;-199748,8719;4110108,6483;-199765,2998;4110119,7648;;;;;;
R1-112;'112.ACO.SG000691422;;'112.LBT.D200000129;LP03 NAVARRETE Y ½ CANTARRANA-PRADO 143;'143;Sí;143;0,4;1;5,7336107;5,94664764;Subterránea;Monofásico;;1X50 Al UNIPOLAR SUBTERRÁNEO;50;155;107,38715007;9;0,641;0,1;1;Simplex;12/8/2024, 2:00:00;;;12/8/2024, 2:00:00;Propio;100;335790,0422;4082796,3174;419,9659729;335784,3551;4082797,041;420,7539978;0484249507LB368768543;0484255901LB368768599;;Andalucía;Andalucía;Ardales;Málaga;;No;;;;;112.ARQ.SG000556578;2;;870605,8283;4089288,6089;870600,0991;4089288,9741;-199530,5269;4110044,7245;-199536,1891;4110045,8119;;;;;;
R1-112;'112.BTV.D100000474;;'112.LBT.D200000129;LP36 CANTARRA,PRADO, AND NAVARRE * V: 200-AC1;'200-AC1;Sí;112-02802167;0,4;0,4;1;1;Fachada;Trifásico;;MANGUERA CU(4X6);6;83,8;58,05834307;;3,39;0,11;1;Simplex;9/2/1995, 0:00:00;;;;Propio;100;335675,355;4082773,0426;448;335676,355;4082773,0433;448;0484377626LB368766247;0484376504LB368766248;;Andalucía;Andalucía;Ardales;Málaga;;No;;;;;;1;;870492,6771;4089258,1301;870493,6765;4089258,1937;-199647,1158;4110028,6451;-199646,1121;4110028,5823;;;;;;
R1-112;'112.BTV.D100000380;;'112.LBT.D100000002;LP45 DEPÓSITO AGUA * Vano: 27-28;'27-28;No;;0,4;0,4;5,83095189;5,831;Fachada;Monofásico;;MANGUERA CU(2X6);6;114,3;'79,18936292000001;;3,39;0,11;1;Simplex;9/2/1995, 0:00:00;;;;Propio;90;335531,354;4082628,0453;457;335528,3541;4082633,0456;457;0484535980LB368752932;0484539452LB368753377;;Andalucía;Andalucía;Ardales;Málaga;;No;;;;;;1;;870357,8916;4089104,1598;870354,5788;4089108,9682;-199800,8551;4109892,2539;-199803,5487;4109897,4632;;;;;;
R1-112;'112.BTV.D100000181;;'112.LBT.D200000129;LP36 CANTARRA,PRADO, AND NAVARRE * V: 115-116;'115-116;No;;0,4;0,4;8,48521066;8,485;Fachada;Trifásico;;MANGUERA CU(4X10);10;111,8;77,45731211;;1,9500000000000002;0,11;1;Simplex;9/2/1995, 0:00:00;;;;Propio;100;335603,356;4082919,0464;415;335597,356;4082925,0459;415;0484461538LB368779276;0484468397LB368779806;;Andalucía;Andalucía;Ardales;Málaga;;No;;;;;;1;;870411,5334;4089399,5115;870405,1595;4089405,1296;-199710,1112;4110179,7601;-199715,7525;4110186,1627;;;;;;
R1-112;'112.BTV.D100000077;;'112.LBT.D200000129;LP36 CANTARRA,PRADO, AND NAVARRE * V: 64-65;'64-65;No;;0,4;0,4;8,06225775;8,062;Fachada;Trifásico;;MANGUERA CU(4X16);16;146,1;101,22104919;;1,22;0,11;1;Simplex;9/2/1995, 0:00:00;;;;Propio;100;335706,355;4082849,0426;430;335713,355;4082845,0427;430;0484344505LB368773148;0484336568LB368772800;;Andalucía;Andalucía;Ardales;Málaga;;No;;;;;;1;;870518,8744;4089336,034;870526,1219;4089332,4773;-199611,176;4110102,9579;-199604,404;4110098,4988;;;;;;
R1-112;'112.BTV.D100000525;;'112.LBT.D200000129;LP36 CANTARRA,PRADO, AND NAVARRE * V: 251-AC2;'251-AC2;Sí;112-02802218;0,4;0,4;2,82842712;2,8280000000000003;Fachada;Monofásico;;MANGUERA (2X6);6;55;38,10511777;;3,39;0,11;1;Simplex;9/2/1995, 0:00:00;;;;Propio;100;335555,356;4082849,0458;431;335557,356;4082847,046;431;0484513853LB368772886;0484511567LB368772709;;Andalucía;Andalucía;Ardales;Málaga;;No;;;;;;1;;870367,9691;4089326,5333;870370,0938;4089324,6606;-199762,7332;4110112,5481;-199760,8528;4110110,4139;;;;;;
R1-112;'112.BTV.D100000136;;'112.LBT.D200000129;LP36 CANTARRA,PRADO, AND NAVARRE * V: 92-93;'92-93;No;;0,4;0,4;4,23557552;4,243;Fachada;Trifásico;;MANGUERA CU(4X10);10;111,8;77,45731211;;1,9500000000000002;0,11;1;Simplex;9/2/1995, 0:00:00;;;;Propio;100;335646,356;4082877,0453;426;335643,356;4082880,0456;426;0484412402LB368775567;0484415832LB368775832;;Andalucía;Andalucía;Ardales;Málaga;;No;;;;;;1;;870457,1502;4089360,243;870453,9632;4089363,0526;-199669,6189;4110134,8735;-199672,4395;4110138,0754;;;;;;
R1-112;'112.BTV.D100000471;;'112.LBT.D200000129;LP36 CANTARRA,PRADO, AND NAVARRE * V: 197-AC1;'197-AC1;Sí;112-02802164;0,4;0,4;1;1;Fachada;Monofásico;;MANGUERA (2X6);6;55;38,10511777;;3,39;0,11;1;Simplex;9/2/1995, 0:00:00;;;;Propio;100;335664,355;4082783,0443;457;335665,355;4082783,0438;457;0484390179LB368767129;0484389058LB368767130;;Andalucía;Andalucía;Ardales;Málaga;;No;;;;;;1;;870481,0545;4089267,4333;870482,0539;4089267,4958;-199657,5215;4110039,3821;-199656,5178;4110039,3182;;;;;;
R1-112;'112.BTV.D100000103;;'112.LBT.D200000129;LP36 CANTARRA,PRADO, AND NAVARRE * V: 77-78;'77-78;No;;0,4;0,4;13,152946440000001;13,153;Aérea;Trifásico;;RZ 4X150 AL;150;240;166,27687753;;0,124;0,085;1;Simplex;9/2/1995, 0:00:00;;;;Propio;100;335674,355;4082869,0437;424;335661,355;4082867,044;424;0484380827LB368774895;0484395364LB368774692;;Andalucía;Andalucía;Ardales;Málaga;;No;;;;;112.APO.SG000400007;1;;870485,6354;4089354,0087;870472,7694;4089351,192;-199642,0244;4110125,0647;-199655,1995;4110123,883;;;;;;
R1-112;'112.BTV.D100000461;;'112.LBT.D200000129;LP36 CANTARRA,PRADO, AND NAVARRE * V: 184-AC1;'184-AC1;Sí;112-02802154;0,4;0,4;1;1;Fachada;Monofásico;;MANGUERA (2X6);6;55;38,10511777;;3,39;0,11;1;Simplex;9/2/1995, 0:00:00;;;;Propio;100;335596,356;4082871,0459;425;335596,356;4082870,0459;425;0484468348LB368774939;0484468326LB368774849;;Andalucía;Andalucía;Ardales;Málaga;;No;;;;;;1;;870407,5589;4089351,1003;870407,6219;4089350,1009;-199720,1847;4110132,0265;-199720,2482;4110131,0228;;;;;;
R1-112;'112.BTV.XX00000004;;'112.LBT.D200000129;LP36 CANTARRA,PRADO, AND NAVARRE * V: 260-261;'260-261;No;;0,4;0,4;88,6171541;89,073;Subterránea;Trifásico;;RV 3X50 /50;50;155;107,38715007;;0,387;0,1;1;Simplex;9/2/1995, 0:00:00;;;;Terceros;0;335806,355;4082790,0414;413;335864,355;4082857,0401;413;0484231077LB368768006;0484167479LB368774144;;Andalucía;Andalucía;Ardales;Málaga;;No;;;;112.ARQ.SG000556591;112.ARQ.SG000556612;1;;870622,526;4089283,3635;870676,2732;4089353,9713;-199514,5522;4110037,3896;-199452,0842;4110100,9535;;;;;;
R1-112;'112.BTV.D100000666;;'112.LBT.D100000002;LP45 DEPÓSITO AGUA * Vano: 155-156;'155-156;No;;0,4;0,4;5,385164809999999;5,385;Fachada;Trifásico;;MANGUERA CU(4X10);10;111,8;77,45731211;;1,9500000000000002;0,11;1;Simplex;9/2/1995, 0:00:00;;;;Propio;90;335590,355;4082807,0449;451;335595,355;4082805,0448;451;0484473691LB368769162;0484468040LB368768991;;Andalucía;Andalucía;Ardales;Málaga;;No;;;;112.APO.SG000399949;;1;;870405,5899;4089286,7614;870410,7127;4089285,0772;-199730,2714;4110068,1697;-199725,3799;4110065,8448;;;;;;
R1-112;'112.BTV.D100000568;;'112.LBT.D100000002;LP45 DEPÓSITO AGUA * Vano: 97-98;'97-98;No;;0,4;0,4;1;1;Fachada;Trifásico;;MANGUERA CU(4X10);10;111,8;77,45731211;;1,9500000000000002;0,11;1;Simplex;9/2/1995, 0:00:00;;;;Propio;90;335491,355;4082698,0457;439;335492,355;4082698,0463;439;0484582356LB368759169;0484581234LB368759171;;Andalucía;Andalucía;Ardales;Málaga;;No;;;;;;1;;870313,5119;4089171,5991;870314,5112;4089171,6627;-199836,5579;4109965,0527;-199835,5541;4109964,9899;;;;;;
R1-112;'112.BTV.D200000317;;'112.LBT.D200000129;LP36 CANTARRA,PRADO, AND NAVARRE * V: 8-9;'8-9;No;;0,4;0,4;22,36067977;25,865;Subterránea;Trifásico;;RV 4X50 AL;50;120;83,13843876;;0,387;0,1;1;Simplex;9/2/1995, 0:00:00;;;;Propio;100;335667,355;4082749,0427;447;335687,355;4082739,0436;447;0484386078LB368764070;0484363431LB368763204;;Andalucía;Andalucía;Ardales;Málaga;;No;;;;112.ARQ.SG000556486;112.ARQ.SG000556494;1;;870486,1927;4089233,6416;870506,8095;4089224,9076;-199656,6691;4110005,0644;-199637,23;4109993,7585;;;;;;
R1-112;'112.BTV.D100000646;;'112.LBT.D100000002;LP45 DEPÓSITO AGUA * Vano: 145-146;'145-146;No;;0,4;0,4;5;5;Fachada;Trifásico;;MANGUERA CU(4X10);10;111,8;77,45731211;;1,9500000000000002;0,11;1;Simplex;9/2/1995, 0:00:00;;;;Propio;90;335536,355;4082803,0465;442;335532,355;4082800,0462;442;0484534165LB368768708;0484538586LB368768431;;Andalucía;Andalucía;Ardales;Málaga;;No;;;;;;1;;870351,8752;4089279,3668;870348,0665;4089276,1165;-199784,725;4110067,5851;-199788,9303;4110064,8275;;;;;;
R1-112;'112.BTV.D100000638;;'112.LBT.D100000002;LP45 DEPÓSITO AGUA * Vano: 139-140;'139-140;No;;0,4;0,4;4,47213595;4,472;Fachada;Monofásico;;MANGUERA (2X6);6;55;38,10511777;;3,39;0,11;1;Simplex;9/2/1995, 0:00:00;;;;Propio;90;335513,355;4082787,0472;438;335509,355;4082785,0468;438;0484559613LB368767226;0484564056LB368767039;;Andalucía;Andalucía;Ardales;Málaga;;No;;;;;112.APO.SG000399849;1;;870329,8965;4089261,9298;870326,0249;4089259,6789;-199808,8258;4110052,9868;-199812,9677;4110051,233;;;;;;
R1-112;'112.BTV.D100000590;;'112.LBT.D100000002;LP45 DEPÓSITO AGUA * Vano: 110-111;'110-111;No;;0,4;0,4;3,16227766;3,162;Fachada;Trifásico;;MANGUERA CU(4X10);10;111,8;77,45731211;;1,9500000000000002;0,11;1;Simplex;9/2/1995, 0:00:00;;;;Propio;90;335476,355;4082741,0476;441;335475,355;4082744,047;441;0484600111LB368763017;0484601298LB368763286;;Andalucía;Andalucía;Ardales;Málaga;;No;;;;112.APO.SG000399817;;1;;870295,8148;4089213,6301;870294,6266;4089216,5647;-199848,8832;4110009,1661;-199849,6966;4110012,24;;;;;;
R1-112;'112.BTV.D100000227;;'112.LBT.D200000129;LP36 CANTARRA,PRADO, AND NAVARRE * V: 140-141;'140-141;No;;0,4;0,4;3,6055512800000002;3,606;Fachada;Trifásico;;MANGUERA CU(4X10);10;111,8;77,45731211;;1,9500000000000002;0,11;1;Simplex;9/2/1995, 0:00:00;;;;Propio;100;335563,356;4082910,047;414;335565,356;4082913,0472;414;0484506203LB368778396;0484504025LB368778669;;Andalucía;Andalucía;Ardales;Málaga;;No;;;;;;1;;870372,1247;4089388,0001;870373,9346;4089391,1243;-199750,8306;4110173,267;-199748,6327;4110176,1514;;;;;;
R1-112;'112.BTV.D100000429;;'112.LBT.D100000002;LP45 DEPÓSITO AGUA * Vano: 72-73;'72-73;No;;0,4;0,4;5,385127669999999;5,385;Fachada;Trifásico;;MANGUERA CU(4X6);6;83,8;58,05834307;;3,39;0,11;1;Simplex;9/2/1995, 0:00:00;;;;Propio;90;335494,355;4082725,0456;440;335489,355;4082723,0457;440;0484579577LB368761607;0484585141LB368761418;;Andalucía;Andalucía;Ardales;Málaga;;No;;;;112.APO.SG000399831;;1;;870314,8107;4089198,771;870309,9397;4089196,4577;-199831,8326;4109991,9621;-199836,9781;4109990,2723;;;;;;
R1-112;'112.BTV.D100000782;;'112.LBT.D100000002;LP45 DEPÓSITO AGUA * Vano: 38-AC2;'38-AC2;Sí;112-02804025;0,4;0,4;1,4142842700000002;1,4140000000000001;Fachada;Monofásico;;MANGUERA (2X6);6;55;38,10511777;;3,39;0,11;1;Simplex;9/2/1995, 0:00:00;;;;Propio;90;335566,354;4082655,0437;459;335565,354;4082654,0442;459;0484497313LB368755425;0484498413LB368755333;;Andalucía;Andalucía;Ardales;Málaga;;No;;;;;;1;;870391,1706;4089133,3442;870390,2341;4089132,2824;-199764,0115;4109917,1301;-199765,0787;4109916,1903;;;;;;
R1-112;'112.BTV.D100000503;;'112.LBT.D200000129;LP36 CANTARRA,PRADO, AND NAVARRE * V: 232-AC1;'232-AC1;Sí;112-02802196;0,4;0,4;1;1;Fachada;Monofásico;;MANGUERA (2X6);6;55;38,10511777;;3,39;0,11;1;Simplex;9/2/1995, 0:00:00;;;;Propio;100;335564,356;4082836,046;431;335564,356;4082835,046;431;0484503478LB368771730;0484503456LB368771640;;Andalucía;Andalucía;Ardales;Málaga;;No;;;;;;1;;870377,7818;4089314,1081;870377,8446;4089313,1087;-199754,5252;4110098,9288;-199754,5888;4110097,9251;;;;;;
R1-112;'112.BTV.D100000248;;'112.LBT.D200000129;LP36 CANTARRA,PRADO, AND NAVARRE * V: 153-154;'153-154;No;;0,4;0,4;3,16227766;3,162;Fachada;Trifásico;;MANGUERA CU(4X10);10;111,8;77,45731211;;1,9500000000000002;0,11;1;Simplex;9/2/1995, 0:00:00;;;;Propio;100;335687,355;4082829,0443;438;335684,355;4082830,0445;438;0484365381LB368771313;0484368767LB368771398;;Andalucía;Andalucía;Ardales;Málaga;;No;;;;;;1;;870501,145;4089314,8523;870498,0839;4089315,6631;-199631,5159;4110084,0919;-199634,4635;4110085,2864;;;;;;
R1-112;'112.BTV.D100000723;;'112.LBT.D100000002;LP45 DEPÓSITO AGUA * Vano: 188-AC1;'188-AC1;Sí;112-02804137;0,4;0,4;1,41421356;1,4140000000000001;Fachada;Monofásico;;MANGUERA (2X6);6;55;38,10511777;;3,39;0,11;1;Simplex;9/2/1995, 0:00:00;;;;Propio;90;335421,355;4082659,0475;438;335422,355;4082660,0471;438;0484660014LB368755533;0484658914LB368755625;;Andalucía;Andalucía;Ardales;Málaga;;No;;;;;;1;;870246,01;4089128,2197;870246,9465;4089129,2815;-199909,2929;4109930,3544;-199908,2257;4109931,2942;;;;;;
R1-112;'112.BTV.D100000228;;'112.LBT.D200000129;LP36 CANTARRA,PRADO, AND NAVARRE * V: 140-AC2;'140-AC2;Sí;112-02802119;0,4;0,4;1;1;Fachada;Monofásico;;MANGUERA (2X2.5);2,5;31,7;21,962404239999998;;8,21;0,12000000000000001;1;Simplex;9/2/1995, 0:00:00;;;;Propio;100;335563,356;4082910,047;414;335563,356;4082911,047;414;0484506203LB368778396;0484506225LB368778486;;Andalucía;Andalucía;Ardales;Málaga;;No;;;;;;1;;870372,1247;4089388,0001;870372,0618;4089388,9995;-199750,8306;4110173,267;-199750,7671;4110174,2708;;;;;;
R1-112;'112.BTV.D100000144;;'112.LBT.D200000129;LP36 CANTARRA,PRADO, AND NAVARRE * V: 77-97;'77-97;No;;0,4;0,4;49,40077025;49,649;Fachada;Trifásico;;RZ 4X150 AL;150;240;166,27687753;;0,124;0,085;1;Simplex;9/2/1995, 0:00:00;;;;Propio;100;335674,355;4082869,0437;419;335632,356;4082895,0452;419;0484380827LB368774895;0484428493LB368777164;;Andalucía;Andalucía;Ardales;Málaga;;No;;;;;;1;;870485,6354;4089354,0087;870442,026;4089377,3505;-199642,0244;4110125,0647;-199682,5279;4110153,8288;;;;;;
R1-112;'112.BTV.6307224624;;'112.LBT.6307224615;LP94 CALLE CERRILLO, CALLE CASTAÑA Vano: CT-1;'CT-1;No;;0,4;0,42;3,07362587;3,07;Subterránea;Trifásico;;RV 3X240 /150;240;410;284,05633244;;0,075;0,08;1;Simplex;29/10/2020, 0:00:00;;;;Propio;0;335593,398;4082570,5537;476;335595,172;4082568,0433;476;0484465152LB368747860;0484463108LB368747637;;Andalucía;Andalucía;Ardales;Málaga;;No;;;;;;1;;870423,5154;4089050,6089;870425,4462;4089048,2116;-199742,2315;4109830,6106;-199740,6104;4109827,9782;;;;;;
R1-112;'112.BTV.D100000125;;'112.LBT.D200000129;LP36 CANTARRA,PRADO, AND NAVARRE * V: 87-88;'87-88;No;;0,4;0,4;5,38520195;5,385;Fachada;Monofásico;;MANGUERA CU(2X4);4;43,2;29,92983795;;5,09;0,12000000000000001;1;Simplex;9/2/1995, 0:00:00;;;;Propio;100;335708,355;4082841,0427;430;335713,355;4082839,0427;430;0484342089LB368772431;0484336438LB368772259;;Andalucía;Andalucía;Ardales;Málaga;;No;;;;;;1;;870521,3767;4089328,165;870526,4995;4089326,481;-199609,6765;4110094,8015;-199604,785;4110092,4766;;;;;;
R1-112;'112.BTV.D100000417;;'112.LBT.D100000002;LP45 DEPÓSITO AGUA * Vano: 60-61;'60-61;No;;0,4;0,4;6,32446045;6,4030000000000005;Fachada;Trifásico;;MANGUERA CU(4X6);6;83,8;58,05834307;;3,39;0,11;1;Simplex;9/2/1995, 0:00:00;;;;Propio;90;335542,355;4082704,0452;450;335540,355;4082710,0451;450;0484525290LB368759798;0484527663LB368760336;;Andalucía;Andalucía;Ardales;Málaga;;No;;;;;;1;;870364,1025;4089180,8048;870361,7261;4089186,675;-199784,9883;4109967,8365;-199786,6148;4109973,9856;;;;;;
R1-112;'112.BTV.D100000082;;'112.LBT.D200000129;LP36 CANTARRA,PRADO, AND NAVARRE * V: 67-AC1;'67-AC1;Sí;112-02802047;0,4;0,4;1,0001;1;Fachada;Monofásico;;MANGUERA (2X2.5);2,5;31,7;21,962404239999998;;8,21;0,12000000000000001;1;Simplex;9/2/1995, 0:00:00;;;;Propio;100;335718,355;4082844,0427;430;335718,355;4082845,0427;430;0484330939LB368772719;0484330961LB368772809;;Andalucía;Andalucía;Ardales;Málaga;;No;;;;;;1;;870531,1817;4089331,7926;870531,1187;4089332,792;-199599,4491;4110097,1777;-199599,3856;4110098,1814;;;;;;
R1-112;'112.BTV.D100000466;;'112.LBT.D200000129;LP36 CANTARRA,PRADO, AND NAVARRE * V: 188-AC1;'188-AC1;Sí;112-02802159;0,4;0,4;1;1;Fachada;Monofásico;;MANGUERA (2X6);6;55;38,10511777;;3,39;0,11;1;Simplex;9/2/1995, 0:00:00;;;;Propio;100;335585,3561;4082873,0465;425;335585,356;4082874,0466;425;0484480728LB368775100;0484480750LB368775190;;Andalucía;Andalucía;Ardales;Málaga;;No;;;;;;1;;870396,4399;4089352,4074;870396,3769;4089353,4067;-199731,0984;4110134,7329;-199731,0349;4110135,7366;;;;;;
R1-112;'112.BTV.D100000196;;'112.LBT.D200000129;LP36 CANTARRA,PRADO, AND NAVARRE * V: 124-AC1;'124-AC1;Sí;112-02802104;0,4;0,4;1;1;Fachada;Monofásico;;MANGUERA (2X2.5);2,5;31,7;21,962404239999998;;8,21;0,12000000000000001;1;Simplex;9/2/1995, 0:00:00;;;;Propio;100;335607,356;4082906,0456;420;335607,356;4082905,0456;420;0484456770LB368778112;0484456748LB368778022;;Andalucía;Andalucía;Ardales;Málaga;;No;;;;;;1;;870416,3492;4089386,7705;870416,4121;4089385,7711;-199706,9219;4110166,4572;-199706,9854;4110165,4535;;;;;;
R1-112;'112.BTV.D100000206;;'112.LBT.D200000129;LP36 CANTARRA,PRADO, AND NAVARRE * V: 129-AC1;'129-AC1;Sí;112-02802109;0,4;0,4;1;1;Fachada;Monofásico;;MANGUERA (2X2.5);2,5;31,7;21,962404239999998;;8,21;0,12000000000000001;1;Simplex;9/2/1995, 0:00:00;;;;Propio;100;335586,356;4082920,0465;415;335586,356;4082919,0464;415;0484480625LB368779337;0484480604LB368779247;;Andalucía;Andalucía;Ardales;Málaga;;No;;;;;;1;;870394,481;4089399,4409;870394,544;4089398,4416;-199727,1106;4110181,8432;-199727,1741;4110180,8395;;;;;;
R1-112;'112.BTV.D100000514;;'112.LBT.D200000129;LP36 CANTARRA,PRADO, AND NAVARRE * V: 242-AC1;'242-AC1;Sí;112-02802207;0,4;0,4;1,41421356;1,4140000000000001;Fachada;Monofásico;;MANGUERA (2X6);6;55;38,10511777;;3,39;0,11;1;Simplex;9/2/1995, 0:00:00;;;;Propio;100;335582,3551;4082840,0466;431;335583,355;4082841,0461;431;0484483378LB368772122;0484482278LB368772214;;Andalucía;Andalucía;Ardales;Málaga;;No;;;;;;1;;870395,5178;4089319,2391;870396,4542;4089320,3009;-199736,2056;4110101,8014;-199735,1385;4110102,7412;;;;;;
R1-112;'112.BTV.D100000081;;'112.LBT.D200000129;LP36 CANTARRA,PRADO, AND NAVARRE * V: 66-67;'66-67;No;;0,4;0,4;5,83090045;5,831;Fachada;Trifásico;;MANGUERA CU(4X16);16;146,1;101,22104919;;1,22;0,11;1;Simplex;9/2/1995, 0:00:00;;;;Propio;100;335723,355;4082841,0427;430;335718,355;4082844,0427;430;0484325266LB368772457;0484330939LB368772719;;Andalucía;Andalucía;Ardales;Málaga;;No;;;;;;1;;870536,3674;4089329,1091;870531,1817;4089331,7926;-199594,621;4110093,8491;-199599,4491;4110097,1777;;;;;;
R1-112;'112.BTV.D100000692;;'112.LBT.D100000002;LP45 DEPÓSITO AGUA * Vano: 171-AC1;'171-AC1;Sí;112-02804123;0,4;0,4;5,385164809999999;5,385;Fachada;Trifásico;;MANGUERA CU(4X10);10;111,8;77,45731211;;1,9500000000000002;0,11;1;Simplex;9/2/1995, 0:00:00;;;;Propio;90;335437,355;4082688,0468;438;335442,355;4082690,0466;438;0484642700LB368758174;0484637136LB368758363;;Andalucía;Andalucía;Ardales;Málaga;;No;;;;;;1;;870260,1748;4089158,2078;870265,0459;4089160,5211;-199891,3926;4109958,4452;-199886,2471;4109960,135;;;;;;
R1-112;'112.BTV.D100000327;;'112.LBT.D200000129;LP36 CANTARRA,PRADO, AND NAVARRE * V: 232-233;'232-233;No;;0,4;0,4;5;5;Fachada;Trifásico;;MANGUERA CU(4X10);10;111,8;77,45731211;;1,9500000000000002;0,11;1;Simplex;9/2/1995, 0:00:00;;;;Propio;100;335564,356;4082836,046;431;335559,356;4082836,0461;431;0484503478LB368771730;0484509085LB368771721;;Andalucía;Andalucía;Ardales;Málaga;;No;;;;;;1;;870377,7818;4089314,1081;870372,7848;4089313,7935;-199754,5252;4110098,9288;-199759,5438;4110099,2463;;;;;;
R1-112;'112.BTV.D100000267;;'112.LBT.D200000129;LP36 CANTARRA,PRADO, AND NAVARRE * V: 158-173;'158-173;No;;0,4;0,4;22,80964927;23,58;Fachada;Trifásico;;RZ 3X95 AL /54.6;95;230;159,3486743;;0,193;0,09000000000000001;1;Simplex;9/2/1995, 0:00:00;;;;Propio;100;335657,355;4082846,0446;426;335639,355;4082860,0451;426;0484399395LB368772793;0484419885LB368774023;;Andalucía;Andalucía;Ardales;Málaga;;No;;;;;;1;;870470,0936;4089329,9538;870451,2236;4089342,8127;-199660,5475;4110103,0598;-199677,7252;4110118,2549;;;;;;
R1-112;'112.BTV.D100000602;;'112.LBT.D100000002;LP45 DEPÓSITO AGUA * Vano: 104-117;'104-117;No;;0,4;0,4;4,12310563;7,28;Aérea;Trifásico;;RZ 4X50 AL;50;150;103,92304845;;0,387;0,1;1;Simplex;9/2/1995, 0:00:00;;;;Propio;90;335471,355;4082740,0466;441;335475,355;4082741,0469;441;0484605697LB368762918;0484601233LB368763016;;Andalucía;Andalucía;Ardales;Málaga;;No;;;;;112.APO.SG000399816;1;;870290,8809;4089212,3151;870294,8154;4089213,5666;-199853,9653;4110008,4788;-199849,887;4110009,2289;;;;;;
R1-112;'112.BTV.D100000057;;'112.LBT.D200000129;LP36 CANTARRA,PRADO, AND NAVARRE * V: 44-AC3;'44-AC3;Sí;112-02802038;0,4;0,4;1,41421356;1,4140000000000001;Subterránea;Monofásico;;MANGUERA (2X6);6;55;38,10511777;;3,39;0,11;1;Simplex;9/2/1995, 0:00:00;;;;Propio;100;335778,3551;4082801,0426;426;335779,355;4082800,0421;426;0484262717LB368768949;0484261574LB368768860;;Andalucía;Andalucía;Ardales;Málaga;;No;;;;112.ARQ.SG000556573;;1;;870593,851;4089292,5955;870594,9133;4089291,6587;-199541,9573;4110050,2092;-199541,0171;4110049,1416;;;;;;
R1-112;'112.BTV.D100000401;;'112.LBT.D100000002;LP45 DEPÓSITO AGUA * Vano: 44-45;'44-45;No;;0,4;0,4;60,03291098;60,564;Fachada;Trifásico;;RV 4X95 AL;95;210;124,70765813999999;;0,33;0,09000000000000001;1;Simplex;9/2/1995, 0:00:00;;;;Propio;90;335568,354;4082650,0439;451;335538,355;4082702,0448;451;0484494961LB368754978;0484529732LB368759611;;Andalucía;Andalucía;Ardales;Málaga;;No;;;;;;1;;870393,4841;4089128,4734;870360,2309;4089178,5539;-199762,3215;4109911,9848;-199789,1301;4109966,0827;;;;;;
R1-112;'112.BTV.D100000445;;'112.LBT.D200000129;LP36 CANTARRA,PRADO, AND NAVARRE * V: 163-AC2;'163-AC2;Sí;112-02802138;0,4;0,4;2;2;Fachada;Monofásico;;MANGUERA (2X6);6;55;38,10511777;;3,39;0,11;1;Simplex;9/2/1995, 0:00:00;;;;Propio;100;335637,355;4082849,0448;433;335635,355;4082849,0446;433;0484421890LB368773028;0484424133LB368773025;;Andalucía;Andalucía;Ardales;Málaga;;No;;;;;;1;;870449,9172;4089331,6934;870447,9184;4089331,5673;-199680,4309;4110107,3409;-199682,4384;4110107,4677;;;;;;
R1-112;'112.BTV.D100000384;;'112.LBT.D100000002;LP45 DEPÓSITO AGUA * Vano: 31-32;'31-32;No;;0,4;0,4;12,52996409;12,53;Fachada;Trifásico;;MANGUERA CU(4X6);6;83,8;58,05834307;;3,39;0,11;1;Simplex;9/2/1995, 0:00:00;;;;Propio;90;335583,354;4082640,0447;467;335589,354;4082651,0442;467;0484477922LB368754103;0484471432LB368755105;;Andalucía;Andalucía;Ardales;Málaga;;No;;;;112.APO.SG000399939;;1;;870409,104;4089119,4244;870414,408;4089130,7948;-199747,9009;4109900,9963;-199741,1804;4109911,6556;;;;;;
R1-112;'112.BTV.D100000294;;'112.LBT.D200000129;LP36 CANTARRA,PRADO, AND NAVARRE * V: 199-200;'199-200;No;;0,4;0,4;6,40312424;11,045;Fachada;Trifásico;;MANGUERA CU(4X6);6;83,8;58,05834307;;3,39;0,11;1;Simplex;9/2/1995, 0:00:00;;;;Propio;100;335670,355;4082777,0427;448;335675,355;4082773,0426;448;0484383320LB368766598;0484377626LB368766247;;Andalucía;Andalucía;Ardales;Málaga;;No;;;;;;1;;870487,4284;4089261,813;870492,6771;4089258,1301;-199651,8804;4110032,9774;-199647,1158;4110028,6451;;;;;;
R1-112;'112.BTV.D100000696;;'112.LBT.D100000002;LP45 DEPÓSITO AGUA * Vano: 171-173;'171-173;No;;0,4;0,4;8,06225775;8,062;Fachada;Trifásico;;MANGUERA CU(4X10);10;111,8;77,45731211;;1,9500000000000002;0,11;1;Simplex;9/2/1995, 0:00:00;;;;Propio;90;335437,355;4082688,0468;438;335430,355;4082684,0468;438;0484642700LB368758174;0484650463LB368757801;;Andalucía;Andalucía;Ardales;Málaga;;No;;;;;;1;;870260,1748;4089158,2078;870253,4309;4089153,7697;-199891,3926;4109958,4452;-199898,6725;4109954,8748;;;;;;
R1-112;'112.BTV.D100000693;;'112.LBT.D100000002;LP45 DEPÓSITO AGUA * Vano: 171-AC2;'171-AC2;Sí;112-02804124;0,4;0,4;1;1;Fachada;Trifásico;;MANGUERA CU(4X10);10;111,8;77,45731211;;1,9500000000000002;0,11;1;Simplex;9/2/1995, 0:00:00;;;;Propio;90;335437,355;4082688,0468;438;335437,355;4082687,0468;438;0484642700LB368758174;0484642678LB368758084;;Andalucía;Andalucía;Ardales;Málaga;;No;;;;;;1;;870260,1748;4089158,2078;870260,2378;4089157,2084;-199891,3926;4109958,4452;-199891,4561;4109957,4415;;;;;;
R1-112;'112.BTV.D100000381;;'112.LBT.D100000002;LP45 DEPÓSITO AGUA * Vano: 22-29;'22-29;No;;0,4;0,4;13,60147051;13,600999999999999;Aérea;Trifásico;;MANGUERA CU(4X6);6;83,8;58,05834307;;3,39;0,11;1;Simplex;9/2/1995, 0:00:00;;;;Propio;90;335553,354;4082640,0441;459;335564,354;4082648,0446;459;0484511567LB368754051;0484499404LB368754791;;Andalucía;Andalucía;Ardales;Málaga;;No;;;;;112.APO.SG000399909;1;;870379,1227;4089117,5357;870389,6124;4089126,2236;-199778,012;4109902,9003;-199766,4633;4109910,232;;;;;;
R1-112;'112.BTV.D100000697;;'112.LBT.D100000002;LP45 DEPÓSITO AGUA * Vano: 173-AC1;'173-AC1;Sí;112-02804126;0,4;0,4;1,41421356;5,196;Fachada;Monofásico;;MANGUERA CU(2X6);6;114,3;'79,18936292000001;;3,39;0,11;1;Simplex;9/2/1995, 0:00:00;;;;Propio;90;335430,355;4082684,0468;443;335431,355;4082683,0474;443;0484650463LB368757801;0484649320LB368757713;;Andalucía;Andalucía;Ardales;Málaga;;No;;;;;;1;;870253,4309;4089153,7697;870254,4932;4089152,8339;-199898,6725;4109954,8748;-199897,7322;4109953,8082;;;;;;
R1-112;'112.BTV.D200000322;;'112.LBT.D200000129;LP36 CANTARRA,PRADO, AND NAVARRE * V: 12-AC1;'12-AC1;Sí;112-02802002;0,4;0,4;2;2;Fachada;Monofásico;;MANGUERA CU(2X6);6;114,3;'79,18936292000001;;3,39;0,11;1;Simplex;9/2/1995, 0:00:00;;;;Propio;100;335680,355;4082739,0435;447;335682,355;4082739,0426;447;0484371282LB368763192;0484369039LB368763195;;Andalucía;Andalucía;Ardales;Málaga;;No;;;;;;1;;870499,8139;4089224,4668;870501,8127;4089224,5918;-199644,2559;4109994,2028;-199642,2486;4109994,0749;;;;;;
R1-112;'112.BTV.D100000122;;'112.LBT.D200000129;LP36 CANTARRA,PRADO, AND NAVARRE * V: 86-AC2;'86-AC2;Sí;112-02802068;0,4;0,4;1,41421356;1,4140000000000001;Fachada;Monofásico;;MANGUERA (2X2.5);2,5;31,7;21,962404239999998;;8,21;0,12000000000000001;1;Simplex;9/2/1995, 0:00:00;;;;Propio;100;335700,355;4082845,0441;430;335701,355;4082844,0436;430;0484351148LB368772777;0484350005LB368772689;;Andalucía;Andalucía;Ardales;Málaga;;No;;;;;;1;;870513,1299;4089331,6604;870514,1922;4089330,7235;-199617,452;4110099,3256;-199616,5118;4110098,2579;;;;;;
R1-112;'112.BTV.D100000031;;'112.LBT.D200000129;LP36 CANTARRA,PRADO, AND NAVARRE * V: 36-37;'36-37;No;;0,4;0,4;16,03121954;16,031;Fachada;Trifásico;;RZ 4X25 AL;25;100;69,2820323;;0,727;0,11;1;Simplex;9/2/1995, 0:00:00;;;;Propio;100;335718,354;4082733,042;443;335719,354;4082717,0426;443;0484328536LB368762717;0484327068LB368761278;;Andalucía;Andalucía;Ardales;Málaga;;No;;;;;;1;;870538,1671;4089220,8607;870540,1734;4089204,9341;-199606,4974;4109985,7666;-199606,5095;4109969,6445;;;;;;
R1-112;'112.BTV.D100000275;;'112.LBT.D200000129;LP36 CANTARRA,PRADO, AND NAVARRE * V: 180-181;'180-181;No;;0,4;0,4;1;1;Fachada;Trifásico;;MANGUERA CU(4X10);10;111,8;77,45731211;;1,9500000000000002;0,11;1;Simplex;9/2/1995, 0:00:00;;;;Propio;100;335594,356;4082876,0458;425;335594,356;4082877,0458;425;0484470699LB368775386;0484470721LB368775476;;Andalucía;Andalucía;Ardales;Málaga;;No;;;;;;1;;870405,2455;4089355,9712;870405,1825;4089356,9705;-199721,8747;4110137,1718;-199721,8112;4110138,1755;;;;;;
R1-112;'112.BTV.D100000642;;'112.LBT.D100000002;LP45 DEPÓSITO AGUA * Vano: 141-142;'141-142;No;;0,4;0,4;9,48683298;9,487;Fachada;Trifásico;;MANGUERA CU(4X16);16;146,1;101,22104919;;1,22;0,11;1;Simplex;9/2/1995, 0:00:00;;;;Propio;90;335528,355;4082795,0458;442;335537,355;4082798,046;442;0484542964LB368767973;0484532936LB368768259;;Andalucía;Andalucía;Ardales;Málaga;;No;;;;;;1;;870344,3837;4089270,8675;870353,1893;4089274,4323;-199793,2626;4110060,0626;-199784,0388;4110062,5026;;;;;;
R1-112;'112.BTV.D200000318;;'112.LBT.D200000129;LP36 CANTARRA,PRADO, AND NAVARRE * V: 9-10;'9-10;No;;0,4;0,4;14,14142853;14,177;Subterránea;Trifásico;;RV 4X50 AL;50;120;83,13843876;;0,387;0,1;1;Simplex;9/2/1995, 0:00:00;;;;Propio;100;335687,355;4082739,0436;448;335697,354;4082729,0436;448;0484363431LB368763204;0484352001LB368762321;;Andalucía;Andalucía;Ardales;Málaga;;No;;;;112.ARQ.SG000556494;112.ARQ.SG000556501;1;;870506,8095;4089224,9076;870517,4317;4089215,543;-199637,23;4109993,7585;-199627,8289;4109983,0867;;;;;;
R1-112;'112.BTV.D100000784;;'112.LBT.D100000002;LP45 DEPÓSITO AGUA * Vano: 42-AC1;'42-AC1;Sí;112-02804027;0,4;0,4;0,9999;1;Fachada;Monofásico;;MANGUERA (2X6);6;55;38,10511777;;3,39;0,11;1;Simplex;9/2/1995, 0:00:00;;;;Propio;90;335564,354;4082665,0436;457;335564,354;4082666,0436;457;0484499773LB368756323;0484499794LB368756413;;Andalucía;Andalucía;Ardales;Málaga;;No;;;;;;1;;870388,5424;4089143,212;870388,4796;4089144,2114;-199765,3841;4109927,294;-199765,3206;4109928,2977;;;;;;
R1-112;'112.BTV.D100000261;;'112.LBT.D200000129;LP36 CANTARRA,PRADO, AND NAVARRE * V: 166-167;'166-167;No;;0,4;0,4;7,21110255;7,28;Fachada;Trifásico;;MANGUERA CU(4X10);10;111,8;77,45731211;;1,9500000000000002;0,11;1;Simplex;9/2/1995, 0:00:00;;;;Propio;100;335669,355;4082831,0446;438;335675,355;4082827,0441;438;0484385612LB368771462;0484378796LB368771112;;Andalucía;Andalucía;Ardales;Málaga;;No;;;;;;1;;870483,0302;4089315,7185;870489,2783;4089312,0981;-199649,4555;4110087,2425;-199643,6873;4110082,8463;;;;;;
R1-112;'112.BTV.D100000070;;'112.LBT.D200000129;LP36 CANTARRA,PRADO, AND NAVARRE * V: 60-61;'60-61;No;;0,4;0,4;43,8634244;44,045;Fachada;Trifásico;;RZ 4X150 AL;150;240;166,27687753;;0,124;0,085;1;Simplex;9/2/1995, 0:00:00;;;;Propio;100;335735,355;4082837,0429;432;335695,355;4082855,0442;432;0484311722LB368772117;0484356972LB368773670;;Andalucía;Andalucía;Ardales;Málaga;;No;;;;;;1;;870548,6117;4089325,8671;870507,5036;4089341,3396;-199582,8306;4110089,0726;-199621,8356;4110109,6801;;;;;;
R1-112;'112.BTV.D100000320;;'112.LBT.D200000129;LP36 CANTARRA,PRADO, AND NAVARRE * V: 225-226;'225-226;No;;0,4;0,4;7,81024968;'7,8100000000000005;Fachada;Trifásico;;MANGUERA CU(4X6);6;83,8;58,05834307;;3,39;0,11;1;Simplex;9/2/1995, 0:00:00;;;;Propio;100;335605,355;4082823,0448;440;335611,355;4082818,0453;440;0484457215LB368770630;0484450377LB368770190;;Andalucía;Andalucía;Ardales;Málaga;;No;;;;;;1;;870419,5735;4089303,6954;870425,8845;4089299,0767;-199714,2001;4110083,2765;-199708,4953;4110077,8776;;;;;;
R1-112;'112.BTV.D100000567;;'112.LBT.D100000002;LP45 DEPÓSITO AGUA * Vano: 97-AC2;'97-AC2;Sí;112-02804072;0,4;0,4;1;1;Fachada;Monofásico;;MANGUERA (2X6);6;55;38,10511777;;3,39;0,11;1;Simplex;9/2/1995, 0:00:00;;;;Propio;90;335491,355;4082698,0457;439;335491,355;4082697,0457;439;0484582356LB368759169;0484582334LB368759079;;Andalucía;Andalucía;Ardales;Málaga;;No;;;;;;1;;870313,5119;4089171,5991;870313,5748;4089170,5998;-199836,5579;4109965,0527;-199836,6214;4109964,049;;;;;;
R1-112;'112.BTV.D100000159;;'112.LBT.D200000129;LP36 CANTARRA,PRADO, AND NAVARRE * V: 104-105;'104-105;No;;0,4;0,4;4,476617030000001;4,472;Fachada;Trifásico;;MANGUERA CU(4X10);10;111,8;77,45731211;;1,9500000000000002;0,11;1;Simplex;9/2/1995, 0:00:00;;;;Propio;100;335652,356;4082882,0449;424;335656,356;4082880,0453;424;0484405781LB368776028;0484401252LB368775854;;Andalucía;Andalucía;Ardales;Málaga;;No;;;;;;1;;870462,8318;4089365,6171;870466,9551;4089363,8705;-199663,2793;4110139,5106;-199659,3915;4110137,2497;;;;;;
R1-112;'112.BTV.D100000535;;'112.LBT.D100000002;LP45 DEPÓSITO AGUA * Vano: 81-AC1;'81-AC1;Sí;112-02804057;0,4;0,4;1,41414285;1,4140000000000001;Fachada;Monofásico;;MANGUERA CU(2X4);4;43,2;29,92983795;;5,09;0,12000000000000001;1;Simplex;9/2/1995, 0:00:00;;;;Propio;90;335503,355;4082668,0465;446;335502,355;4082667,0458;446;0484568247LB368756487;0484569347LB368756395;;Andalucía;Andalucía;Ardales;Málaga;;No;;;;;;1;;870327,3925;4089142,3739;870326,4561;4089141,3109;-199826,4181;4109934,1807;-199827,4854;4109933,2398;;;;;;
R1-112;'112.BTV.P200000010;;'112.LBT.D200000129;LP36 CANTARRA,PRADO, AND NAVARRE * V: 270-AC1;'270-AC1;Sí;112-04360545;0,4;0,4;1;1;Fachada;Monofásico;;MANGUERA CU(2X10);10;135,9;94,1542819;;1,9500000000000002;0,11;1;Simplex;'7/4/2016, 0:00:00;;;;Propio;100;335592,3561;4082872,0466;426;335593,356;4082872,0462;426;0484472856LB368775022;0484471734LB368775024;;Andalucía;Andalucía;Ardales;Málaga;;No;;;;;;1;;870403,4985;4089351,8487;870404,4979;4089351,9111;-199724,1359;4110133,2849;-199723,1323;4110133,2209;;;;;;
R1-112;'112.BTV.D100000523;;'112.LBT.D200000129;LP36 CANTARRA,PRADO, AND NAVARRE * V: 254-AC1;'254-AC1;Sí;112-02802216;0,4;0,4;1;1;Fachada;Monofásico;;MANGUERA (2X6);6;55;38,10511777;;3,39;0,11;1;Simplex;9/2/1995, 0:00:00;;;;Propio;100;335562,356;4082850,0459;431;335562,356;4082851,0459;431;0484506024LB368772988;0484506046LB368773078;;Andalucía;Andalucía;Ardales;Málaga;;No;;;;;;1;;870374,9018;4089327,9734;870374,8389;4089328,9728;-199755,6438;4110113,1075;-199755,5804;4110114,1112;;;;;;
R1-112;'7801057586308902052;;'112.LBT.D100000002;LP45 DEPÓSITO AGUA * Vano: 56-AC1;'56-AC1;Sí;;0,4;0,4;1,82623903;1,8;Fachada;Monofásico;;MANGUERA (2X6);6;55;38,10511777;;3,39;0,11;1;Simplex;9/2/1995, 0:00:00;;;;Propio;90;335531,355;4082719,046;450;335531,112;4082717,2371;450;0484537952LB368761131;0484538185LB368760967;;Andalucía;Andalucía;Ardales;Málaga;;No;;;;;;1;;870352,1652;4089195,1039;870352,0362;4089193,2809;-199795,0766;4109983,5912;-199795,4353;4109981,7911;;;;;;
R1-112;'112.BTV.D100000004;;'112.LBT.D200000129;LP36 CANTARRA,PRADO, AND NAVARRE * V: 23-AC1;'23-AC1;Sí;112-02802013;0,4;0,4;4,47213595;8,307;Subterránea;Trifásico;;RV 4X50 AL;50;120;83,13843876;;0,387;0,1;1;Simplex;9/2/1995, 0:00:00;;;;Propio;100;335698,355;4082783,0435;441;335702,355;4082781,0428;441;0484352048LB368767188;0484347518LB368767014;;Andalucía;Andalucía;Ardales;Málaga;;No;;;;112.ARQ.SG000556504;;1;;870515,0334;4089269,5724;870519,1569;4089267,8247;-199623,3958;4110037,2227;-199619,508;4110034,9606;;;;;;
R1-112;'112.BTV.D100000207;;'112.LBT.D200000129;LP36 CANTARRA,PRADO, AND NAVARRE * V: 129-130;'129-130;No;;0,4;0,4;5;5;Fachada;Monofásico;;MANGUERA CU(2X6);6;114,3;'79,18936292000001;;3,39;0,11;1;Simplex;9/2/1995, 0:00:00;;;;Propio;100;335586,356;4082920,0465;415;335582,356;4082923,0472;415;0484480625LB368779337;0484485176LB368779600;;Andalucía;Andalucía;Ardales;Málaga;;No;;;;;;1;;870394,481;4089399,4409;870390,2947;4089402,1881;-199727,1106;4110181,8432;-199730,9349;4110185,109;;;;;;
R1-112;'112.BTV.D100000470;;'112.LBT.D200000129;LP36 CANTARRA,PRADO, AND NAVARRE * V: 192-AC1;'192-AC1;Sí;112-02802163;0,4;0,4;1;1;Fachada;Monofásico;;MANGUERA (2X6);6;55;38,10511777;;3,39;0,11;1;Simplex;9/2/1995, 0:00:00;;;;Propio;100;335587,356;4082879,0457;425;335587,356;4082880,0457;425;0484478615LB368775644;0484478637LB368775734;;Andalucía;Andalucía;Ardales;Málaga;;No;;;;;;1;;870398,061;4089358,5286;870397,998;4089359,528;-199728,7101;4110140,6272;-199728,6467;4110141,631;;;;;;
R1-112;'112.BTV.D100000771;;'112.LBT.D100000002;LP45 DEPÓSITO AGUA * Vano: 16-AC1;'16-AC1;Sí;112-02804010;0,4;0,4;1;1;Fachada;Monofásico;;MANGUERA CU(2X10);10;135,9;94,1542819;;1,9500000000000002;0,11;1;Simplex;9/2/1995, 0:00:00;;;;Propio;90;335515,354;4082654,0452;449;335516,354;4082654,0447;449;0484554487LB368755246;0484553366LB368755248;;Andalucía;Andalucía;Ardales;Málaga;;No;;;;;;1;;870340,2652;4089129,1365;870341,2646;4089129,199;-199815,2636;4109919,3658;-199814,2599;4109919,3018;;;;;;
R1-112;'112.BTV.D100000393;;'112.LBT.D100000002;LP45 DEPÓSITO AGUA * Vano: 36-37;'36-37;No;;0,4;0,4;3,6055512800000002;3,606;Fachada;Trifásico;;MANGUERA CU(4X6);6;83,8;58,05834307;;3,39;0,11;1;Simplex;9/2/1995, 0:00:00;;;;Propio;90;335568,354;4082651,0439;459;335566,354;4082654,0437;459;0484494983LB368755068;0484497291LB368755335;;Andalucía;Andalucía;Ardales;Málaga;;No;;;;;;1;;870393,4211;4089129,4728;870391,2336;4089132,3448;-199762,2581;4109912,9885;-199764,075;4109916,1264;;;;;;
R1-112;'112.BTV.D100000452;;'112.LBT.D200000129;LP36 CANTARRA,PRADO, AND NAVARRE * V: 170-AC1;'170-AC1;Sí;112-02802145;0,4;0,4;1;1;Fachada;Monofásico;;MANGUERA (2X6);6;55;38,10511777;;3,39;0,11;1;Simplex;9/2/1995, 0:00:00;;;;Propio;100;335691,355;4082815,0435;438;335691,355;4082816,0435;438;0484360592LB368770059;0484360613LB368770149;;Andalucía;Andalucía;Ardales;Málaga;;No;;;;;;1;;870506,0237;4089301,112;870505,9608;4089302,1113;-199628,39;4110069,7854;-199628,3265;4110070,7891;;;;;;
R1-112;'112.BTV.D100000148;;'112.LBT.D200000129;LP36 CANTARRA,PRADO, AND NAVARRE * V: 99-AC1;'99-AC1;Sí;112-02802081;0,4;0,4;1,41421356;1,4140000000000001;Fachada;Monofásico;;MANGUERA CU(2X4);4;43,2;29,92983795;;5,09;0,12000000000000001;1;Simplex;9/2/1995, 0:00:00;;;;Propio;100;335636,356;4082892,0455;419;335637,356;4082893,0451;419;0484423942LB368776901;0484422842LB368776993;;Andalucía;Andalucía;Ardales;Málaga;;No;;;;;;1;;870446,2123;4089374,6045;870447,1488;4089375,6664;-199678,7035;4110150,5641;-199677,6363;4110151,5039;;;;;;
R1-112;'112.BTV.D100000701;;'112.LBT.D100000002;LP45 DEPÓSITO AGUA * Vano: 175-176;'175-176;No;;0,4;0,4;5;5;Fachada;Trifásico;;RZ 4X50 AL;50;150;103,92304845;;0,387;0,1;1;Simplex;9/2/1995, 0:00:00;;;;Propio;90;335449,355;4082693,0467;438;335445,355;4082690,0474;438;0484629350LB368758645;0484633771LB368758368;;Andalucía;Andalucía;Ardales;Málaga;;No;;;;;112.APO.SG000399787;1;;870271,8527;4089163,9598;870268,0439;4089160,7107;-199879,0308;4109962,7017;-199883,236;4109959,9454;;;;;;
R1-112;'112.BTV.D100000478;;'112.LBT.D200000129;LP36 CANTARRA,PRADO, AND NAVARRE * V: 205-AC1;'205-AC1;Sí;112-02802171;0,4;0,4;1,0001;1;Fachada;Monofásico;;MANGUERA (2X6);6;55;38,10511777;;3,39;0,11;1;Simplex;9/2/1995, 0:00:00;;;;Propio;100;335646,355;4082792,0436;451;335646,355;4082791,0436;451;0484410561LB368767908;0484410540LB368767818;;Andalucía;Andalucía;Ardales;Málaga;;No;;;;;;1;;870462,4993;4089275,2941;870462,5622;4089274,2947;-199675,0167;4110049,5576;-199675,0802;4110048,5539;;;;;;
R1-112;'112.BTV.D100000706;;'112.LBT.D100000002;LP45 DEPÓSITO AGUA * Vano: 180-AC1;'180-AC1;Sí;112-02804128;0,4;0,4;1;1;Fachada;Trifásico;;MANGUERA CU(4X10);10;111,8;77,45731211;;1,9500000000000002;0,11;1;Simplex;9/2/1995, 0:00:00;;;;Propio;90;335451,355;4082700,0469;438;335450,355;4082700,0474;438;0484627259LB368759280;0484628381LB368759278;;Andalucía;Andalucía;Ardales;Málaga;;No;;;;112.APO.SG000399795;;1;;870273,4109;4089171,0816;870272,4115;4089171,0191;-199876,5789;4109969,6009;-199877,5825;4109969,6648;;;;;;
R1-112;'112.BTV.D100000694;;'112.LBT.D100000002;LP45 DEPÓSITO AGUA * Vano: 171-172;'171-172;No;;0,4;0,4;2,82842712;2,8280000000000003;Aérea;Trifásico;;MANGUERA CU(4X10);10;111,8;77,45731211;;1,9500000000000002;0,11;1;Simplex;9/2/1995, 0:00:00;;;;Propio;90;335437,355;4082688,0468;438;335435,355;4082690,0467;438;0484642700LB368758174;0484644986LB368758351;;Andalucía;Andalucía;Ardales;Málaga;;No;;;;;112.APO.SG000399774;1;;870260,1748;4089158,2078;870258,0502;4089160,0806;-199891,3926;4109958,4452;-199893,273;4109960,5795;;;;;;
R1-112;'112.BTV.D100000171;;'112.LBT.D200000129;LP36 CANTARRA,PRADO, AND NAVARRE * V: 110-111;'110-111;No;;0,4;0,4;1,41421356;1,4140000000000001;Fachada;Trifásico;;MANGUERA CU(4X16);16;146,1;101,22104919;;1,22;0,11;1;Simplex;9/2/1995, 0:00:00;;;;Propio;100;335617,356;4082906,0465;420;335616,356;4082907,0459;420;0484445555LB368778129;0484446698LB368778218;;Andalucía;Andalucía;Ardales;Málaga;;No;;;;;;1;;870426,3429;4089387,4009;870425,2806;4089388,3367;-199696,8848;4110165,8232;-199697,8251;4110166,8898;;;;;;
R1-112;'112.BTV.XX00000055;;'112.LBT.D100000002;LP45 DEPÓSITO AGUA * Vano: 191-AC4;'191-AC4;Sí;112-02804155;0,23;0,4;14,86606875;14,866;Fachada;Monofásico;;MANGUERA CU(2X6);6;114,3;45,53388368;;3,39;0,11;1;Simplex;9/2/1995, 0:00:00;;;;Propio;100;335424,355;4082649,0471;448;335429,355;4082635,0468;448;0484656433LB368754638;0484650522LB368753385;;Andalucía;Andalucía;Ardales;Málaga;;No;;;;;;1;;870249,6375;4089118,4143;870255,5156;4089104,7374;-199906,9167;4109920,1266;-199902,787;4109905,757;;;;;;
R1-112;'112.BTV.D100000684;;'112.LBT.D100000002;LP45 DEPÓSITO AGUA * Vano: 165-AC1;'165-AC1;Sí;112-02804121;0,4;0,4;1,41421356;1,4140000000000001;Fachada;Trifásico;;MANGUERA CU(4X10);10;111,8;77,45731211;;1,9500000000000002;0,11;1;Simplex;9/2/1995, 0:00:00;;;;Propio;90;335478,355;4082713,0475;440;335479,355;4082712,047;440;0484597261LB368760498;0484596118LB368760410;;Andalucía;Andalucía;Ardales;Málaga;;No;;;;;;1;;870299,5758;4089185,7734;870300,6381;4089184,8365;-199848,6536;4109980,9354;-199847,7134;4109979,8677;;;;;;
R1-112;'112.BTV.D100000255;;'112.LBT.D200000129;LP36 CANTARRA,PRADO, AND NAVARRE * V: 159-161;'159-161;No;;0,4;0,4;3,16227766;3,162;Fachada;Trifásico;;MANGUERA CU(4X10);10;111,8;77,45731211;;1,9500000000000002;0,11;1;Simplex;9/2/1995, 0:00:00;;;;Propio;100;335652,355;4082842,0446;432;335649,355;4082843,0437;432;0484404916LB368772424;0484408302LB368772508;;Andalucía;Andalucía;Ardales;Málaga;;No;;;;112.APO.SG000399999;;1;;870465,3485;4089325,6416;870462,2874;4089326,4513;-199665,8199;4110099,3625;-199668,7676;4110100,5558;;;;;;
R1-112;'112.BTV.D100000810;;'112.LBT.D100000002;LP45 DEPÓSITO AGUA * Vano: 76-AC1;'76-AC1;Sí;112-02804053;0,4;0,4;1;1;Fachada;Monofásico;;MANGUERA (2X6);6;55;38,10511777;;3,39;0,11;1;Simplex;9/2/1995, 0:00:00;;;;Propio;90;335496,355;4082721,0458;440;335496,355;4082720,0457;440;0484577247LB368761250;0484577226LB368761160;;Andalucía;Andalucía;Ardales;Málaga;;No;;;;;;1;;870317,0611;4089194,8995;870317,1241;4089193,9002;-199830,0792;4109987,8205;-199830,1427;4109986,8167;;;;;;
R1-112;'112.BTV.D100000094;;'112.LBT.D200000129;LP36 CANTARRA,PRADO, AND NAVARRE * V: 73-AC1;'73-AC1;Sí;112-02802053;0,4;0,4;1,41421356;1,4140000000000001;Fachada;Monofásico;;MANGUERA (2X2.5);2,5;31,7;21,962404239999998;;8,21;0,12000000000000001;1;Simplex;9/2/1995, 0:00:00;;;;Propio;100;335679,355;4082865,0437;424;335680,355;4082866,0443;424;0484375133LB368774543;0484374033LB368774635;;Andalucía;Andalucía;Ardales;Málaga;;No;;;;;;1;;870490,8841;4089350,3258;870491,8205;4089351,3888;-199637,2599;4110120,7324;-199636,1927;4110121,6733;;;;;;
R1-112;'112.BTV.D100000651;;'112.LBT.D100000002;LP45 DEPÓSITO AGUA * Vano: 142-148;'142-148;No;;0,4;0,4;6,324555320000001;6,325;Fachada;Trifásico;;MANGUERA CU(4X16);16;146,1;101,22104919;;1,22;0,11;1;Simplex;9/2/1995, 0:00:00;;;;Propio;90;335537,355;4082798,046;442;335543,355;4082800,0466;442;0484532936LB368768259;0484526250LB368768450;;Andalucía;Andalucía;Ardales;Málaga;;No;;;;;;1;;870353,1893;4089274,4323;870359,0597;4089276,8093;-199784,0388;4110062,5026;-199777,8895;4110064,1296;;;;;;
R1-112;'112.BTV.D200000314;;'112.LBT.D200000129;LP36 CANTARRA,PRADO, AND NAVARRE * V: 5-6;'5-6;No;;0,4;0,4;49,7467488;49,81;Subterránea;Trifásico;;RV 3X240 AL /150;240;320;221,70250337;;0,125;0,08;1;Simplex;9/2/1995, 0:00:00;;;;Propio;100;335612,629;4082664,408;475;335640,875;4082705,3564;475;0484445619LB368756350;0484414829LB368760088;;Andalucía;Andalucía;Ardales;Málaga;;No;;;;;;1;;870436,8274;4089145,6152;870462,4787;4089188,3159;-199716,9709;4109923,5911;-199686,0206;4109962,8977;;;;;;
R1-112;'112.BTV.D100000286;;'112.LBT.D200000129;LP36 CANTARRA,PRADO, AND NAVARRE * V: 191-192;'191-192;No;;0,4;0,4;3,16230928;3,162;Fachada;Trifásico;;MANGUERA CU(4X10);10;111,8;77,45731211;;1,9500000000000002;0,11;1;Simplex;9/2/1995, 0:00:00;;;;Propio;100;335590,356;4082878,0465;425;335587,356;4082879,0457;425;0484475229LB368775559;0484478615LB368775644;;Andalucía;Andalucía;Ardales;Málaga;;No;;;;;;1;;870401,1221;4089357,7189;870398,061;4089358,5286;-199725,7624;4110139,4339;-199728,7101;4110140,6272;;;;;;
R1-112;'112.BTV.D100000033;;'112.LBT.D200000129;LP36 CANTARRA,PRADO, AND NAVARRE * V: 38-39;'38-39;No;;0,4;0,4;11,04536102;11,045;Fachada;Trifásico;;MANGUERA CU(4X16);16;146,1;101,22104919;;1,22;0,11;1;Simplex;9/2/1995, 0:00:00;;;;Propio;100;335719,354;4082696,0424;443;335718,354;4082685,0417;443;0484326613LB368759386;0484327496LB368758393;;Andalucía;Andalucía;Ardales;Málaga;;No;;;;112.APO.SG000400045;;1;;870541,4952;4089183,947;870541,1881;4089172,8901;-199607,8427;4109948,5668;-199609,5449;4109937,5888;;;;;;
R1-112;'112.BTV.D100000809;;'112.LBT.D100000002;LP45 DEPÓSITO AGUA * Vano: 75-AC1;'75-AC1;Sí;112-02804052;0,4;0,4;1;1;Fachada;Monofásico;;MANGUERA (2X6);6;55;38,10511777;;3,39;0,11;1;Simplex;9/2/1995, 0:00:00;;;;Propio;90;335501,355;4082727,0457;445;335501,355;4082728,0457;445;0484571770LB368761799;0484571792LB368761889;;Andalucía;Andalucía;Ardales;Málaga;;No;;;;;;1;;870321,6804;4089201,2104;870321,6175;4089202,2098;-199824,6797;4109993,5251;-199824,6163;4109994,5288;;;;;;
R1-112;'112.BTV.D100000732;;'112.LBT.D100000002;LP45 DEPÓSITO AGUA * Vano: 178-192;'178-192;No;;0,4;0,4;3,16227766;3,162;Aérea;Trifásico;;MANGUERA CU(4X10);10;111,8;77,45731211;;1,9500000000000002;0,11;1;Simplex;9/2/1995, 0:00:00;;;;Propio;90;335415,355;4082679,0473;438;335414,355;4082682,0478;438;0484667177LB368757325;0484668364LB368757593;;Andalucía;Andalucía;Ardales;Málaga;;No;;;;;112.APO.SG000399744;1;;870238,755;4089147,8293;870237,5668;4089150,765;-199914,0453;4109950,8091;-199914,8585;4109953,8842;;;;;;
R1-112;'112.BTV.D100000553;;'112.LBT.D100000002;LP45 DEPÓSITO AGUA * Vano: 90-91;'90-91;No;;0,4;0,4;3,16227766;3,162;Fachada;Trifásico;;MANGUERA CU(4X10);10;111,8;77,45731211;;1,9500000000000002;0,11;1;Simplex;9/2/1995, 0:00:00;;;;Propio;90;335501,355;4082675,0464;446;335500,355;4082678,0458;446;0484570642LB368757114;0484571829LB368757383;;Andalucía;Andalucía;Ardales;Málaga;;No;;;;;;1;;870324,9531;4089149,2435;870323,765;4089152,1781;-199827,9811;4109941,3334;-199828,7944;4109944,4074;;;;;;
R1-112;'112.BTV.D100000444;;'112.LBT.D200000129;LP36 CANTARRA,PRADO, AND NAVARRE * V: 163-AC1;'163-AC1;Sí;112-02802137;0,4;0,4;1,01;1;Fachada;Monofásico;;MANGUERA (2X6);6;55;38,10511777;;3,39;0,11;1;Simplex;9/2/1995, 0:00:00;;;;Propio;100;335637,355;4082849,0448;433;335637,355;4082848,0448;433;0484421890LB368773028;0484421868LB368772938;;Andalucía;Andalucía;Ardales;Málaga;;No;;;;;;1;;870449,9172;4089331,6934;870449,9801;4089330,694;-199680,4309;4110107,3409;-199680,4945;4110106,3372;;;;;;
R1-112;'112.BTV.D200000330;;'112.LBT.D200000129;LP36 CANTARRA,PRADO, AND NAVARRE * V: 15-16;'15-16;No;;0,4;0,4;38,052595180000004;38,066;Aérea;Trifásico;;RZ 4X50 AL;50;150;103,92304845;;0,387;0,1;1;Simplex;9/2/1995, 0:00:00;;;;Propio;100;335699,354;4082689,0424;442;335701,354;4082651,0424;442;0484348891LB368758720;0484345825LB368755300;;Andalucía;Andalucía;Ardales;Málaga;;No;;;;112.APO.SG000400034;112.APO.SG000400037;1;;870521,9481;4089175,6926;870526,3386;4089137,842;-199628,3611;4109942,8106;-199628,7663;4109904,5431;;;;;;
R1-112;'112.BTV.D100000177;;'112.LBT.D200000129;LP36 CANTARRA,PRADO, AND NAVARRE * V: 113-114;'113-114;No;;0,4;0,4;7,07106781;7,071;Fachada;Trifásico;;MANGUERA CU(4X10);10;111,8;77,45731211;;1,9500000000000002;0,11;1;Simplex;9/2/1995, 0:00:00;;;;Propio;100;335610,356;4082913,0465;415;335605,356;4082918,0466;415;0484453557LB368778748;0484459273LB368779190;;Andalucía;Andalucía;Ardales;Málaga;;No;;;;;;1;;870418,9067;4089393,9559;870413,595;4089398,6382;-199703,4663;4110173,2935;-199708,1673;4110178,6296;;;;;;
R1-112;'112.BTV.D100000023;;'112.LBT.D200000129;LP36 CANTARRA,PRADO, AND NAVARRE * V: 31-AC2;'31-AC2;Sí;112-02802024;0,4;0,4;9,43398113;9,434;Subterránea;Monofásico;;MANGUERA CU(2X16);16;177,8;123,18345343;;1,22;0,11;1;Simplex;9/2/1995, 0:00:00;;;;Propio;100;335732,355;4082782,0416;436;335727,355;4082774,0416;436;0484313895LB368767157;0484319329LB368766427;;Andalucía;Andalucía;Ardales;Málaga;;No;;;;112.ARQ.SG000556531;;1;;870549,0753;4089270,7111;870544,582;4089262,4013;-199589,3337;4110034,0585;-199594,8601;4110026,3463;;;;;;
R1-112;'112.BTV.D100000202;;'112.LBT.D200000129;LP36 CANTARRA,PRADO, AND NAVARRE * V: 127-AC1;'127-AC1;Sí;112-02802107;0,4;0,4;1,41421356;1,4140000000000001;Fachada;Monofásico;;MANGUERA CU(2X6);6;114,3;'79,18936292000001;;3,39;0,11;1;Simplex;9/2/1995, 0:00:00;;;;Propio;100;335598,356;4082913,0464;415;335597,356;4082912,0458;415;0484467015LB368778727;0484468115LB368778635;;Andalucía;Andalucía;Ardales;Málaga;;No;;;;;;1;;870406,9141;4089393,2006;870405,9777;4089392,1376;-199715,5107;4110174,0554;-199716,5779;4110173,1145;;;;;;
R1-112;'112.BTV.D100000711;;'112.LBT.D100000002;LP45 DEPÓSITO AGUA * Vano: 182-AC1;'182-AC1;Sí;112-02804131;0,4;0,4;1,41421356;1,4140000000000001;Fachada;Monofásico;;MANGUERA CU(2X6);6;114,3;'79,18936292000001;;3,39;0,11;1;Simplex;9/2/1995, 0:00:00;;;;Propio;90;335472,355;4082714,047;434;335471,3551;4082715,0475;434;0484604011LB368760578;0484605155LB368760666;;Andalucía;Andalucía;Ardales;Málaga;;No;;;;;;1;;870293,5166;4089186,3947;870292,4543;4089187,3316;-199854,6124;4109982,3196;-199855,5524;4109983,3872;;;;;;
R1-112;'112.BTV.D100000150;;'112.LBT.D200000129;LP36 CANTARRA,PRADO, AND NAVARRE * V: 100-AC1;'100-AC1;Sí;112-02802082;0,4;0,4;1,41421356;1,4140000000000001;Fachada;Monofásico;;MANGUERA (2X2.5);2,5;31,7;21,962404239999998;;8,21;0,12000000000000001;1;Simplex;9/2/1995, 0:00:00;;;;Propio;100;335640,356;4082889,0448;419;335641,356;4082890,0455;419;0484419391LB368776637;0484418291LB368776729;;Andalucía;Andalucía;Ardales;Málaga;;No;;;;;;1;;870450,3987;4089371,8574;870451,3351;4089372,9204;-199674,8793;4110147,2983;-199673,812;4110148,2392;;;;;;
R1-112;'112.BTV.D100000741;;'112.LBT.D100000002;LP45 DEPÓSITO AGUA * Vano: 196-197;'196-197;No;;0,4;0,4;2,23606798;2,236;Fachada;Trifásico;;MANGUERA CU(4X10);10;111,8;77,45731211;;1,9500000000000002;0,11;1;Simplex;9/2/1995, 0:00:00;;;;Propio;90;335406,355;4082705,0485;434;335405,355;4082707,0479;434;0484677835LB368759652;0484679000LB368759830;;Andalucía;Andalucía;Ardales;Málaga;;No;;;;;;1;;870228,1242;4089173,2478;870226,999;4089175,183;-199921,4278;4109977,478;-199922,3046;4109979,5482;;;;;;
R1-112;'112.ACO.SG000795034;;'112.LBT.D200000129;LP03 NAVARRETE Y ½ CANTARRANA-PRADO 31;'31;Sí;;0,4;1;1,0415615900000001;0,9900000000000001;Fachada;Monofásico;S;2X10 Cu TRENZADO AÉREO;10;77;53,34716487;;1,9500000000000002;0,11;1;Simplex;8/7/2025, 2:00:00;;;8/7/2025, 2:00:00;Propio;100;335683,1411;4082831,4321;431,31402588000003;335683,7241;4082832,2951;431,31402588000003;0484370159LB368771521;0484369523LB368771600;;Andalucía;Andalucía;Ardales;Málaga;;No;;;;;;1;;870496,7834;4089316,9734;870497,3117;4089317,8726;-199635,5938;4110086,7562;-199634,9538;4110087,5853;;;;;;
R1-112;'112.BTV.D100000802;;'112.LBT.D100000002;LP45 DEPÓSITO AGUA * Vano: 61-AC1;'61-AC1;Sí;112-02804045;0,4;0,4;1,00000001;1;Fachada;Monofásico;;MANGUERA (2X6);6;55;38,10511777;;3,39;0,11;1;Simplex;9/2/1995, 0:00:00;;;;Propio;90;335540,355;4082710,0451;450;335541,355;4082710,0446;450;0484527663LB368760336;0484526541LB368760337;;Andalucía;Andalucía;Ardales;Málaga;;No;;;;;;1;;870361,7261;4089186,675;870362,7255;4089186,7375;-199786,6148;4109973,9856;-199785,6111;4109973,9216;;;;;;
R1-112;'112.BTV.D100000128;;'112.LBT.D200000129;LP36 CANTARRA,PRADO, AND NAVARRE * V: 89-AC1;'89-AC1;Sí;112-02802071;0,4;0,4;1,41421356;1,4140000000000001;Fachada;Monofásico;;MANGUERA (2X2.5);2,5;31,7;21,962404239999998;;8,21;0,12000000000000001;1;Simplex;9/2/1995, 0:00:00;;;;Propio;100;335719,355;4082836,0433;430;335718,355;4082835,0427;430;0484329644LB368772000;0484330744LB368771908;;Andalucía;Andalucía;Ardales;Málaga;;No;;;;;;1;;870532,6846;4089323,8611;870531,7481;4089322,7981;-199598,9532;4110089,0852;-199600,0205;4110088,1443;;;;;;
R1-112;'112.BTV.D100000231;;'112.LBT.D200000129;LP36 CANTARRA,PRADO, AND NAVARRE * V: 141-AC2;'141-AC2;Sí;112-02802121;0,4;0,4;4,12310563;4,123;Fachada;Trifásico;;MANGUERA CU(4X10);10;111,8;77,45731211;;1,9500000000000002;0,11;1;Simplex;9/2/1995, 0:00:00;;;;Propio;100;335565,356;4082913,0472;414;335566,356;4082917,0468;414;0484504025LB368778669;0484502991LB368779032;;Andalucía;Andalucía;Ardales;Málaga;;No;;;;;;1;;870373,9346;4089391,1243;870374,6823;4089395,1843;-199748,6327;4110176,1514;-199747,375;4110180,1022;;;;;;
R1-112;'112.BTV.D100000056;;'112.LBT.D200000129;LP36 CANTARRA,PRADO, AND NAVARRE * V: 50-51;'50-51;No;;0,4;0,4;12,80624847;12,806000000000001;Subterránea;Trifásico;;RV 4X50 AL;50;120;83,13843876;;0,387;0,1;1;Simplex;9/2/1995, 0:00:00;;;;Propio;100;335743,355;4082759,0422;436;335735,355;4082749,0423;436;0484301060LB368765104;0484309816LB368764189;;Andalucía;Andalucía;Ardales;Málaga;;No;;;;112.ARQ.SG000556542;112.ARQ.SG000556533;1;;870561,5161;4089248,4183;870554,1504;4089237,9211;-199579,7532;4110010,2756;-199588,4177;4110000,7467;;;;;;
R1-112;'112.BTV.D100000187;;'112.LBT.D200000129;LP36 CANTARRA,PRADO, AND NAVARRE * V: 97-119;'97-119;No;;0,4;0,4;19,20937271;19,235;Fachada;Trifásico;;RZ 4X150 AL;150;240;166,27687753;;0,124;0,085;1;Simplex;9/2/1995, 0:00:00;;;;Propio;100;335632,356;4082895,0452;420;335617,356;4082907,0465;420;0484428493LB368777164;0484445576LB368778219;;Andalucía;Andalucía;Ardales;Málaga;;No;;;;;;2;;870442,026;4089377,3505;870426,2799;4089388,4003;-199682,5279;4110153,8288;-199696,8214;4110166,8269;;;;;;
R1-112;'112.BTV.D100000686;;'112.LBT.D100000002;LP45 DEPÓSITO AGUA * Vano: 166-AC1;'166-AC1;Sí;112-02804122;0,4;0,4;1,41421356;1,4140000000000001;Fachada;Trifásico;;MANGUERA CU(4X16);16;146,1;101,22104919;;1,22;0,11;1;Simplex;9/2/1995, 0:00:00;;;;Propio;90;335452,355;4082696,0475;438;335453,355;4082695,047;438;0484626051LB368758921;0484624908LB368758833;;Andalucía;Andalucía;Ardales;Málaga;;No;;;;;;1;;870274,6619;4089167,1476;870275,7243;4089166,2107;-199875,8291;4109965,5232;-199874,8889;4109964,4555;;;;;;
R1-112;'112.BTV.D100000472;;'112.LBT.D200000129;LP36 CANTARRA,PRADO, AND NAVARRE * V: 198-AC1;'198-AC1;Sí;112-02802165;0,4;0,4;1;1;Fachada;Monofásico;;MANGUERA (2X6);6;55;38,10511777;;3,39;0,11;1;Simplex;9/2/1995, 0:00:00;;;;Propio;100;335667,355;4082780,044;457;335668,355;4082780,0436;457;0484386750LB368766864;0484385628LB368766865;;Andalucía;Andalucía;Ardales;Málaga;;No;;;;;;1;;870484,2414;4089264,6237;870485,2408;4089264,6862;-199654,7009;4110036,1803;-199653,6972;4110036,1164;;;;;;
R1-112;'112.BTV.D100000370;;'112.LBT.D100000002;LP45 DEPÓSITO AGUA * Vano: 16-18;'16-18;No;;0,4;0,4;5,385164809999999;6,164;Fachada;Trifásico;;MANGUERA CU(4X6);6;83,8;58,05834307;;3,39;0,11;1;Simplex;9/2/1995, 0:00:00;;;;Propio;90;335515,354;4082654,0452;446;335513,354;4082659,0451;446;0484554487LB368755246;0484556838LB368755693;;Andalucía;Andalucía;Ardales;Málaga;;No;;;;;;1;;870340,2652;4089129,1365;870337,9518;4089134,0074;-199815,2636;4109919,3658;-199816,9536;4109924,5111;;;;;;
R1-112;'112.BTV.D100000091;;'112.LBT.D200000129;LP36 CANTARRA,PRADO, AND NAVARRE * V: 71-72;'71-72;No;;0,4;0,4;5,83095189;5,831;Fachada;Trifásico;;MANGUERA CU(4X10);10;111,8;77,45731211;;1,9500000000000002;0,11;1;Simplex;9/2/1995, 0:00:00;;;;Propio;100;335690,355;4082859,0442;424;335685,355;4082862,0443;424;0484362666LB368774021;0484368339LB368774283;;Andalucía;Andalucía;Ardales;Málaga;;No;;;;;;1;;870502,2549;4089345,0224;870497,0692;4089347,7059;-199626,6001;4110114,0124;-199631,4281;4110117,341;;;;;;
R1-112;'112.BTV.D100000108;;'112.LBT.D200000129;LP36 CANTARRA,PRADO, AND NAVARRE * V: 80-AC2;'80-AC2;Sí;112-02802060;0,4;0,4;1,41421356;1,4140000000000001;Fachada;Monofásico;;MANGUERA (2X2.5);2,5;31,7;21,962404239999998;;8,21;0,12000000000000001;1;Simplex;9/2/1995, 0:00:00;;;;Propio;100;335666,355;4082864,044;424;335667,355;4082863,0446;424;0484389691LB368774430;0484388548LB368774342;;Andalucía;Andalucía;Ardales;Málaga;;No;;;;;;1;;870477,9551;4089348,5085;870479,0174;4089347,5727;-199650,3714;4110120,5544;-199649,4312;4110119,4878;;;;;;
R1-112;'112.BTV.D100000670;;'112.LBT.D100000002;LP45 DEPÓSITO AGUA * Vano: 157-AC2;'157-AC2;Sí;112-02804115;0,4;0,4;1,4142842700000002;1,4140000000000001;Fachada;Monofásico;;MANGUERA CU(2X4);4;43,2;29,92983795;;5,09;0,12000000000000001;1;Simplex;9/2/1995, 0:00:00;;;;Propio;90;335604,355;4082804,0451;452;335605,355;4082803,0446;452;0484457925LB368768916;0484456781LB368768828;;Andalucía;Andalucía;Ardales;Málaga;;No;;;;;;1;;870419,77;4089284,6446;870420,8323;4089283,7077;-199716,41;4110064,27;-199715,4699;4110063,2023;;;;;;
R1-112;'112.BTV.D100000476;;'112.LBT.D200000129;LP36 CANTARRA,PRADO, AND NAVARRE * V: 203-AC1;'203-AC1;Sí;112-02802169;0,4;0,4;1,41421356;1,4140000000000001;Fachada;Monofásico;;MANGUERA (2X6);6;55;38,10511777;;3,39;0,11;1;Simplex;9/2/1995, 0:00:00;;;;Propio;100;335655,355;4082786,0439;447;335654,355;4082785,0444;447;0484400338LB368767383;0484401437LB368767291;;Andalucía;Andalucía;Ardales;Málaga;;No;;;;;;1;;870471,8712;4089269,8646;870470,9348;4089268,8027;-199666,3644;4110042,9643;-199667,4315;4110042,0245;;;;;;
R1-112;'112.BTV.D100000351;;'112.LBT.D200000129;LP36 CANTARRA,PRADO, AND NAVARRE * V: 246-257;'246-257;No;;0,4;0,4;139,12073824;141,386;Fachada;Trifásico;;RZ 3X150 AL /95;150;240;166,27687753;;0,124;0,085;1;Simplex;9/2/1995, 0:00:00;;;;Propio;100;335549,386;4082860,2401;431;335665,887;4082784,2034;431;0484520791LB368773884;0484388486LB368767236;;Andalucía;Andalucía;Ardales;Málaga;;No;;;;;;4;;870361,2983;4089337,3449;870482,5126;4089268,6881;-199768,0145;4110124,1629;-199655,9102;4110040,4483;;;;;;
R1-112;'112.BTV.D100000415;;'112.LBT.D100000002;LP45 DEPÓSITO AGUA * Vano: 58-59;'58-59;No;;0,4;0,4;3,94999127;3,9;Fachada;Trifásico;;MANGUERA CU(4X6);6;83,8;58,05834307;;3,39;0,11;1;Simplex;9/2/1995, 0:00:00;;;;Propio;90;335548,355;4082693,0445;456;335549,958;4082689,4386;456;0484518322LB368758818;0484516446LB368758496;;Andalucía;Andalucía;Ardales;Málaga;;No;;;;;;1;;870370,7911;4089170,1886;870372,6201;4089166,6858;-199779,6646;4109956,4142;-199778,2845;4109952,6932;;;;;;
R1-112;'112.BTV.D100000066;;'112.LBT.D200000129;LP36 CANTARRA,PRADO, AND NAVARRE * V: 56-57;'56-57;No;;0,4;0,4;14,56031593;14,697;Subterránea;Trifásico;;RV 4X240 AL;240;320;221,70250337;;0,125;0,08;1;Simplex;9/2/1995, 0:00:00;;;;Propio;100;335751,355;4082844,0436;428;335747,355;4082858,0433;428;0484293929LB368772776;0484298718LB368774030;;Andalucía;Andalucía;Ardales;Málaga;;No;;;;112.ARQ.SG000556550;112.ARQ.SG000556545;1;;870564,1612;4089333,8705;870559,2825;4089347,6097;-199566,327;4110095,0834;-199569,453;4110109,3888;;;;;;
R1-112;'112.BTV.D100000735;;'112.LBT.D100000002;LP45 DEPÓSITO AGUA * Vano: 193-194;'193-194;No;;0,4;0,4;3,16227766;3,162;Fachada;Trifásico;;MANGUERA CU(4X10);10;111,8;77,45731211;;1,9500000000000002;0,11;1;Simplex;9/2/1995, 0:00:00;;;;Propio;90;335413,355;4082685,0483;434;335412,355;4082688,0477;434;0484669550LB368757862;0484670737LB368758131;;Andalucía;Andalucía;Ardales;Málaga;;No;;;;;;1;;870236,3786;4089153,7006;870235,1904;4089156,6352;-199915,6718;4109956,9593;-199916,485;4109960,0333;;;;;;
R1-112;'112.BTV.D100000059;;'112.LBT.D200000129;LP36 CANTARRA,PRADO, AND NAVARRE * V: 52-AC1;'52-AC1;Sí;112-02802039;0,4;0,4;4,999840000000001;5;Subterránea;Monofásico;;MANGUERA CU(2X25);25;232,4;161,01144307;;0,78;0,11;1;Simplex;9/2/1995, 0:00:00;;;;Propio;100;335784,355;4082797,0411;426;335781,355;4082801,0424;426;0484255901LB368768599;0484259352LB368768954;;Andalucía;Andalucía;Ardales;Málaga;;No;;;;112.ARQ.SG000556578;;1;;870600,099;4089288,9741;870596,8491;4089292,7842;-199536,1892;4110045,8119;-199538,9462;4110050,0185;;;;;;
R1-112;'112.BTV.D100000245;;'112.LBT.D200000129;LP36 CANTARRA,PRADO, AND NAVARRE * V: 150-151;'150-151;No;;0,4;0,4;3,16227766;3,162;Fachada;Trifásico;;MANGUERA CU(4X10);10;111,8;77,45731211;;1,9500000000000002;0,11;1;Simplex;9/2/1995, 0:00:00;;;;Propio;100;335690,355;4082826,044;438;335693,355;4082825,0427;438;0484361951LB368771048;0484358565LB368770963;;Andalucía;Andalucía;Ardales;Málaga;;No;;;;;;1;;870504,3319;4089312,0427;870507,393;4089311,2308;-199628,6953;4110080,8901;-199625,7478;4110079,6946;;;;;;
R1-112;'112.BTV.D100000536;;'112.LBT.D100000002;LP45 DEPÓSITO AGUA * Vano: 81-82;'81-82;No;;0,4;0,4;7,28010989;7,28;Fachada;Trifásico;;MANGUERA CU(4X10);10;111,8;77,45731211;;1,9500000000000002;0,11;1;Simplex;9/2/1995, 0:00:00;;;;Propio;90;335503,355;4082668,0465;446;335505,355;4082661,0466;446;0484568247LB368756487;0484565853LB368755860;;Andalucía;Andalucía;Ardales;Málaga;;No;;;;;;1;;870327,3925;4089142,3739;870329,8318;4089135,5042;-199826,4181;4109934,1807;-199824,8551;4109927,0279;;;;;;
R1-112;'112.BTV.D100000368;;'112.LBT.D100000002;LP45 DEPÓSITO AGUA * Vano: 14-16;'14-16;No;;0,4;0,4;1,41421356;1,4140000000000001;Fachada;Trifásico;;MANGUERA CU(4X6);6;83,8;58,05834307;;3,39;0,11;1;Simplex;9/2/1995, 0:00:00;;;;Propio;90;335516,354;4082653,0447;449;335515,354;4082654,0452;449;0484553344LB368755158;0484554487LB368755246;;Andalucía;Andalucía;Ardales;Málaga;;No;;;;;;1;;870341,3275;4089128,1996;870340,2652;4089129,1365;-199814,3235;4109918,2981;-199815,2636;4109919,3658;;;;;;
R1-112;'112.BTV.D100000214;;'112.LBT.D200000129;LP36 CANTARRA,PRADO, AND NAVARRE * V: 133-135;'133-135;No;;0,4;0,4;5,09911757;7,141;Fachada;Trifásico;;MANGUERA CU(4X10);10;111,8;77,45731211;;1,9500000000000002;0,11;1;Simplex;9/2/1995, 0:00:00;;;;Propio;100;335571,356;4082909,0466;419;335570,356;4082904,0471;419;0484497210LB368778319;0484498223LB368777867;;Andalucía;Andalucía;Ardales;Málaga;;No;;;;;;1;;870380,1826;4089387,5039;870379,498;4089382,4444;-199742,8645;4110171,755;-199744,1856;4110166,8005;;;;;;
R1-112;'112.BTV.D100000798;;'112.LBT.D100000002;LP45 DEPÓSITO AGUA * Vano: 57-AC1;'57-AC1;Sí;112-02804041;0,4;0,4;1;1;Fachada;Monofásico;;MANGUERA (2X6);6;55;38,10511777;;3,39;0,11;1;Simplex;9/2/1995, 0:00:00;;;;Propio;90;335544,355;4082700,0453;451;335545,355;4082700,0449;451;0484522960LB368759442;0484521839LB368759443;;Andalucía;Andalucía;Ardales;Málaga;;No;;;;;;1;;870366,353;4089176,9333;870367,3524;4089176,9957;-199783,2349;4109963,6949;-199782,2312;4109963,6309;;;;;;
R1-112;'112.BTV.D100000391;;'112.LBT.D100000002;LP45 DEPÓSITO AGUA * Vano: 35-AC1;'35-AC1;Sí;112-02804023;0,4;0,4;1;1;Fachada;Monofásico;;MANGUERA CU(2X6);6;114,3;'79,18936292000001;;3,39;0,11;1;Simplex;9/2/1995, 0:00:00;;;;Propio;90;335592,354;4082687,0442;465;335593,354;4082687,0437;465;0484468848LB368758354;0484467726LB368758355;;Andalucía;Andalucía;Ardales;Málaga;;No;;;;;;1;;870415,1404;4089166,9612;870416,1398;4089167,0237;-199735,8837;4109947,5983;-199734,88;4109947,5343;;;;;;
R1-112;'112.BTV.D100000485;;'112.LBT.D200000129;LP36 CANTARRA,PRADO, AND NAVARRE * V: 212-AC1;'212-AC1;Sí;112-02802178;0,4;0,4;1,00005;1;Fachada;Monofásico;;MANGUERA (2X6);6;55;38,10511777;;3,39;0,11;1;Simplex;9/2/1995, 0:00:00;;;;Propio;100;335631,355;4082808,045;451;335632,355;4082808,0445;451;0484427731LB368769324;0484426609LB368769325;;Andalucía;Andalucía;Ardales;Málaga;;No;;;;;;1;;870446,5014;4089290,3414;870447,5008;4089290,4039;-199689,0562;4110066,5705;-199688,0526;4110066,5065;;;;;;
R1-112;'112.BTV.D100000395;;'112.LBT.D100000002;LP45 DEPÓSITO AGUA * Vano: 37-39;'37-39;No;;0,4;0,4;6,40312424;6,708;Fachada;Trifásico;;MANGUERA CU(4X6);6;83,8;58,05834307;;3,39;0,11;1;Simplex;9/2/1995, 0:00:00;;;;Propio;90;335566,354;4082654,0437;457;335562,354;4082659,0445;457;0484497291LB368755335;0484501886LB368755779;;Andalucía;Andalucía;Ardales;Málaga;;No;;;;;;1;;870391,2336;4089132,3448;870386,9213;4089137,0908;-199764,075;4109916,1264;-199767,7724;4109921,3996;;;;;;
R1-112;'112.BTV.D100000312;;'112.LBT.D200000129;LP36 CANTARRA,PRADO, AND NAVARRE * V: 217-218;'217-218;No;;0,4;0,4;6,40312424;6,4030000000000005;Fachada;Trifásico;;MANGUERA CU(4X10);10;111,8;77,45731211;;1,9500000000000002;0,11;1;Simplex;9/2/1995, 0:00:00;;;;Propio;100;335612,355;4082823,0449;440;335617,355;4082819,0448;440;0484449364LB368770642;0484443670LB368770290;;Andalucía;Andalucía;Ardales;Málaga;;No;;;;;;1;;870426,5691;4089304,1361;870431,8178;4089300,4532;-199707,1742;4110082,8321;-199702,4096;4110078,4998;;;;;;
R1-112;'112.BTV.D100000302;;'112.LBT.D200000129;LP36 CANTARRA,PRADO, AND NAVARRE * V: 196-208;'196-208;No;;0,4;0,4;5,99515438;11,18;Fachada;Trifásico;;MANGUERA CU(4X10);10;111,8;77,45731211;;1,9500000000000002;0,11;1;Simplex;9/2/1995, 0:00:00;;;;Propio;100;335663,729;4082781,9365;447;335659,355;4082786,0444;447;0484390857LB368767028;0484395852LB368767390;;Andalucía;Andalucía;Ardales;Málaga;;No;;;;;;1;;870480,4986;4089266,2868;870475,8688;4089270,1168;-199658,2202;4110038,31;-199662,3495;4110042,7107;;;;;;
R1-112;'112.BTV.D100000371;;'112.LBT.D100000002;LP45 DEPÓSITO AGUA * Vano: 16-19;'16-19;No;;0,4;0,4;6,31475265;7;Fachada;Monofásico;;MANGUERA CU(2X4);4;43,2;29,92983795;;5,09;0,12000000000000001;1;Simplex;9/2/1995, 0:00:00;;;;Propio;90;335513,354;4082658,0451;446;335511,355;4082664,0449;446;0484556817LB368755603;0484559189LB368756140;;Andalucía;Andalucía;Ardales;Málaga;;No;;;;;;1;;870338,0147;4089133,008;870335,6393;4089138,8783;-199817,017;4109923,5074;-199818,6426;4109929,6564;;;;;;
R1-112;'112.BTV.6307224632;;'112.LBT.6307224615;LP94 CALLE CERRILLO, CALLE CASTAÑA Vano: 2-3;'2-3;No;;0,4;0,42;55,158762890000006;55;Subterránea;Trifásico;;RV 3X240 /150;240;410;284,05633244;;0,075;0,08;1;Simplex;29/10/2020, 0:00:00;;;;Propio;0;335595,172;4082568,0433;476;335599,354;4082623,0427;476;0484463108LB368747637;0484459610LB368752599;;Andalucía;Andalucía;Ardales;Málaga;;No;;;;;112.ARQ.SG000556453;1;;870425,4462;4089048,2116;870426,1641;4089103,4401;-199740,6104;4109827,9782;-199732,9211;4109882,9156;;;;;;
R1-112;'112.BTV.D100000173;;'112.LBT.D200000129;LP36 CANTARRA,PRADO, AND NAVARRE * V: 111-112;'111-112;No;;0,4;0,4;5,65685425;7,55;Fachada;Trifásico;;MANGUERA CU(4X16);16;146,1;101,22104919;;1,22;0,11;1;Simplex;9/2/1995, 0:00:00;;;;Propio;100;335616,356;4082907,0459;415;335612,356;4082911,0466;415;0484446698LB368778218;0484451271LB368778571;;Andalucía;Andalucía;Ardales;Málaga;;No;;;;;;1;;870425,2806;4089388,3367;870421,0313;4089392,0832;-199697,8251;4110166,8898;-199701,5859;4110171,1593;;;;;;
R1-112;'112.BTV.D200000319;;'112.LBT.D200000129;LP36 CANTARRA,PRADO, AND NAVARRE * V: 10-11;'10-11;No;;0,4;0,4;29,68080189;32,016;Fachada;Trifásico;;RZ 4X25 AL;25;100;69,2820323;;0,727;0,11;1;Simplex;9/2/1995, 0:00:00;;;;Propio;100;335697,354;4082729,0436;460;335672,355;4082745,0426;460;0484352001LB368762321;0484380384LB368763719;;Andalucía;Andalucía;Ardales;Málaga;;No;;;;112.ARQ.SG000556501;;1;;870517,4317;4089215,543;870491,4413;4089229,9587;-199627,8289;4109983,0867;-199651,9046;4110000,7321;;;;;;
R1-112;'112.BTV.D100000726;;'112.LBT.D100000002;LP45 DEPÓSITO AGUA * Vano: 189-190;'189-190;No;;0,4;0,4;5,385164809999999;5,385;Fachada;Trifásico;;MANGUERA CU(4X10);10;111,8;77,45731211;;1,9500000000000002;0,11;1;Simplex;9/2/1995, 0:00:00;;;;Propio;90;335421,355;4082657,0475;442;335423,355;4082652,0476;442;0484659971LB368755353;0484657619LB368754906;;Andalucía;Andalucía;Ardales;Málaga;;No;;;;;;1;;870246,1359;4089126,2209;870248,4493;4089121,35;-199909,4198;4109928,347;-199907,7299;4109923,2017;;;;;;
R1-112;'112.BTV.D100000156;;'112.LBT.D200000129;LP36 CANTARRA,PRADO, AND NAVARRE * V: 103-AC1;'103-AC1;Sí;112-02802085;0,4;0,4;1,41421356;1,4140000000000001;Fachada;Monofásico;;MANGUERA (2X2.5);2,5;31,7;21,962404239999998;;8,21;0,12000000000000001;1;Simplex;9/2/1995, 0:00:00;;;;Propio;100;335649,356;4082884,0451;418;335650,356;4082885,0447;418;0484409189LB368776203;0484408089LB368776294;;Andalucía;Andalucía;Ardales;Málaga;;No;;;;;;1;;870459,7077;4089367,4273;870460,6442;4089368,4892;-199666,1634;4110141,7088;-199665,0962;4110142,6485;;;;;;
R1-112;'112.BTV.D100000442;;'112.LBT.D200000129;LP36 CANTARRA,PRADO, AND NAVARRE * V: 161-AC1;'161-AC1;Sí;112-02802135;0,4;0,4;1;1;Fachada;Monofásico;;MANGUERA (2X6);6;55;38,10511777;;3,39;0,11;1;Simplex;9/2/1995, 0:00:00;;;;Propio;100;335649,355;4082843,0437;432;335649,355;4082844,0437;432;0484408302LB368772508;0484408323LB368772599;;Andalucía;Andalucía;Ardales;Málaga;;No;;;;;;1;;870462,2874;4089326,4513;870462,2245;4089327,4507;-199668,7676;4110100,5558;-199668,7041;4110101,5595;;;;;;
R1-112;'112.BTV.D100000119;;'112.LBT.D200000129;LP36 CANTARRA,PRADO, AND NAVARRE * V: 85-AC1;'85-AC1;Sí;112-02802066;0,4;0,4;1;1;Fachada;Monofásico;;MANGUERA (2X2.5);2,5;31,7;21,962404239999998;;8,21;0,12000000000000001;1;Simplex;9/2/1995, 0:00:00;;;;Propio;100;335689,355;4082851,0446;432;335689,355;4082850,0446;432;0484363615LB368773299;0484363593LB368773209;;Andalucía;Andalucía;Ardales;Málaga;;No;;;;;;1;;870501,759;4089336,9649;870501,822;4089335,9655;-199628,1117;4110106,0467;-199628,1752;4110105,043;;;;;;
R1-112;'112.BTV.D100000330;;'112.LBT.D200000129;LP36 CANTARRA,PRADO, AND NAVARRE * V: 235-236;'235-236;No;;0,4;0,4;7,07106781;7,071;Fachada;Trifásico;;MANGUERA CU(4X10);10;111,8;77,45731211;;1,9500000000000002;0,11;1;Simplex;9/2/1995, 0:00:00;;;;Propio;100;335548,356;4082835,0456;431;335541,356;4082834,0455;431;0484521400LB368771612;0484529229LB368771510;;Andalucía;Andalucía;Ardales;Málaga;;No;;;;;;1;;870361,8547;4089312,1013;870354,922;4089310,6613;-199770,6479;4110098,9406;-199777,7373;4110098,3812;;;;;;
R1-112;'112.BTV.D100000464;;'112.LBT.D200000129;LP36 CANTARRA,PRADO, AND NAVARRE * V: 187-AC1;'187-AC1;Sí;112-02802157;0,4;0,4;0,9900000000000001;1;Fachada;Trifásico;;MANGUERA CU 2X(2X4);4;43,2;29,92983795;;5,09;0,12000000000000001;1;Simplex;9/2/1995, 0:00:00;;;;Propio;100;335610,356;4082867,045;426;335610,356;4082866,045;426;0484452560LB368774603;0484452538LB368774513;;Andalucía;Andalucía;Ardales;Málaga;;No;;;;;;1;;870421,8021;4089347,9831;870421,8649;4089346,9837;-199706,3869;4110127,1219;-199706,4505;4110126,1182;;;;;;
R1-112;'112.BTV.D100000557;;'112.LBT.D100000002;LP45 DEPÓSITO AGUA * Vano: 92-93;'92-93;No;;0,4;0,4;6,324555320000001;6,325;Fachada;Trifásico;;MANGUERA CU(4X10);10;111,8;77,45731211;;1,9500000000000002;0,11;1;Simplex;9/2/1995, 0:00:00;;;;Propio;90;335498,355;4082681,0456;439;335496,355;4082687,0466;439;0484574137LB368757650;0484576510LB368758187;;Andalucía;Andalucía;Ardales;Málaga;;No;;;;;;1;;870321,5774;4089155,0502;870319,201;4089160,9216;-199830,6114;4109947,5453;-199832,2377;4109953,6955;;;;;;
R1-112;'112.BTV.D100000725;;'112.LBT.D100000002;LP45 DEPÓSITO AGUA * Vano: 189-AC1;'189-AC1;Sí;112-02804138;0,4;0,4;1;1;Fachada;Monofásico;;MANGUERA (2X6);6;55;38,10511777;;3,39;0,11;1;Simplex;9/2/1995, 0:00:00;;;;Propio;90;335421,355;4082657,0475;442;335422,355;4082657,047;442;0484659971LB368755353;0484658849LB368755355;;Andalucía;Andalucía;Ardales;Málaga;;No;;;;;;1;;870246,1359;4089126,2209;870247,1352;4089126,2833;-199909,4198;4109928,347;-199908,4163;4109928,2831;;;;;;
R1-112;'112.BTV.D100000532;;'112.LBT.D100000002;LP45 DEPÓSITO AGUA * Vano: 79-80;'79-80;No;;0,4;0,4;5,385071959999999;5,385;Fachada;Trifásico;;MANGUERA CU(4X10);10;111,8;77,45731211;;1,9500000000000002;0,11;1;Simplex;9/2/1995, 0:00:00;;;;Propio;90;335501,355;4082675,0464;446;335503,355;4082670,0465;446;0484570642LB368757114;0484568291LB368756667;;Andalucía;Andalucía;Ardales;Málaga;;No;;;;;;1;;870324,9531;4089149,2435;870327,2666;4089144,3727;-199827,9811;4109941,3334;-199826,2912;4109936,1881;;;;;;
R1-112;'112.BTV.6307224664;;'112.LBT.6307224615;LP94 CALLE CERRILLO, CALLE CASTAÑA Vano: 6-7;'6-7;No;;0,4;0,42;4,53751573;4,5;Subterránea;Trifásico;;RV 3X240 /150;240;410;284,05633244;;0,075;0,08;1;Simplex;29/10/2020, 0:00:00;;;;Propio;0;335572,52;4082647,1587;476;335569,427;4082650,4826;476;0484490227LB368754726;0484493768LB368755020;;Andalucía;Andalucía;Ardales;Málaga;;No;;;;112.ARQ.SG000556430;;1;;870397,829;4089125,8522;870394,5287;4089128,9794;-199758,3234;4109908,8244;-199761,2168;4109912,357;;;;;;
R1-112;'112.BTV.D100000252;;'112.LBT.D200000129;LP36 CANTARRA,PRADO, AND NAVARRE * V: 153-158;'153-158;No;;0,4;0,4;4,8437761;4,84382814;Fachada;Trifásico;;RZ 3X95 AL /54.6;95;230;159,3486743;;0,193;0,09000000000000001;1;Simplex;9/2/1995, 0:00:00;;;16/12/2025, 1:00:00;Propio;100;335687,355;4082829,0443;432;335683,1411;4082831,4321;432;0484365381LB368771313;0484370159LB368771521;;Andalucía;Andalucía;Ardales;Málaga;;No;;;;;;1;;870501,145;4089314,8523;870496,7834;4089316,9734;-199631,5159;4110084,0919;-199635,5938;4110086,7562;;;;;;
R1-112;'112.BTV.D100000318;;'112.LBT.D200000129;LP36 CANTARRA,PRADO, AND NAVARRE * V: 223-224;'223-224;No;;0,4;0,4;2,23606798;2,236;Fachada;Trifásico;;MANGUERA CU(4X6);6;83,8;58,05834307;;3,39;0,11;1;Simplex;9/2/1995, 0:00:00;;;;Propio;100;335598,355;4082827,0447;440;335600,355;4082826,0449;440;0484465152LB368770978;0484462887LB368770892;;Andalucía;Andalucía;Ardales;Málaga;;No;;;;;;1;;870412,3261;4089307,2523;870414,3878;4089306,379;-199720,972;4110087,7356;-199719,0281;4110086,6051;;;;;;
R1-112;'112.BTV.D100000189;;'112.LBT.D200000129;LP36 CANTARRA,PRADO, AND NAVARRE * V: 120-121;'120-121;No;;0,4;0,4;5;5;Fachada;Monofásico;;MANGUERA CU(2X4);4;43,2;29,92983795;;5,09;0,12000000000000001;1;Simplex;9/2/1995, 0:00:00;;;;Propio;100;335611,356;4082904,0459;420;335615,356;4082901,0463;420;0484452240LB368777939;0484447689LB368777675;;Andalucía;Andalucía;Ardales;Málaga;;No;;;;112.APO.SG000399966;;1;;870420,4725;4089385,0239;870424,6588;4089382,2779;-199703,0341;4110164,1962;-199699,2097;4110160,9315;;;;;;
R1-112;'112.BTV.D100000165;;'112.LBT.D200000129;LP36 CANTARRA,PRADO, AND NAVARRE * V: 107-108;'107-108;No;;0,4;0,4;2,82842712;2,8280000000000003;Fachada;Trifásico;;MANGUERA CU(4X16);16;146,1;101,22104919;;1,22;0,11;1;Simplex;9/2/1995, 0:00:00;;;;Propio;100;335631,356;4082896,0456;419;335629,356;4082898,0454;419;0484429637LB368777253;0484431923LB368777429;;Andalucía;Andalucía;Ardales;Málaga;;No;;;;;;1;;870440,9636;4089378,2874;870438,839;4089380,1601;-199683,4681;4110154,8965;-199685,3485;4110157,0307;;;;;;
R1-112;'112.BTV.D100000352;;'112.LBT.D100000001;LP44 DEPÓSITO AGUA * Vano: 1-AC1;'CT-1;No;;0,4;0,4;11,435542009999999;18,815;Subterránea;Trifásico;;RV 4X16 AL;16;65;45,033320999999994;;1,15;0,10500000000000001;1;Simplex;9/2/1995, 0:00:00;;;;Propio;100;335591,607;4082576,6183;471;335586,918;4082587,0453;471;0484468706CB368748439;0484472777LB368749334;;Andalucía;Andalucía;Ardales;Málaga;;No;;;;;;1;;870421,3438;4089056,557;870416,0015;4089066,6824;-199743,6441;4109836,8113;-199747,6885;4109847,5746;;;;;;
R1-112;'112.BTV.D100000800;;'112.LBT.D100000002;LP45 DEPÓSITO AGUA * Vano: 60-AC1;'60-AC1;Sí;112-02804043;0,4;0,4;1,00000001;1;Fachada;Monofásico;;MANGUERA (2X6);6;55;38,10511777;;3,39;0,11;1;Simplex;9/2/1995, 0:00:00;;;;Propio;90;335552,355;4082684,0448;456;335553,355;4082684,0455;456;0484513641LB368758014;0484512520LB368758016;;Andalucía;Andalucía;Ardales;Málaga;;No;;;;;;1;;870375,355;4089161,4462;870376,3544;4089161,5098;-199776,2211;4109947,1273;-199775,2174;4109947,0644;;;;;;
R1-112;'112.BTV.D100000635;;'112.LBT.D100000002;LP45 DEPÓSITO AGUA * Vano: 137-AC1;'137-AC1;Sí;112-02804100;0,4;0,4;1;1;Fachada;Monofásico;;MANGUERA CU(2X4);4;43,2;29,92983795;;5,09;0,12000000000000001;1;Simplex;9/2/1995, 0:00:00;;;;Propio;90;335515,355;4082790,0474;438;335515,355;4082789,0474;438;0484557435LB368767500;0484557414LB368767410;;Andalucía;Andalucía;Ardales;Málaga;;No;;;;;;1;;870331,7064;4089265,054;870331,7694;4089264,0546;-199806,628;4110055,8711;-199806,6915;4110054,8674;;;;;;
R1-112;'112.BTV.D100000247;;'112.LBT.D200000129;LP36 CANTARRA,PRADO, AND NAVARRE * V: 150-153;'150-153;No;;0,4;0,4;4,24264069;4,243;Fachada;Trifásico;;MANGUERA CU(4X10);10;111,8;77,45731211;;1,9500000000000002;0,11;1;Simplex;9/2/1995, 0:00:00;;;;Propio;100;335690,355;4082826,044;438;335687,355;4082829,0443;438;0484361951LB368771048;0484365381LB368771313;;Andalucía;Andalucía;Ardales;Málaga;;No;;;;;;1;;870504,3319;4089312,0427;870501,145;4089314,8523;-199628,6953;4110080,8901;-199631,5159;4110084,0919;;;;;;
R1-112;'112.BTV.D100000353;;'112.LBT.D100000002;LP45 DEPÓSITO AGUA * Vano: CT-1;'CT-1;No;;0,4;0,4;8,282676200000001;7,071;Subterránea;Trifásico;;RV 4X150 AL;150;240;166,27687753;;0,124;0,085;1;Simplex;9/2/1995, 0:00:00;;;;Propio;90;335591,089;4082575,7926;471;335590,354;4082584,0433;471;0484468706CB368748439;0484468858LB368749070;;Andalucía;Andalucía;Ardales;Málaga;;No;;;;;112.ARQ.SG000556444;1;;870420,878;4089055,6992;870419,6242;4089063,8984;-199744,2165;4109836,0154;-199744,4304;4109844,3433;;;;;;
R1-112;'112.BTV.D100000664;;'112.LBT.D100000002;LP45 DEPÓSITO AGUA * Vano: 154-155;'154-155;No;;0,4;0,4;5,82581325;12,45;Aérea;Trifásico;;MANGUERA CU(4X10);10;111,8;77,45731211;;1,9500000000000002;0,11;1;Simplex;9/2/1995, 0:00:00;;;;Propio;90;335585,355;4082810,045;451;335590,355;4082807,0449;451;0484479363LB368769424;0484473691LB368769162;;Andalucía;Andalucía;Ardales;Málaga;;No;;;;;112.APO.SG000399949;1;;870400,4041;4089289,4449;870405,5899;4089286,7614;-199735,0994;4110071,4984;-199730,2714;4110068,1697;;;;;;
R1-112;'112.BTV.D100000488;;'112.LBT.D200000129;LP36 CANTARRA,PRADO, AND NAVARRE * V: 215-AC1;'215-AC1;Sí;112-02802181;0,4;0,4;1,41421356;1,4140000000000001;Fachada;Monofásico;;MANGUERA (2X6);6;55;38,10511777;;3,39;0,11;1;Simplex;9/2/1995, 0:00:00;;;;Propio;100;335605,355;4082827,0448;440;335606,355;4082828,0455;440;0484457302LB368770990;0484456202LB368771082;;Andalucía;Andalucía;Ardales;Málaga;;No;;;;;;1;;870419,3217;4089307,693;870420,2582;4089308,756;-199713,9462;4110087,2913;-199712,8789;4110088,2321;;;;;;
R1-112;'112.BTV.D100000583;;'112.LBT.D100000002;LP45 DEPÓSITO AGUA * Vano: 106-107;'106-107;No;;0,4;0,4;4,47213595;4,472;Fachada;Trifásico;;MANGUERA CU(4X10);10;111,8;77,45731211;;1,9500000000000002;0,11;1;Simplex;9/2/1995, 0:00:00;;;;Propio;90;335470,355;4082742,0471;435;335468,355;4082746,047;435;0484606862LB368763097;0484609192LB368763454;;Andalucía;Andalucía;Ardales;Málaga;;No;;;;;;1;;870289,7556;4089214,2514;870287,505;4089218,1229;-199854,842;4110010,5502;-199856,5955;4110014,6919;;;;;;
R1-112;'112.BTV.D100000550;;'112.LBT.D100000002;LP45 DEPÓSITO AGUA * Vano: 89-AC1;'89-AC1;Sí;112-02804064;0,4;0,4;1;6,083;Fachada;Monofásico;;MANGUERA CU(2X4);4;43,2;29,92983795;;5,09;0,12000000000000001;1;Simplex;9/2/1995, 0:00:00;;;;Propio;90;335498,355;4082693,0457;445;335499,355;4082693,0463;445;0484574397LB368758731;0484573276LB368758733;;Andalucía;Andalucía;Ardales;Málaga;;No;;;;;;1;;870320,8222;4089167,0428;870321,8216;4089167,1064;-199829,8494;4109959,5898;-199828,8457;4109959,527;;;;;;
R1-112;'112.BTV.D100000252_1;;'112.LBT.D200000129;LP03 NAVARRETE Y ½ CANTARRANA-PRADO 153-158;'153-158;No;;0,4;0,4;29,64055839;29,6404828;Fachada;Trifásico;;RZ 3X95 AL /54.6;95;230;159,3486743;;0,193;0,09000000000000001;1;Simplex;9/2/1995, 0:00:00;;;16/12/2025, 1:00:00;Propio;100;335683,1411;4082831,4321;432;335657,355;4082846,0446;432;0484370159LB368771521;0484399395LB368772793;;Andalucía;Andalucía;Ardales;Málaga;;No;;;;;;1;NO_IDENTIFICADOR;870496,7834;4089316,9734;870470,0936;4089329,9538;-199635,5938;4110086,7562;-199660,5475;4110103,0598;;;;;;
R1-112;'112.BTV.D100000336;;'112.LBT.D200000129;LP36 CANTARRA,PRADO, AND NAVARRE * V: 213-242;'213-242;No;;0,4;0,4;139,12073824;18,193;Fachada;Trifásico;;MANGUERA CU(4X10);10;111,8;77,45731211;;1,9500000000000002;0,11;1;Simplex;9/2/1995, 0:00:00;;;;Propio;100;335665,887;4082784,2034;431;335549,386;4082860,2401;431;0484388486LB368767236;0484520791LB368773884;;Andalucía;Andalucía;Ardales;Málaga;;No;;;;;;3;;870482,5126;4089268,6881;870361,2983;4089337,3449;-199655,9102;4110040,4483;-199768,0145;4110124,1629;;;;;;
R1-112;'112.BTV.D100000062;;'112.LBT.D200000129;LP36 CANTARRA,PRADO, AND NAVARRE * V: 53-54;'53-54;No;;0,4;0,4;12,20649827;13,191;Subterránea;Monofásico;;MANGUERA CU(2X10);10;135,9;94,1542819;;1,9500000000000002;0,11;1;Simplex;9/2/1995, 0:00:00;;;;Propio;100;335791,355;4082790,0413;421;335801,355;4082783,0413;421;0484247899LB368767980;0484236533LB368767367;;Andalucía;Andalucía;Ardales;Málaga;;No;;;;112.ARQ.SG000556582;112.ARQ.SG000556587;1;;870607,5352;4089282,4193;870617,9697;4089276,053;-199529,6078;4110038,3419;-199520,0152;4110030,6811;;;;;;
R1-112;'112.BTV.D100000714;;'112.LBT.D100000002;LP45 DEPÓSITO AGUA * Vano: 178-184;'178-184;No;;0,4;0,4;2,23606798;2,236;Fachada;Trifásico;;MANGUERA CU(4X10);10;111,8;77,45731211;;1,9500000000000002;0,11;1;Simplex;9/2/1995, 0:00:00;;;;Propio;90;335415,355;4082679,0473;438;335416,355;4082677,0468;438;0484667177LB368757325;0484666012LB368757146;;Andalucía;Andalucía;Ardales;Málaga;;No;;;;;;1;;870238,755;4089147,8293;870239,8803;4089145,8929;-199914,0453;4109950,8091;-199913,1686;4109948,7377;;;;;;
R1-112;'112.BTV.6307224616;;'112.LBT.6307224615;LP94 CALLE CERRILLO, CALLE CASTAÑA Vano: CT-1;'CT-1;No;;0,4;0,42;5,30792087;5,33;Subterránea;Trifásico;;RV 3X240 /150;240;410;284,05633244;;0,075;0,08;1;Simplex;29/10/2020, 0:00:00;;;;Propio;0;335592,616;4082575,8008;476;335593,398;4082570,5537;476;0484468706CB368748439;0484465152LB368747860;;Andalucía;Andalucía;Ardales;Málaga;;No;;;;;;1;;870422,4036;4089055,8035;870423,5154;4089050,6089;-199742,6833;4109835,9267;-199742,2315;4109830,6106;;;;;;
R1-112;'112.BTV.D100000090;;'112.LBT.D200000129;LP36 CANTARRA,PRADO, AND NAVARRE * V: 71-AC1;'71-AC1;Sí;112-02802051;0,4;0,4;1;1;Fachada;Monofásico;;MANGUERA (2X2.5);2,5;31,7;21,962404239999998;;8,21;0,12000000000000001;1;Simplex;9/2/1995, 0:00:00;;;;Propio;100;335690,355;4082859,0442;424;335690,355;4082860,0442;424;0484362666LB368774021;0484362688LB368774112;;Andalucía;Andalucía;Ardales;Málaga;;No;;;;;;1;;870502,2549;4089345,0224;870502,192;4089346,0218;-199626,6001;4110114,0124;-199626,5366;4110115,0161;;;;;;
R1-112;'112.BTV.D100000796;;'112.LBT.D100000002;LP45 DEPÓSITO AGUA * Vano: 54-AC1;'54-AC1;Sí;112-02804039;0,4;0,4;1,41421356;1,4140000000000001;Fachada;Monofásico;;MANGUERA (2X6);6;55;38,10511777;;3,39;0,11;1;Simplex;9/2/1995, 0:00:00;;;;Propio;90;335534,355;4082713,0457;450;335533,355;4082712,0461;450;0484534457LB368760595;0484535557LB368760504;;Andalucía;Andalucía;Ardales;Málaga;;No;;;;;;1;;870355,541;4089189,2961;870354,6045;4089188,2342;-199792,4465;4109977,3782;-199793,5137;4109976,4384;;;;;;
R1-112;'112.BTV.D100000558;;'112.LBT.D100000002;LP45 DEPÓSITO AGUA * Vano: 93-AC1;'93-AC1;Sí;112-02804068;0,4;0,4;1,00000001;1;Fachada;Monofásico;;MANGUERA CU(2X4);4;43,2;29,92983795;;5,09;0,12000000000000001;1;Simplex;9/2/1995, 0:00:00;;;;Propio;90;335496,355;4082687,0466;439;335495,355;4082687,046;439;0484576510LB368758187;0484577631LB368758185;;Andalucía;Andalucía;Ardales;Málaga;;No;;;;;;1;;870319,201;4089160,9216;870318,2016;4089160,858;-199832,2377;4109953,6955;-199833,2415;4109953,7583;;;;;;
R1-112;'112.BTV.D100000744;;'112.LBT.D100000002;LP45 DEPÓSITO AGUA * Vano: 198-AC1;'198-AC1;Sí;112-02804148;0,4;0,4;2;2;Fachada;Monofásico;;MANGUERA (2X6);6;55;38,10511777;;3,39;0,11;1;Simplex;9/2/1995, 0:00:00;;;;Propio;90;335404,355;4082710,0484;432;335406,355;4082710,0485;432;0484680186LB368760099;0484677943LB368760102;;Andalucía;Andalucía;Ardales;Málaga;;No;;;;;;1;;870225,8108;4089178,1187;870227,8095;4089178,2447;-199923,1178;4109982,6233;-199921,1104;4109982,4965;;;;;;
R1-112;'112.BTV.D100000783;;'112.LBT.D100000002;LP45 DEPÓSITO AGUA * Vano: 39-AC1;'39-AC1;Sí;112-02804026;0,4;0,4;1;1;Fachada;Monofásico;;MANGUERA (2X6);6;55;38,10511777;;3,39;0,11;1;Simplex;9/2/1995, 0:00:00;;;;Propio;90;335562,354;4082659,0445;457;335561,354;4082659,0438;457;0484501886LB368755779;0484503007LB368755777;;Andalucía;Andalucía;Ardales;Málaga;;No;;;;;;1;;870386,9213;4089137,0908;870385,9219;4089137,0272;-199767,7724;4109921,3996;-199768,7761;4109921,4625;;;;;;
R1-112;'112.BTV.D100000291;;'112.LBT.D200000129;LP36 CANTARRA,PRADO, AND NAVARRE * V: 196-197;'196-197;No;;0,4;0,4;1,2656524;1;Fachada;Trifásico;;MANGUERA CU(4X10);10;111,8;77,45731211;;1,9500000000000002;0,11;1;Simplex;9/2/1995, 0:00:00;;;;Propio;100;335663,729;4082781,9365;457;335664,355;4082783,0443;457;0484390857LB368767028;0484390179LB368767129;;Andalucía;Andalucía;Ardales;Málaga;;No;;;;;;1;;870480,4986;4089266,2868;870481,0545;4089267,4333;-199658,2202;4110038,31;-199657,5215;4110039,3821;;;;;;
R1-112;'112.BTV.D100000608;;'112.LBT.D100000002;LP45 DEPÓSITO AGUA * Vano: 121-122;'121-122;No;;0,4;0,4;8,06230736;8,062;Fachada;Monofásico;;MANGUERA CU(2X4);4;43,2;29,92983795;;5,09;0,12000000000000001;1;Simplex;9/2/1995, 0:00:00;;;;Propio;90;335492,355;4082781,047;439;335485,355;4082777,0469;439;0484583035LB368766649;0484590798LB368766277;;Andalucía;Andalucía;Ardales;Málaga;;No;;;;;;1;;870309,2872;4089254,6116;870302,5433;4089250,1735;-199830,2845;4110048,2977;-199837,5644;4110044,7272;;;;;;
R1-112;'112.BTV.D100000713;;'112.LBT.D100000002;LP45 DEPÓSITO AGUA * Vano: 183-AC1;'183-AC1;Sí;112-02804132;0,4;0,4;1;1;Fachada;Monofásico;;MANGUERA CU(2X6);6;114,3;'79,18936292000001;;3,39;0,11;1;Simplex;9/2/1995, 0:00:00;;;;Propio;90;335477,355;4082717,0469;440;335477,355;4082718,0469;440;0484598469LB368760857;0484598491LB368760947;;Andalucía;Andalucía;Ardales;Málaga;;No;;;;;;1;;870298,3246;4089189,7074;870298,2618;4089190,7068;-199849,4034;4109985,0131;-199849,3398;4109986,0168;;;;;;
R1-112;'112.BTV.D100000365;;'112.LBT.D100000002;LP45 DEPÓSITO AGUA * Vano: 12-13;'12-13;No;;0,4;0,4;5,83090045;5,831;Aérea;Trifásico;;MANGUERA CU(4X6);6;83,8;58,05834307;;3,39;0,11;1;Simplex;9/2/1995, 0:00:00;;;;Propio;90;335511,354;4082649,0448;449;335516,354;4082652,0447;449;0484558865LB368754789;0484553322LB368755068;;Andalucía;Andalucía;Ardales;Málaga;;No;;;;;112.APO.SG000399861;1;;870336,5824;4089123,8875;870341,3905;4089127,2002;-199819,5959;4109914,6008;-199814,387;4109917,2944;;;;;;
R1-112;'112.BTV.D100000427;;'112.LBT.D100000002;LP45 DEPÓSITO AGUA * Vano: 70-71;'70-71;No;;0,4;0,4;5;7,071;Aérea;Trifásico;;MANGUERA CU(4X6);6;83,8;58,05834307;;3,39;0,11;1;Simplex;9/2/1995, 0:00:00;;;;Propio;90;335499,355;4082722,0466;440;335495,355;4082725,0463;440;0484573905LB368761345;0484578456LB368761609;;Andalucía;Andalucía;Ardales;Málaga;;No;;;;;112.APO.SG000399833;1;;870319,9963;4089196,0886;870315,81;4089198,8346;-199827,0045;4109988,6345;-199830,8289;4109991,8992;;;;;;
R1-112;'112.BTV.XX00000003;;'112.LBT.D200000129;LP36 CANTARRA,PRADO, AND NAVARRE * V: 259-260;'259-260;No;;0,4;0,4;8,60232527;8,66;Subterránea;Trifásico;;RV 3X50 /50;50;155;107,38715007;;0,387;0,1;1;Simplex;9/2/1995, 0:00:00;;;;Propio;0;335801,355;4082783,0413;422;335806,355;4082790,0414;422;0484236533LB368767367;0484231077LB368768006;;Andalucía;Andalucía;Ardales;Málaga;;No;;;;112.ARQ.SG000556587;112.ARQ.SG000556591;1;;870617,9697;4089276,053;870622,526;4089283,3635;-199520,0152;4110030,6811;-199514,5522;4110037,3896;;;;;;
R1-112;'112.BTV.D100000414;;'112.LBT.D100000002;LP45 DEPÓSITO AGUA * Vano: 57-58;'57-58;No;;0,4;0,4;8,06225775;8,062;Fachada;Trifásico;;MANGUERA CU(4X6);6;83,8;58,05834307;;3,39;0,11;1;Simplex;9/2/1995, 0:00:00;;;;Propio;90;335544,355;4082700,0453;451;335548,355;4082693,0445;451;0484522960LB368759442;0484518322LB368758818;;Andalucía;Andalucía;Ardales;Málaga;;No;;;;;;1;;870366,353;4089176,9333;870370,7911;4089170,1886;-199783,2349;4109963,6949;-199779,6646;4109956,4142;;;;;;
R1-112;'112.BTV.D100000570;;'112.LBT.D100000002;LP45 DEPÓSITO AGUA * Vano: 99-100;'99-100;No;;0,4;0,4;4,4722254;4,472;Fachada;Trifásico;;MANGUERA CU(4X10);10;111,8;77,45731211;;1,9500000000000002;0,11;1;Simplex;9/2/1995, 0:00:00;;;;Propio;90;335495,355;4082701,0461;439;335493,355;4082705,0459;439;0484577935LB368759446;0484580265LB368759803;;Andalucía;Andalucía;Ardales;Málaga;;No;;;;112.APO.SG000399796;;1;;870317,3205;4089174,8494;870315,0701;4089178,7209;-199832,3526;4109967,8102;-199834,106;4109971,9519;;;;;;
R1-112;'112.BTV.D100000588;;'112.LBT.D100000002;LP45 DEPÓSITO AGUA * Vano: 109-AC1;'109-AC1;Sí;112-02804081;0,4;0,4;1;1;Fachada;Monofásico;;MANGUERA CU(2X4);4;43,2;29,92983795;;5,09;0,12000000000000001;1;Simplex;9/2/1995, 0:00:00;;;;Propio;90;335465,355;4082755,0474;435;335464,355;4082755,0467;435;0484612751LB368764260;0484613873LB368764258;;Andalucía;Andalucía;Ardales;Málaga;;No;;;;;;1;;870283,9405;4089226,9288;870282,9411;4089226,8653;-199859,0351;4110023,916;-199860,0389;4110023,9789;;;;;;
R1-112;'112.BTV.D100000626;;'112.LBT.D100000002;LP45 DEPÓSITO AGUA * Vano: 131-AC1;'131-AC1;Sí;112-02804097;0,4;0,4;1,00000001;1;Fachada;Trifásico;;MANGUERA CU(4X10);10;111,8;77,45731211;;1,9500000000000002;0,11;1;Simplex;9/2/1995, 0:00:00;;;;Propio;90;335510,355;4082763,0462;443;335509,3551;4082763,0466;443;0484562457LB368765059;0484563579LB368765057;;Andalucía;Andalucía;Ardales;Málaga;;No;;;;;;1;;870328,409;4089237,7549;870327,4096;4089237,6925;-199813,3608;4110029,0874;-199814,3644;4110029,1514;;;;;;
R1-112;'112.BTV.D100000195;;'112.LBT.D200000129;LP36 CANTARRA,PRADO, AND NAVARRE * V: 120-124;'120-124;No;;0,4;0,4;4,47213595;4,472;Fachada;Monofásico;;MANGUERA CU(2X6);6;114,3;'79,18936292000001;;3,39;0,11;1;Simplex;9/2/1995, 0:00:00;;;;Propio;100;335611,356;4082904,0459;420;335607,356;4082906,0456;420;0484452240LB368777939;0484456770LB368778112;;Andalucía;Andalucía;Ardales;Málaga;;No;;;;112.APO.SG000399966;;1;;870420,4725;4089385,0239;870416,3492;4089386,7705;-199703,0341;4110164,1962;-199706,9219;4110166,4572;;;;;;
R1-112;'112.BTV.D100000591;;'112.LBT.D100000002;LP45 DEPÓSITO AGUA * Vano: 111-AC1;'111-AC1;Sí;112-02804082;0,4;0,4;1;1;Fachada;Monofásico;;MANGUERA CU(2X4);4;43,2;29,92983795;;5,09;0,12000000000000001;1;Simplex;9/2/1995, 0:00:00;;;;Propio;90;335475,355;4082744,047;441;335476,355;4082744,0476;441;0484601298LB368763286;0484600176LB368763288;;Andalucía;Andalucía;Ardales;Málaga;;No;;;;;;1;;870294,6266;4089216,5647;870295,6259;4089216,6283;-199849,6966;4110012,24;-199848,6928;4110012,1772;;;;;;
R1-112;'112.BTV.D200000305;;'112.LBT.D200000128;LP35 DEPÓSITO DE AGUA CT-1;'CT-1;No;;0,4;0,4;12,88534113;15,524000000000001;Subterránea;Trifásico;;RV 4X50 AL;50;120;83,13843876;;0,387;0,1;1;Simplex;9/2/1995, 0:00:00;;;;Propio;100;335591,588;4082575,8129;470;335592,884;4082562,9909;470;0484468706CB368748439;0484465565LB368747178;;Andalucía;Andalucía;Ardales;Málaga;;No;;;;;;2;;870421,3755;4089055,7509;870423,4777;4089043,0184;-199743,7144;4109836,0041;-199743,2276;4109823,0524;;;;;;
R1-112;'112.BTV.D100000194;;'112.LBT.D200000129;LP36 CANTARRA,PRADO, AND NAVARRE * V: 123-AC1;'123-AC1;Sí;112-02802103;0,4;0,4;1,41421356;1,4140000000000001;Fachada;Monofásico;;MANGUERA CU(2X4);4;43,2;29,92983795;;5,09;0,12000000000000001;1;Simplex;9/2/1995, 0:00:00;;;;Propio;100;335625,356;4082893,045;419;335624,356;4082892,0455;419;0484436301LB368776972;0484437400LB368776880;;Andalucía;Andalucía;Ardales;Málaga;;No;;;;;;1;;870435,1562;4089374,911;870434,2198;4089373,8491;-199689,6808;4110152,2657;-199690,7479;4110151,3259;;;;;;
R1-112;'112.BTV.D100000036;;'112.LBT.D200000129;LP36 CANTARRA,PRADO, AND NAVARRE * V: 40-AC1;'40-AC1;Sí;112-02802028;0,4;0,4;1,41421356;1,4140000000000001;Fachada;Trifásico;;MANGUERA CU(4X16);16;146,1;101,22104919;;1,22;0,11;1;Simplex;9/2/1995, 0:00:00;;;;Propio;100;335717,354;4082676,0421;443;335718,354;4082675,0416;443;0484328423LB368757580;0484327280LB368757492;;Andalucía;Andalucía;Ardales;Málaga;;No;;;;;;1;;870540,7552;4089163,8332;870541,8175;4089162,8963;-199611,1199;4109928,6194;-199610,1798;4109927,5518;;;;;;
R1-112;'112.BTV.D100000158;;'112.LBT.D200000129;LP36 CANTARRA,PRADO, AND NAVARRE * V: 104-AC1;'104-AC1;Sí;112-02802086;0,4;0,4;1,41421356;1,4140000000000001;Fachada;Monofásico;;MANGUERA (2X6);6;55;38,10511777;;3,39;0,11;1;Simplex;9/2/1995, 0:00:00;;;;Propio;100;335652,356;4082882,0449;424;335653,356;4082883,0455;424;0484405781LB368776028;0484404681LB368776120;;Andalucía;Andalucía;Ardales;Málaga;;No;;;;;;1;;870462,8318;4089365,6171;870463,7682;4089366,6801;-199663,2793;4110139,5106;-199662,212;4110140,4515;;;;;;
R1-112;'112.BTV.D100000253;;'112.LBT.D200000129;LP36 CANTARRA,PRADO, AND NAVARRE * V: 158-159;'158-159;No;;0,4;0,4;6,40312424;6,4030000000000005;Aérea;Trifásico;;RZ 4X50 AL;50;150;103,92304845;;0,387;0,1;1;Simplex;9/2/1995, 0:00:00;;;;Propio;100;335657,355;4082846,0446;432;335652,355;4082842,0446;432;0484399395LB368772793;0484404916LB368772424;;Andalucía;Andalucía;Ardales;Málaga;;No;;;;;112.APO.SG000399999;1;;870470,0936;4089329,9538;870465,3485;4089325,6416;-199660,5475;4110103,0598;-199665,8199;4110099,3625;;;;;;
R1-112;'112.BTV.D100000643;;'112.LBT.D100000002;LP45 DEPÓSITO AGUA * Vano: 142-143;'142-143;No;;0,4;0,4;1;1;Fachada;Trifásico;;MANGUERA CU(4X16);16;146,1;101,22104919;;1,22;0,11;1;Simplex;9/2/1995, 0:00:00;;;;Propio;90;335537,355;4082798,046;442;335538,355;4082798,0456;442;0484532936LB368768259;0484531814LB368768261;;Andalucía;Andalucía;Ardales;Málaga;;No;;;;;;1;;870353,1893;4089274,4323;870354,1887;4089274,4948;-199784,0388;4110062,5026;-199783,0351;4110062,4386;;;;;;
R1-112;'112.BTV.D100000468;;'112.LBT.D200000129;LP36 CANTARRA,PRADO, AND NAVARRE * V: 190-AC1;'190-AC1;Sí;112-02802161;0,4;0,4;1,4142842700000002;1,4140000000000001;Fachada;Monofásico;;MANGUERA (2X6);6;55;38,10511777;;3,39;0,11;1;Simplex;9/2/1995, 0:00:00;;;;Propio;100;335566,356;4082879,0465;425;335565,356;4082878,0458;425;0484502167LB368775608;0484503267LB368775516;;Andalucía;Andalucía;Ardales;Málaga;;No;;;;;;1;;870377,074;4089357,2077;870376,1376;4089356,1447;-199749,7878;4110141,9614;-199750,855;4110141,0205;;;;;;
R1-112;'112.BTV.D100000047;;'112.LBT.D200000129;LP36 CANTARRA,PRADO, AND NAVARRE * V: 45-46;'45-46;No;;0,4;0,4;6,40312424;6,4030000000000005;Subterránea;Monofásico;;RV 2X50 AL;50;125;86,60254038000001;;0,524;0,10500000000000001;1;Simplex;9/2/1995, 0:00:00;;;;Propio;100;335773,355;4082794,0425;431;335769,355;4082789,042;431;0484268173LB368768309;0484272551LB368767852;;Andalucía;Andalucía;Ardales;Málaga;;No;;;;112.ARQ.SG000556570;112.ARQ.SG000556566;1;;870589,2946;4089285,2851;870585,6118;4089280,0359;-199547,4202;4110043,5007;-199551,7525;4110038,7357;;;;;;
R1-112;'112.BTV.D100000170;;'112.LBT.D200000129;LP36 CANTARRA,PRADO, AND NAVARRE * V: 110-AC1;'110-AC1;Sí;112-02802092;0,4;0,4;1,41421356;1,4140000000000001;Fachada;Monofásico;;MANGUERA (2X2.5);2,5;31,7;21,962404239999998;;8,21;0,12000000000000001;1;Simplex;9/2/1995, 0:00:00;;;;Propio;100;335617,356;4082906,0465;420;335618,356;4082907,0461;420;0484445555LB368778129;0484444455LB368778221;;Andalucía;Andalucía;Ardales;Málaga;;No;;;;;;1;;870426,3429;4089387,4009;870427,2793;4089388,4628;-199696,8848;4110165,8232;-199695,8177;4110166,763;;;;;;
R1-112;'112.BTV.D100000138;;'112.LBT.D200000129;LP36 CANTARRA,PRADO, AND NAVARRE * V: 93-94;'93-94;No;;0,4;0,4;5,8361031500000005;5,831;Fachada;Trifásico;;MANGUERA CU(4X10);10;111,8;77,45731211;;1,9500000000000002;0,11;1;Simplex;9/2/1995, 0:00:00;;;;Propio;100;335643,356;4082880,0456;426;335638,356;4082883,0446;426;0484415832LB368775832;0484421504LB368776093;;Andalucía;Andalucía;Ardales;Málaga;;No;;;;;;1;;870453,9632;4089363,0526;870448,7776;4089365,735;-199672,4395;4110138,0754;-199677,2676;4110141,4029;;;;;;
R1-112;'112.BTV.D100000180;;'112.LBT.D200000129;LP36 CANTARRA,PRADO, AND NAVARRE * V: 115-AC1;'115-AC1;Sí;112-02802097;0,4;0,4;1,41414285;1,4140000000000001;Fachada;Monofásico;;MANGUERA (2X2.5);2,5;31,7;21,962404239999998;;8,21;0,12000000000000001;1;Simplex;9/2/1995, 0:00:00;;;;Propio;100;335603,356;4082919,0464;415;335604,356;4082920,0459;415;0484461538LB368779276;0484460438LB368779368;;Andalucía;Andalucía;Ardales;Málaga;;No;;;;;;1;;870411,5334;4089399,5115;870412,4698;4089400,5734;-199710,1112;4110179,7601;-199709,0441;4110180,6998;;;;;;
R1-112;'112.BTV.D100000068;;'112.LBT.D200000129;LP36 CANTARRA,PRADO, AND NAVARRE * V: 58-59;'58-59;No;;0,4;0,4;2,23606798;2,236;Subterránea;Trifásico;;RV 3X240 AL /150;240;320;221,70250337;;0,125;0,08;1;Simplex;9/2/1995, 0:00:00;;;;Propio;100;335741,355;4082849,0436;428;335740,355;4082847,043;428;0484305252LB368773209;0484306331LB368773027;;Andalucía;Andalucía;Ardales;Málaga;;No;;;;112.ARQ.SG000556538;112.ARQ.SG000556537;1;;870553,8527;4089338,238;870552,9792;4089336,1757;-199576,0465;4110100,7368;-199577,1772;4110098,7922;;;;;;
R1-112;'112.BTV.D100000459;;'112.LBT.D200000129;LP36 CANTARRA,PRADO, AND NAVARRE * V: 179-AC2;'179-AC2;Sí;112-02802152;0,4;0,4;1,41421356;1,4140000000000001;Fachada;Monofásico;;MANGUERA (2X6);6;55;38,10511777;;3,39;0,11;1;Simplex;9/2/1995, 0:00:00;;;;Propio;100;335605,356;4082874,0462;426;335604,356;4082875,0456;426;0484458319LB368775225;0484459462LB368775313;;Andalucía;Andalucía;Ardales;Málaga;;No;;;;;;1;;870416,3645;4089354,6652;870415,3022;4089355,601;-199710,961;4110134,4665;-199711,9012;4110135,533;;;;;;
R1-112;'112.BTV.D100000394;;'112.LBT.D100000002;LP45 DEPÓSITO AGUA * Vano: 37-38;'37-38;No;;0,4;0,4;1,0001;1;Fachada;Monofásico;;MANGUERA CU(2X6);6;114,3;'79,18936292000001;;3,39;0,11;1;Simplex;9/2/1995, 0:00:00;;;;Propio;90;335566,354;4082654,0437;459;335566,354;4082655,0437;459;0484497291LB368755335;0484497313LB368755425;;Andalucía;Andalucía;Ardales;Málaga;;No;;;;;;1;;870391,2336;4089132,3448;870391,1706;4089133,3442;-199764,075;4109916,1264;-199764,0115;4109917,1301;;;;;;
R1-112;'112.BTV.D100000037;;'112.LBT.D200000129;LP36 CANTARRA,PRADO, AND NAVARRE * V: 38-41;'38-41;No;;0,4;0,4;9,99994;10,77;Fachada;Trifásico;;MANGUERA CU(4X16);16;146,1;101,22104919;;1,22;0,11;1;Simplex;9/2/1995, 0:00:00;;;;Propio;100;335719,354;4082696,0424;439;335727,354;4082690,0422;439;0484326613LB368759386;0484317511LB368758859;;Andalucía;Andalucía;Ardales;Málaga;;No;;;;112.APO.SG000400045;;1;;870541,4952;4089183,947;870549,8679;4089178,454;-199607,8427;4109948,5668;-199600,1941;4109942,0364;;;;;;
R1-112;'112.BTV.D100000359;;'112.LBT.D100000002;LP45 DEPÓSITO AGUA * Vano: 4-7;'4-7;No;;0,4;0,4;1,41421356;1,4140000000000001;Fachada;Trifásico;;MANGUERA CU(4X6);6;83,8;58,05834307;;3,39;0,11;1;Simplex;9/2/1995, 0:00:00;;;;Propio;90;335528,354;4082620,0455;457;335527,354;4082621,0449;457;0484539171LB368752206;0484540314LB368752294;;Andalucía;Andalucía;Ardales;Málaga;;No;;;;112.APO.SG000399871;;1;;870355,3969;4089095,9762;870354,3347;4089096,912;-199804,3741;4109884,415;-199805,3143;4109885,4815;;;;;;
R1-112;'112.BTV.D100000328;;'112.LBT.D200000129;LP36 CANTARRA,PRADO, AND NAVARRE * V: 233-234;'233-234;No;;0,4;0,4;4,12310563;4,123;Fachada;Trifásico;;MANGUERA CU(4X10);10;111,8;77,45731211;;1,9500000000000002;0,11;1;Simplex;9/2/1995, 0:00:00;;;;Propio;100;335559,356;4082836,0461;431;335555,356;4082835,0457;431;0484509085LB368771721;0484513550LB368771624;;Andalucía;Andalucía;Ardales;Málaga;;No;;;;;;1;;870372,7848;4089313,7935;870368,8503;4089312,542;-199759,5438;4110099,2463;-199763,6221;4110098,4962;;;;;;
R1-112;'112.BTV.D100000311;;'112.LBT.D200000129;LP36 CANTARRA,PRADO, AND NAVARRE * V: 216-217;'216-217;No;;0,4;0,4;3,60549581;3,606;Fachada;Trifásico;;MANGUERA CU(4X10);10;111,8;77,45731211;;1,9500000000000002;0,11;1;Simplex;9/2/1995, 0:00:00;;;;Propio;100;335609,355;4082825,0452;440;335612,355;4082823,0449;440;0484452772LB368770817;0484449364LB368770642;;Andalucía;Andalucía;Ardales;Málaga;;No;;;;;;1;;870423,4451;4089305,9463;870426,5691;4089304,1361;-199710,0583;4110085,0303;-199707,1742;4110082,8321;;;;;;
R1-112;'112.BTV.D200000309;;'112.LBT.D200000129;LP36 CANTARRA,PRADO, AND NAVARRE * V: CT-1;'CT-1;No;;0,4;0,4;5,465454139999999;5;Subterránea;Trifásico;;RV 3X240 AL /150;240;320;221,70250337;;0,125;0,08;1;Simplex;9/2/1995, 0:00:00;;9/2/1995, 0:00:00;;Propio;100;335592,079;4082575,8012;470;335593,096;4082570,4286;470;0484468706CB368748439;0484465488LB368747848;;Andalucía;Andalucía;Ardales;Málaga;;No;;;;;;1;;870421,8669;4089055,7701;870423,2214;4089050,4648;-199743,2223;4109835,9612;-199742,5426;4109830,5041;;;;;;
R1-112;'112.BTV.D100000213;;'112.LBT.D200000129;LP36 CANTARRA,PRADO, AND NAVARRE * V: 134-AC1;'134-AC1;Sí;112-02802111;0,4;0,4;2,23606798;2,449;Fachada;Monofásico;;MANGUERA (2X2.5);2,5;31,7;21,962404239999998;;8,21;0,12000000000000001;1;Simplex;9/2/1995, 0:00:00;;;;Propio;100;335573,356;4082912,0468;415;335575,356;4082913,047;415;0484495032LB368778593;0484492810LB368778687;;Andalucía;Andalucía;Ardales;Málaga;;No;;;;;;1;;870381,9926;4089390,6281;870383,9284;4089391,7535;-199740,6667;4110174,6394;-199738,5957;4110175,5163;;;;;;
R1-112;'112.BTV.D100000101;;'112.LBT.D200000129;LP36 CANTARRA,PRADO, AND NAVARRE * V: 76-AC2;'76-AC2;Sí;112-02802057;0,4;0,4;2,2351736;2,236;Fachada;Monofásico;;MANGUERA (2X2.5);2,5;31,7;21,962404239999998;;8,21;0,12000000000000001;1;Simplex;9/2/1995, 0:00:00;;;;Propio;100;335667,3549;4082874,0436;424;335665,356;4082875,0445;424;0484388786LB368775333;0484391050LB368775420;;Andalucía;Andalucía;Ardales;Málaga;;No;;;;;;1;;870478,325;4089358,5648;870476,2644;4089359,4393;-199648,7329;4110130,5275;-199650,6757;4110131,659;;;;;;
R1-112;'112.BTV.D100000743;;'112.LBT.D100000002;LP45 DEPÓSITO AGUA * Vano: 197-198;'197-198;No;;0,4;0,4;3,16227766;3,742;Fachada;Trifásico;;MANGUERA CU(4X10);10;111,8;77,45731211;;1,9500000000000002;0,11;1;Simplex;9/2/1995, 0:00:00;;;;Propio;90;335405,355;4082707,0479;432;335404,355;4082710,0484;432;0484679000LB368759830;0484680186LB368760099;;Andalucía;Andalucía;Ardales;Málaga;;No;;;;;;1;;870226,999;4089175,183;870225,8108;4089178,1187;-199922,3046;4109979,5482;-199923,1178;4109982,6233;;;;;;
R1-112;'112.BTV.D100000746;;'112.LBT.D100000002;LP45 DEPÓSITO AGUA * Vano: 199-200;'199-200;No;;0,4;0,4;2,82842712;2,8280000000000003;Fachada;Trifásico;;MANGUERA CU(4X10);10;111,8;77,45731211;;1,9500000000000002;0,11;1;Simplex;9/2/1995, 0:00:00;;;;Propio;90;335403,355;4082723,0478;432;335405,355;4082725,048;432;0484681590LB368761268;0484679390LB368761452;;Andalucía;Andalucía;Ardales;Málaga;;No;;;;;;1;;870223,9932;4089191,0471;870225,8661;4089193,1719;-199923,2962;4109995,7344;-199921,1618;4109997,615;;;;;;
R1-112;'112.BTV.D100000344;;'112.LBT.D200000129;LP36 CANTARRA,PRADO, AND NAVARRE * V: 249-250;'249-250;No;;0,4;0,4;1,41421356;1,4140000000000001;Fachada;Trifásico;;MANGUERA CU(4X10);10;111,8;77,45731211;;1,9500000000000002;0,11;1;Simplex;9/2/1995, 0:00:00;;;;Propio;100;335552,356;4082851,0461;431;335553,356;4082850,0456;431;0484517261LB368773061;0484516118LB368772972;;Andalucía;Andalucía;Ardales;Málaga;;No;;;;112.APO.SG000399894;;1;;870364,8451;4089328,3436;870365,9075;4089327,4067;-199765,6173;4110114,7463;-199764,6771;4110113,6786;;;;;;
R1-112;'112.BTV.T100000011;;'112.LBT.D200000129;LP36 CANTARRA,PRADO, AND NAVARRE * V: 188-AC2;'188-AC2;Sí;112-04405039;0,4;0,4;1,41421356;1,4140000000000001;Fachada;Monofásico;;MANGUERA CU(2X6);6;114,3;'79,18936292000001;;3,39;0,11;1;Simplex;9/2/1995, 0:00:00;;;;Propio;100;335585,3561;4082873,0465;425;335586,356;4082874,0461;425;0484480728LB368775100;0484479628LB368775192;;Andalucía;Andalucía;Ardales;Málaga;;No;;;;;;1;;870396,4399;4089352,4074;870397,3763;4089353,4692;-199731,0984;4110134,7329;-199730,0312;4110135,6727;;;;;;
R1-112;'112.BTV.D100000652;;'112.LBT.D100000002;LP45 DEPÓSITO AGUA * Vano: 148-AC1;'148-AC1;Sí;112-02804106;0,4;0,4;1;1;Fachada;Monofásico;;MANGUERA CU(2X4);4;43,2;29,92983795;;5,09;0,12000000000000001;1;Simplex;9/2/1995, 0:00:00;;;;Propio;90;335543,355;4082800,0466;442;335543,355;4082799,0466;442;0484526250LB368768450;0484526228LB368768360;;Andalucía;Andalucía;Ardales;Málaga;;No;;;;;;1;;870359,0597;4089276,8093;870359,1226;4089275,8099;-199777,8895;4110064,1296;-199777,953;4110063,1259;;;;;;
R1-112;'112.BTV.D100000791;;'112.LBT.D100000002;LP45 DEPÓSITO AGUA * Vano: 49-AC1;'49-AC1;Sí;112-02804034;0,4;0,4;1;5,099;Fachada;Monofásico;;MANGUERA (2X6);6;55;38,10511777;;3,39;0,11;1;Simplex;9/2/1995, 0:00:00;;;;Propio;90;335549,355;4082681,0451;452;335548,355;4082681,0456;452;0484516941LB368757738;0484518062LB368757737;;Andalucía;Andalucía;Ardales;Málaga;;No;;;;;;1;;870372,5457;4089158,2596;870371,5463;4089158,1971;-199779,4227;4109944,3069;-199780,4263;4109944,3709;;;;;;
R1-112;'112.BTV.D100000223;;'112.LBT.D200000129;LP36 CANTARRA,PRADO, AND NAVARRE * V: 133-138;'133-138;No;;0,4;0,4;10,440306510000001;11,576;Aérea;Trifásico;;MANGUERA CU(4X25);25;190,5;131,98227154;;0,78;0,11;1;Simplex;9/2/1995, 0:00:00;;;;Propio;100;335571,356;4082909,0466;419;335561,356;4082906,0468;419;0484497210LB368778319;0484508360LB368778032;;Andalucía;Andalucía;Ardales;Málaga;;No;;;;;112.APO.SG000399906;1;;870380,1826;4089387,5039;870370,3778;4089383,8765;-199742,8645;4110171,755;-199753,0919;4110169,379;;;;;;
R1-112;'112.BTV.D100000630;;'112.LBT.D100000002;LP45 DEPÓSITO AGUA * Vano: 133-AC1;'133-AC1;Sí;112-02804099;0,4;0,4;1,41421356;3,317;Fachada;Monofásico;;MANGUERA CU(2X4);4;43,2;29,92983795;;5,09;0,12000000000000001;1;Simplex;9/2/1995, 0:00:00;;;;Propio;90;335512,355;4082759,0463;446;335511,355;4082758,0457;446;0484560127LB368764702;0484561227LB368764610;;Andalucía;Andalucía;Ardales;Málaga;;No;;;;;;1;;870330,6595;4089233,8834;870329,7231;4089232,8205;-199811,6073;4110024,9458;-199812,6746;4110024,0049;;;;;;
R1-112;'112.BTV.D100000238;;'112.LBT.D200000129;LP36 CANTARRA,PRADO, AND NAVARRE * V: 144-145;'144-145;No;;0,4;0,4;5,385164809999999;5,385;Fachada;Trifásico;;MANGUERA CU(4X10);10;111,8;77,45731211;;1,9500000000000002;0,11;1;Simplex;9/2/1995, 0:00:00;;;;Propio;100;335554,356;4082892,0466;419;335552,356;4082887,0475;419;0484515907LB368776758;0484518042LB368776304;;Andalucía;Andalucía;Ardales;Málaga;;No;;;;;;1;;870364,2633;4089369,4444;870362,5791;4089364,3225;-199761,0067;4110155,7715;-199763,3315;4110150,8809;;;;;;
R1-112;'112.BTV.D100000334;;'112.LBT.D200000129;LP36 CANTARRA,PRADO, AND NAVARRE * V: 239-240;'239-240;No;;0,4;0,4;7;7;Fachada;Monofásico;;MANGUERA CU(2X6);6;114,3;'79,18936292000001;;3,39;0,11;1;Simplex;9/2/1995, 0:00:00;;;;Propio;100;335521,356;4082831,0471;434;335514,356;4082831,047;434;0484551594LB368771205;0484559445LB368771192;;Andalucía;Andalucía;Ardales;Málaga;;No;;;;;;1;;870335,1232;4089306,4059;870328,1275;4089305,9652;-199798,0017;4110096,6415;-199805,0276;4110097,0859;;;;;;
R1-112;'112.BTV.D100000410;;'112.LBT.D100000002;LP45 DEPÓSITO AGUA * Vano: 53-54;'53-54;No;;0,4;0,4;6,324555320000001;6,4030000000000005;Fachada;Trifásico;;MANGUERA CU(4X6);6;83,8;58,05834307;;3,39;0,11;1;Simplex;9/2/1995, 0:00:00;;;;Propio;90;335536,355;4082707,0447;450;335534,355;4082713,0457;450;0484532084LB368760058;0484534457LB368760595;;Andalucía;Andalucía;Ardales;Málaga;;No;;;;;;1;;870357,9175;4089183,4247;870355,541;4089189,2961;-199790,8201;4109971,228;-199792,4465;4109977,3782;;;;;;
R1-112;'112.BTV.D100000208;;'112.LBT.D200000129;LP36 CANTARRA,PRADO, AND NAVARRE * V: 130-AC1;'130-AC1;Sí;112-02802110;0,4;0,4;1,41421356;1,4140000000000001;Fachada;Monofásico;;MANGUERA (2X2.5);2,5;31,7;21,962404239999998;;8,21;0,12000000000000001;1;Simplex;9/2/1995, 0:00:00;;;;Propio;100;335582,356;4082923,0472;415;335581,356;4082922,0466;415;0484485176LB368779600;0484486276LB368779508;;Andalucía;Andalucía;Ardales;Málaga;;No;;;;;;1;;870390,2947;4089402,1881;870389,3582;4089401,1251;-199730,9349;4110185,109;-199732,0022;4110184,1681;;;;;;
R1-112;'112.BTV.D100000142;;'112.LBT.D200000129;LP36 CANTARRA,PRADO, AND NAVARRE * V: 95-96;'95-96;No;;0,4;0,4;2,82842712;2,8280000000000003;Fachada;Trifásico;;RZ 3X25 AL;25;100;69,2820323;;0,727;0,11;1;Simplex;9/2/1995, 0:00:00;;;;Propio;100;335635,356;4082885,0448;419;335633,356;4082887,0446;419;0484424912LB368776268;0484427198LB368776445;;Andalucía;Andalucía;Ardales;Málaga;;No;;;;;;1;;870445,6536;4089367,5452;870443,5289;4089369,4179;-199680,1517;4110143,601;-199682,0321;4110145,7352;;;;;;
R1-112;'112.BTV.D100000403;;'112.LBT.D100000002;LP45 DEPÓSITO AGUA * Vano: 46-47;'46-47;No;;0,4;0,4;8,944271910000001;8,944;Fachada;Trifásico;;MANGUERA CU(4X6);6;83,8;58,05834307;;3,39;0,11;1;Simplex;9/2/1995, 0:00:00;;;;Propio;90;335539,355;4082699,0454;451;335543,355;4082691,0446;451;0484528546LB368759343;0484523887LB368758629;;Andalucía;Andalucía;Ardales;Málaga;;No;;;;;;1;;870361,419;4089175,6193;870365,92;4089167,8752;-199788,3168;4109963,0087;-199784,81;4109954,7244;;;;;;
R1-112;'112.BTV.D100000719;;'112.LBT.D100000002;LP45 DEPÓSITO AGUA * Vano: 186-AC1;'186-AC1;Sí;112-02804135;0,4;0,4;1,00000001;1;Fachada;Monofásico;;MANGUERA (2X6);6;55;38,10511777;;3,39;0,11;1;Simplex;9/2/1995, 0:00:00;;;;Propio;90;335418,355;4082668,0468;438;335419,355;4082668,0475;438;0484663574LB368756339;0484662453LB368756341;;Andalucía;Andalucía;Ardales;Málaga;;No;;;;;;1;;870242,4454;4089137,0245;870243,4448;4089137,0881;-199911,7327;4109939,5775;-199910,7289;4109939,5147;;;;;;
R1-112;'112.BTV.6307224656;;'112.LBT.6307224615;LP94 CALLE CERRILLO, CALLE CASTAÑA Vano: 5-6;'5-6;No;;0,4;0,42;22,79500831;17,9;Subterránea;Trifásico;;RV 3X240 /150;240;410;284,05633244;;0,075;0,08;1;Simplex;29/10/2020, 0:00:00;;;;Propio;0;335572,52;4082647,1587;476;335589,372;4082662,5056;476;0484490227LB368754726;0484471660LB368756138;;Andalucía;Andalucía;Ardales;Málaga;;No;;;;112.ARQ.SG000556430;;1;;870397,829;4089125,8522;870413,7047;4089142,2502;-199758,3234;4109908,8244;-199740,4346;4109923,1583;;;;;;
R1-112;'112.BTV.D100000038;;'112.LBT.D200000129;LP36 CANTARRA,PRADO, AND NAVARRE * V: 41-AC1;'41-AC1;Sí;112-02802029;0,4;0,4;1,0001;1;Fachada;Monofásico;;MANGUERA CU(2X6);6;114,3;'79,18936292000001;;3,39;0,11;1;Simplex;9/2/1995, 0:00:00;;;;Propio;100;335727,354;4082690,0422;439;335727,354;4082689,0422;439;0484317511LB368758859;0484317489LB368758769;;Andalucía;Andalucía;Ardales;Málaga;;No;;;;;;1;;870549,8679;4089178,454;870549,9307;4089177,4546;-199600,1941;4109942,0364;-199600,2577;4109941,0327;;;;;;
R1-112;'112.BTV.D100000233;;'112.LBT.D200000129;LP36 CANTARRA,PRADO, AND NAVARRE * V: 143-AC1;'143-AC1;Sí;112-02802122;0,4;0,4;1,41414285;1,4140000000000001;Fachada;Monofásico;;MANGUERA CU(2X6);6;114,3;'79,18936292000001;;3,39;0,11;1;Simplex;9/2/1995, 0:00:00;;;;Propio;100;335559,356;4082902,0466;419;335558,356;4082903,0471;419;0484510516LB368777668;0484511659LB368777756;;Andalucía;Andalucía;Ardales;Málaga;;No;;;;;;1;;870368,6307;4089379,7529;870367,5684;4089380,6898;-199755,3534;4110165,491;-199756,2935;4110166,5587;;;;;;
R1-112;'112.BTV.D100000728;;'112.LBT.D100000002;LP45 DEPÓSITO AGUA * Vano: 190-191;'190-191;No;;0,4;0,4;3,16227766;6,782;Fachada;Trifásico;;MANGUERA CU(4X10);10;111,8;77,45731211;;1,9500000000000002;0,11;1;Simplex;9/2/1995, 0:00:00;;;;Propio;90;335423,355;4082652,0476;448;335424,355;4082649,0471;448;0484657619LB368754906;0484656433LB368754638;;Andalucía;Andalucía;Ardales;Málaga;;No;;;;;;1;;870248,4493;4089121,35;870249,6375;4089118,4143;-199907,7299;4109923,2017;-199906,9167;4109920,1266;;;;;;
R1-112;'112.BTV.D100000002;;'112.LBT.D200000129;LP36 CANTARRA,PRADO, AND NAVARRE * V: 22-AC1;'22-AC1;Sí;112-02802012;0,4;0,4;4,99992;5;Subterránea;Trifásico;;RV 4X50 AL;50;120;83,13843876;;0,387;0,1;1;Simplex;9/2/1995, 0:00:00;;;;Propio;100;335689,355;4082773,043;448;335692,355;4082769,0427;448;0484361925LB368766271;0484358474LB368765916;;Andalucía;Andalucía;Ardales;Málaga;;No;;;;112.ARQ.SG000556496;;1;;870506,6684;4089259,0117;870509,9184;4089255,2027;-199633,064;4110027,7566;-199630,3069;4110023,5511;;;;;;
R1-112;'112.BTV.XX00000002;;'112.LBT.D200000129;LP36 CANTARRA,PRADO, AND NAVARRE * V: 258-259;'258-259;No;;0,4;0,4;8,06225775;9,487;Subterránea;Trifásico;;RV 3X50 /50;50;155;107,38715007;;0,387;0,1;1;Simplex;9/2/1995, 0:00:00;;;;Terceros;0;335797,355;4082790,0409;421;335801,355;4082783,0413;421;0484241170LB368767990;0484236533LB368767367;;Andalucía;Andalucía;Ardales;Málaga;;No;;;;112.ARQ.SG000556584;112.ARQ.SG000556587;1;;870613,5316;4089282,7965;870617,9697;4089276,053;-199523,5856;4110037,9605;-199520,0152;4110030,6811;;;;;;
R1-112;'112.BTV.D100000276;;'112.LBT.D200000129;LP36 CANTARRA,PRADO, AND NAVARRE * V: 181-182;'181-182;No;;0,4;0,4;6,324555320000001;6,325;Aérea;Trifásico;;MANGUERA CU(4X10);10;111,8;77,45731211;;1,9500000000000002;0,11;1;Simplex;9/2/1995, 0:00:00;;;;Propio;100;335594,356;4082877,0458;425;335592,356;4082871,0466;425;0484470721LB368775476;0484472834LB368774932;;Andalucía;Andalucía;Ardales;Málaga;;No;;;;;112.APO.SG000399954;1;;870405,1825;4089356,9705;870403,5613;4089350,8493;-199721,8112;4110138,1755;-199724,1995;4110132,2812;;;;;;
R1-112;'112.BTV.D100000636;;'112.LBT.D100000002;LP45 DEPÓSITO AGUA * Vano: 137-138;'137-138;No;;0,4;0,4;3,16227766;3,162;Fachada;Monofásico;;MANGUERA (2X6);6;55;38,10511777;;3,39;0,11;1;Simplex;9/2/1995, 0:00:00;;;;Propio;90;335515,355;4082790,0474;438;335512,355;4082789,0466;438;0484557435LB368767500;0484560778LB368767405;;Andalucía;Andalucía;Ardales;Málaga;;No;;;;;;1;;870331,7064;4089265,054;870328,7713;4089263,865;-199806,628;4110055,8711;-199809,7026;4110055,057;;;;;;
R1-112;'112.BTV.D100000064;;'112.LBT.D200000129;LP36 CANTARRA,PRADO, AND NAVARRE * V: 55-AC1;'55-AC1;Sí;112-02802041;0,4;0,4;5;5;Subterránea;Monofásico;;MANGUERA CU(2X10);10;135,9;94,1542819;;1,9500000000000002;0,11;1;Simplex;9/2/1995, 0:00:00;;;;Propio;100;335806,355;4082790,0414;422;335810,355;4082787,0408;422;0484231077LB368768006;0484226526LB368767743;;Andalucía;Andalucía;Ardales;Málaga;;No;;;;112.ARQ.SG000556591;;1;;870622,526;4089283,3635;870626,7123;4089280,6165;-199514,5522;4110037,3896;-199510,7281;4110034,124;;;;;;
R1-112;'112.BTV.D100000572;;'112.LBT.D100000002;LP45 DEPÓSITO AGUA * Vano: 100-101;'100-101;No;;0,4;0,4;4,47213595;4,583;Fachada;Trifásico;;MANGUERA CU(4X10);10;111,8;77,45731211;;1,9500000000000002;0,11;1;Simplex;9/2/1995, 0:00:00;;;;Propio;90;335493,355;4082705,0459;440;335491,355;4082709,0458;440;0484580265LB368759803;0484582595LB368760160;;Andalucía;Andalucía;Ardales;Málaga;;No;;;;;;1;;870315,0701;4089178,7209;870312,8195;4089182,5924;-199834,106;4109971,9519;-199835,8595;4109976,0935;;;;;;
R1-112;'112.BTV.D100000131;;'112.LBT.D200000129;LP36 CANTARRA,PRADO, AND NAVARRE * V: 90-AC1;'90-AC1;Sí;112-02802073;0,4;0,4;1,41414285;1,4140000000000001;Fachada;Monofásico;;MANGUERA CU(2X4);4;43,2;29,92983795;;5,09;0,12000000000000001;1;Simplex;9/2/1995, 0:00:00;;;;Propio;100;335658,355;4082869,0454;424;335657,355;4082868,0447;424;0484398772LB368774867;0484399871LB368774775;;Andalucía;Andalucía;Ardales;Málaga;;No;;;;;;1;;870469,6453;4089353,0033;870468,7089;4089351,9403;-199658,0835;4110126,0822;-199659,1507;4110125,1413;;;;;;
R1-112;'112.BTV.D100000564;;'112.LBT.D100000002;LP45 DEPÓSITO AGUA * Vano: 96-AC1;'96-AC1;Sí;112-02804070;0,4;0,4;1,00000001;1;Fachada;Monofásico;;MANGUERA CU(2X6);6;114,3;'79,18936292000001;;3,39;0,11;1;Simplex;9/2/1995, 0:00:00;;;;Propio;90;335486,355;4082708,0459;439;335485,355;4082708,0464;439;0484588180LB368760061;0484589302LB368760060;;Andalucía;Andalucía;Ardales;Málaga;;No;;;;;;1;;870307,8855;4089181,2784;870306,8861;4089181,216;-199840,9415;4109975,4074;-199841,9452;4109975,4714;;;;;;
R1-112;'112.BTV.D100000182;;'112.LBT.D200000129;LP36 CANTARRA,PRADO, AND NAVARRE * V: 116-AC1;'116-AC1;Sí;112-02802098;0,4;0,4;1,41421356;1,4140000000000001;Fachada;Monofásico;;MANGUERA CU(2X4);4;43,2;29,92983795;;5,09;0,12000000000000001;1;Simplex;9/2/1995, 0:00:00;;;;Propio;100;335597,356;4082925,0459;415;335598,356;4082926,0465;415;0484468397LB368779806;0484467297LB368779898;;Andalucía;Andalucía;Ardales;Málaga;;No;;;;;;1;;870405,1595;4089405,1296;870406,0959;4089406,1926;-199715,7525;4110186,1627;-199714,6853;4110187,1035;;;;;;
R1-112;'112.BTV.D100000699;;'112.LBT.D100000002;LP45 DEPÓSITO AGUA * Vano: 174-AC1;'174-AC1;Sí;112-02804127;0,4;0,4;1;1;Fachada;Monofásico;;MANGUERA CU(2X6);6;114,3;'79,18936292000001;;3,39;0,11;1;Simplex;9/2/1995, 0:00:00;;;;Propio;90;335425,355;4082681,0469;443;335425,355;4082680,0469;443;0484656006LB368757522;0484655984LB368757432;;Andalucía;Andalucía;Ardales;Málaga;;No;;;;;;1;;870248,6229;4089150,4571;870248,6859;4089149,4577;-199903,8814;4109952,1813;-199903,9449;4109951,1776;;;;;;
R1-112;'112.BTV.D100000421;;'112.LBT.D100000002;LP45 DEPÓSITO AGUA * Vano: 64-65;'64-65;No;;0,4;0,4;11,704699909999999;11,705;Fachada;Trifásico;;MANGUERA CU(4X16);16;146,1;101,22104919;;1,22;0,11;1;Simplex;9/2/1995, 0:00:00;;;;Propio;90;335522,355;4082724,0458;445;335511,355;4082720,0465;445;0484548153LB368761566;0484560403LB368761186;;Andalucía;Andalucía;Ardales;Málaga;;No;;;;;;1;;870342,8561;4089199,5341;870332,1147;4089194,845;-199803,7925;4109989,1809;-199815,0871;4109985,8651;;;;;;
R1-112;'112.BTV.D100000072;;'112.LBT.D200000129;LP36 CANTARRA,PRADO, AND NAVARRE * V: 62-AC1;'62-AC1;Sí;112-02802042;0,4;0,4;2;2;Fachada;Monofásico;;MANGUERA CU(2X2.5);2,5;31,7;21,962404239999998;;8,21;0,12000000000000001;1;Simplex;9/2/1995, 0:00:00;;;;Propio;100;335696,355;4082854,0437;432;335698,355;4082854,0439;432;0484355829LB368773581;0484353586LB368773585;;Andalucía;Andalucía;Ardales;Málaga;;No;;;;;;1;;870508,5658;4089340,4027;870510,5647;4089340,5288;-199620,8955;4110108,6124;-199618,888;4110108,4857;;;;;;
R1-112;'112.BTV.D100000010;;'112.LBT.D200000129;LP36 CANTARRA,PRADO, AND NAVARRE * V: 26-AC2;'26-AC2;Sí;112-02802016;0,4;0,4;7,21099161;7,211;Subterránea;Monofásico;;RV 2X50 AL;50;125;86,60254038000001;;0,524;0,10500000000000001;1;Simplex;9/2/1995, 0:00:00;;;;Propio;100;335755,355;4082821,0417;430;335761,355;4082817,0424;430;0484288945LB368770711;0484282129LB368770361;;Andalucía;Andalucía;Ardales;Málaga;;No;;;;112.ARQ.SG000556553;;1;;870569,6064;4089311,1346;870575,8544;4089307,5154;-199563,7726;4110071,7425;-199558,0044;4110067,3475;;;;;;
R1-112;'112.BTV.D100000154;;'112.LBT.D200000129;LP36 CANTARRA,PRADO, AND NAVARRE * V: 102-AC1;'102-AC1;Sí;112-02802084;0,4;0,4;1,42130222;1,4140000000000001;Fachada;Monofásico;;MANGUERA (2X2.5);2,5;31,7;21,962404239999998;;8,21;0,12000000000000001;1;Simplex;9/2/1995, 0:00:00;;;;Propio;100;335646,356;4082886,0454;419;335647,356;4082887,0449;419;0484412597LB368776378;0484411497LB368776469;;Andalucía;Andalucía;Ardales;Málaga;;No;;;;;;1;;870456,5837;4089369,2375;870457,5202;4089370,2994;-199669,0475;4110143,9069;-199667,9803;4110144,8466;;;;;;
R1-112;'112.BTV.D100000256;;'112.LBT.D200000129;LP36 CANTARRA,PRADO, AND NAVARRE * V: 161-162;'161-162;No;;0,4;0,4;8,94870371;9;Fachada;Trifásico;;MANGUERA CU(4X10);10;111,8;77,45731211;;1,9500000000000002;0,11;1;Simplex;9/2/1995, 0:00:00;;;;Propio;100;335649,355;4082843,0437;433;335641,355;4082847,0452;433;0484408302LB368772508;0484417361LB368772855;;Andalucía;Andalucía;Ardales;Málaga;;No;;;;;;1;;870462,2874;4089326,4513;870454,0406;4089329,9468;-199668,7676;4110100,5558;-199676,5431;4110105,08;;;;;;
R1-112;'112.BTV.D100000317;;'112.LBT.D200000129;LP36 CANTARRA,PRADO, AND NAVARRE * V: 222-223;'222-223;No;;0,4;0,4;3,16227766;3,162;Fachada;Trifásico;;MANGUERA CU(4X10);10;111,8;77,45731211;;1,9500000000000002;0,11;1;Simplex;9/2/1995, 0:00:00;;;;Propio;100;335595,355;4082828,045;440;335598,355;4082827,0447;440;0484468538LB368771063;0484465152LB368770978;;Andalucía;Andalucía;Ardales;Málaga;;No;;;;;;1;;870409,2651;4089308,0631;870412,3261;4089307,2523;-199723,9196;4110088,93;-199720,972;4110087,7356;;;;;;
R1-112;'112.BTV.D100000592;;'112.LBT.D100000002;LP45 DEPÓSITO AGUA * Vano: 111-112;'111-112;No;;0,4;0,4;3,16227766;3,162;Fachada;Trifásico;;MANGUERA CU(4X10);10;111,8;77,45731211;;1,9500000000000002;0,11;1;Simplex;9/2/1995, 0:00:00;;;;Propio;90;335475,355;4082744,047;441;335474,355;4082747,0475;441;0484601298LB368763286;0484602484LB368763554;;Andalucía;Andalucía;Ardales;Málaga;;No;;;;;;1;;870294,6266;4089216,5647;870293,4383;4089219,5004;-199849,6966;4110012,24;-199850,5098;4110015,3151;;;;;;
R1-112;'112.BTV.D100000358;;'112.LBT.D100000002;LP45 DEPÓSITO AGUA * Vano: 5-6;'5-6;No;;0,4;0,4;4,47204651;4,472;Fachada;Trifásico;;MANGUERA CU(4X6);6;83,8;58,05834307;;3,39;0,11;1;Simplex;9/2/1995, 0:00:00;;;;Propio;90;335529,354;4082618,0451;457;335531,354;4082614,0452;457;0484538006LB368752027;0484535676LB368751670;;Andalucía;Andalucía;Ardales;Málaga;;No;;;;;;1;;870356,5223;4089094,0399;870358,7728;4089090,1684;-199803,4974;4109882,3436;-199801,7439;4109878,202;;;;;;
R1-112;'112.BTV.D100000113;;'112.LBT.D200000129;LP36 CANTARRA,PRADO, AND NAVARRE * V: 82-83;'82-83;No;;0,4;0,4;4,47213595;9,165;Fachada;Trifásico;;MANGUERA CU(4X16);16;146,1;101,22104919;;1,22;0,11;1;Simplex;9/2/1995, 0:00:00;;;;Propio;100;335673,355;4082859,0441;432;335677,355;4082857,0445;432;0484381732LB368773992;0484377203LB368773819;;Andalucía;Andalucía;Ardales;Málaga;;No;;;;;;1;;870485,2654;4089343,9523;870489,3888;4089342,2057;-199643,663;4110115,0916;-199639,7752;4110112,8306;;;;;;
R1-112;'112.BTV.D100000667;;'112.LBT.D100000002;LP45 DEPÓSITO AGUA * Vano: 156-AC1;'156-AC1;Sí;112-02804113;0,4;0,4;1;1;Fachada;Monofásico;;MANGUERA CU(2X4);4;43,2;29,92983795;;5,09;0,12000000000000001;1;Simplex;9/2/1995, 0:00:00;;;;Propio;90;335595,355;4082805,0448;451;335595,355;4082804,0448;451;0484468040LB368768991;0484468018LB368768901;;Andalucía;Andalucía;Ardales;Málaga;;No;;;;;;1;;870410,7127;4089285,0772;870410,7756;4089284,0779;-199725,3799;4110065,8448;-199725,4433;4110064,8411;;;;;;
R1-112;'112.BTV.D100000184;;'112.LBT.D200000129;LP36 CANTARRA,PRADO, AND NAVARRE * V: 117-AC1;'117-AC1;Sí;112-02802099;0,4;0,4;1,4143549899999999;1,4140000000000001;Fachada;Trifásico;;MANGUERA CU(4X10);10;111,8;77,45731211;;1,9500000000000002;0,11;1;Simplex;9/2/1995, 0:00:00;;;;Propio;100;335593,356;4082928,0466;415;335594,356;4082929,0462;415;0484472948LB368780070;0484471848LB368780161;;Andalucía;Andalucía;Ardales;Málaga;;No;;;;;;1;;870400,9731;4089407,8767;870401,9096;4089408,9386;-199719,5768;4110189,4285;-199718,5096;4110190,3682;;;;;;
R1-112;'112.BTV.D100000576;;'112.LBT.D100000002;LP45 DEPÓSITO AGUA * Vano: 103-104;'103-104;No;;0,4;0,4;23,2594067;23,791;Fachada;Trifásico;;RZ 4X50 AL;50;150;103,92304845;;0,387;0,1;1;Simplex;9/2/1995, 0:00:00;;;;Propio;90;335481,355;4082719,0473;435;335471,355;4082740,0466;435;0484594026LB368761044;0484605697LB368762918;;Andalucía;Andalucía;Ardales;Málaga;;No;;;;112.APO.SG000399821;;1;;870302,1963;4089191,9582;870290,8809;4089212,3151;-199845,2616;4109986,7669;-199853,9653;4110008,4788;;;;;;
R1-112;'112.BTV.D100000734;;'112.LBT.D100000002;LP45 DEPÓSITO AGUA * Vano: 193-AC1;'193-AC1;Sí;112-02804143;0,4;0,4;1;1;Fachada;Monofásico;;MANGUERA (2X6);6;55;38,10511777;;3,39;0,11;1;Simplex;9/2/1995, 0:00:00;;;;Propio;90;335413,355;4082685,0483;434;335414,355;4082685,0478;434;0484669550LB368757862;0484668429LB368757864;;Andalucía;Andalucía;Ardales;Málaga;;No;;;;;;1;;870236,3786;4089153,7006;870237,378;4089153,7631;-199915,6718;4109956,9593;-199914,6681;4109956,8953;;;;;;
R1-112;'112.BTV.D100000707;;'112.LBT.D100000002;LP45 DEPÓSITO AGUA * Vano: 180-AC2;'180-AC2;Sí;112-02804129;0,4;0,4;1;1;Fachada;Trifásico;;MANGUERA CU(4X10);10;111,8;77,45731211;;1,9500000000000002;0,11;1;Simplex;9/2/1995, 0:00:00;;;;Propio;90;335451,355;4082700,0469;438;335451,355;4082701,0469;438;0484627259LB368759280;0484627281LB368759370;;Andalucía;Andalucía;Ardales;Málaga;;No;;;;112.APO.SG000399795;;1;;870273,4109;4089171,0816;870273,3479;4089172,0809;-199876,5789;4109969,6009;-199876,5154;4109970,6046;;;;;;
R1-112;'112.BTV.D100000280;;'112.LBT.D200000129;LP36 CANTARRA,PRADO, AND NAVARRE * V: 185-186;'185-186;No;;0,4;0,4;5,098999900000001;5,099;Fachada;Trifásico;;MANGUERA CU(4X10);10;111,8;77,45731211;;1,9500000000000002;0,11;1;Simplex;9/2/1995, 0:00:00;;;;Propio;100;335600,356;4082870,0463;426;335605,356;4082869,0462;426;0484463840LB368774856;0484458211LB368774775;;Andalucía;Andalucía;Ardales;Málaga;;No;;;;;;1;;870411,6193;4089350,3531;870416,6792;4089349,6683;-199716,2334;4110130,7692;-199711,2784;4110129,448;;;;;;
R1-112;'112.BTV.D100000260;;'112.LBT.D200000129;LP36 CANTARRA,PRADO, AND NAVARRE * V: 165-166;'165-166;No;;0,4;0,4;5,83095189;9,11;Fachada;Trifásico;;MANGUERA CU(4X10);10;111,8;77,45731211;;1,9500000000000002;0,11;1;Simplex;9/2/1995, 0:00:00;;;;Propio;100;335664,355;4082834,0435;439;335669,355;4082831,0446;439;0484391284LB368771724;0484385612LB368771462;;Andalucía;Andalucía;Ardales;Málaga;;No;;;;;;1;;870477,8446;4089318,4008;870483,0302;4089315,7185;-199654,2836;4110090,57;-199649,4555;4110087,2425;;;;;;
R1-112;'112.BTV.D100000399;;'112.LBT.D100000002;LP45 DEPÓSITO AGUA * Vano: 42-43;'42-43;No;;0,4;0,4;5,83086615;5,831;Fachada;Trifásico;;MANGUERA CU(4X6);6;83,8;58,05834307;;3,39;0,11;1;Simplex;9/2/1995, 0:00:00;;;;Propio;90;335564,354;4082665,0436;457;335561,354;4082670,045;457;0484499773LB368756323;0484503246LB368756768;;Andalucía;Andalucía;Ardales;Málaga;;No;;;;;;1;;870388,5424;4089143,212;870385,2295;4089148,0215;-199765,3841;4109927,294;-199768,0777;4109932,5043;;;;;;
R1-112;'112.BTV.D100000078;;'112.LBT.D200000129;LP36 CANTARRA,PRADO, AND NAVARRE * V: 65-AC1;'65-AC1;Sí;112-02802045;0,4;0,4;1;1;Fachada;Monofásico;;MANGUERA CU(2X4);4;43,2;29,92983795;;5,09;0,12000000000000001;1;Simplex;9/2/1995, 0:00:00;;;;Propio;100;335713,355;4082845,0427;430;335713,355;4082846,0427;430;0484336568LB368772800;0484336590LB368772890;;Andalucía;Andalucía;Ardales;Málaga;;No;;;;;;1;;870526,1219;4089332,4773;870526,0589;4089333,4767;-199604,404;4110098,4988;-199604,3406;4110099,5025;;;;;;
R1-112;'112.BTV.D100000703;;'112.LBT.D100000002;LP45 DEPÓSITO AGUA * Vano: 177-178;'177-178;No;;0,4;0,4;31,95309062;31,953;Fachada;Trifásico;;RZ 4X50 AL;50;150;103,92304845;;0,387;0,1;1;Simplex;9/2/1995, 0:00:00;;;;Propio;90;335445,355;4082690,0474;438;335415,355;4082679,0473;438;0484633771LB368758368;0484667177LB368757325;;Andalucía;Andalucía;Ardales;Málaga;;No;;;;112.APO.SG000399787;;1;;870268,0439;4089160,7107;870238,755;4089147,8293;-199883,236;4109959,9454;-199914,0453;4109950,8091;;;;;;
R1-112;'112.BTV.D100000325;;'112.LBT.D200000129;LP36 CANTARRA,PRADO, AND NAVARRE * V: 230-231;'230-231;No;;0,4;0,4;5;5;Fachada;Trifásico;;MANGUERA CU(4X10);10;111,8;77,45731211;;1,9500000000000002;0,11;1;Simplex;9/2/1995, 0:00:00;;;;Propio;100;335574,355;4082836,0458;431;335569,355;4082836,0459;431;0484492264LB368771747;0484497871LB368771739;;Andalucía;Andalucía;Ardales;Málaga;;No;;;;;;1;;870387,7746;4089314,7372;870382,7776;4089314,4226;-199744,4893;4110098,2938;-199749,5078;4110098,6113;;;;;;
R1-112;'112.BTV.D100000529;;'112.LBT.D100000002;LP45 DEPÓSITO AGUA * Vano: 62-78;'62-78;No;;0,4;0,4;17,088007490000003;17,117;Aérea;Monofásico;;MANGUERA CU(2X4);4;43,2;29,92983795;;5,09;0,12000000000000001;1;Simplex;9/2/1995, 0:00:00;;;;Propio;90;335530,355;4082722,0465;451;335524,355;4082738,0461;451;0484539138LB368761399;0484546214LB368762831;;Andalucía;Andalucía;Ardales;Málaga;;No;;;;;112.APO.SG000399867;1;;870350,977;4089198,0396;870343,9737;4089213,6516;-199795,8898;4109986,6663;-199800,8962;4110003,106;;;;;;
R1-112;'112.BTV.D100000274;;'112.LBT.D200000129;LP36 CANTARRA,PRADO, AND NAVARRE * V: 179-180;'179-180;No;;0,4;0,4;11,18033989;11,225;Fachada;Trifásico;;MANGUERA CU(4X10);10;111,8;77,45731211;;1,9500000000000002;0,11;1;Simplex;9/2/1995, 0:00:00;;;;Propio;100;335605,356;4082874,0462;425;335594,356;4082876,0458;425;0484458319LB368775225;0484470699LB368775386;;Andalucía;Andalucía;Ardales;Málaga;;No;;;;;;1;;870416,3645;4089354,6652;870405,2455;4089355,9712;-199710,961;4110134,4665;-199721,8747;4110137,1718;;;;;;
R1-112;'112.BTV.D200000334;;'112.LBT.D200000129;LP36 CANTARRA,PRADO, AND NAVARRE * V: 18-AC1;'18-AC1;Sí;112-02802008;0,4;0,4;4;10,77;Subterránea;Monofásico;;RZ 2X16 AL;16;70;48,49742261;;1,15;0,10500000000000001;1;Simplex;9/2/1995, 0:00:00;;;;Propio;100;335695,354;4082597,0414;439;335699,354;4082597,0407;439;0484351384LB368750424;0484346898LB368750431;;Andalucía;Andalucía;Ardales;Málaga;;No;;;;112.ARQ.SG000556500;;1;;870523,741;4089083,4969;870527,7385;4089083,7479;-199638,2168;4109850,7233;-199634,2021;4109850,4687;;;;;;
R1-112;'112.BTV.D100000617;;'112.LBT.D100000002;LP45 DEPÓSITO AGUA * Vano: 126-AC1;'126-AC1;Sí;112-02804093;0,4;0,4;1,41421356;1,4140000000000001;Fachada;Monofásico;;MANGUERA CU(2X4);4;43,2;29,92983795;;5,09;0,12000000000000001;1;Simplex;9/2/1995, 0:00:00;;;;Propio;90;335509,355;4082765,0455;443;335508,355;4082764,046;443;0484563622LB368765237;0484564722LB368765145;;Andalucía;Andalucía;Ardales;Málaga;;No;;;;;;1;;870327,2838;4089239,6901;870326,3473;4089238,6283;-199814,2375;4110031,1577;-199815,3047;4110030,2179;;;;;;
R1-112;'112.BTV.D100000288;;'112.LBT.D200000129;LP36 CANTARRA,PRADO, AND NAVARRE * V: 193-194;'193-194;No;;0,4;0,4;43,01162634;43,749;Subterránea;Trifásico;;RZ 4X240;240;320;221,70250337;;0,075;0,08;1;Simplex;9/2/1995, 0:00:00;;;;Propio;100;335703,355;4082805,0436;448;335678,355;4082770,0435;448;0484346917LB368769179;0484374196LB368765982;;Andalucía;Andalucía;Ardales;Málaga;;No;;;;112.ARQ.SG000556509;112.ARQ.SG000556490;1;;870518,6456;4089291,8736;870495,864;4089255,3217;-199616,9805;4110058,9867;-199644,2952;4110025,4444;;;;;;
R1-112;'112.BTV.D100000210;;'112.LBT.D200000129;LP36 CANTARRA,PRADO, AND NAVARRE * V: 131-132;'131-132;No;;0,4;0,4;11,613027859999999;11,916;Aérea;Trifásico;;RZ 4X50 AL;50;150;103,92304845;;0,387;0,1;1;Simplex;9/2/1995, 0:00:00;;;;Propio;100;335586,16;4082933,6519;415;335578,356;4082925,0469;415;0484481140LB368780562;0484489706LB368779773;;Andalucía;Andalucía;Ardales;Málaga;;No;;;;;112.APO.SG000399929;1;;870393,4287;4089413,0256;870386,1712;4089403,9347;-199726,4436;4110195,5114;-199734,8228;4110187,37;;;;;;
R1-112;'112.BTV.D100000449;;'112.LBT.D200000129;LP36 CANTARRA,PRADO, AND NAVARRE * V: 167-AC1;'167-AC1;Sí;112-02802142;0,4;0,4;1;1;Fachada;Trifásico;;MANGUERA CU(4X10);10;111,8;77,45731211;;1,9500000000000002;0,11;1;Simplex;9/2/1995, 0:00:00;;;;Propio;100;335675,355;4082827,0441;438;335675,355;4082826,0441;438;0484378796LB368771112;0484378774LB368771022;;Andalucía;Andalucía;Ardales;Málaga;;No;;;;;;1;;870489,2783;4089312,0981;870489,3412;4089311,0987;-199643,6873;4110082,8463;-199643,7508;4110081,8426;;;;;;
R1-112;'112.BTV.D100000161;;'112.LBT.D200000129;LP36 CANTARRA,PRADO, AND NAVARRE * V: 105-106;'105-106;No;;0,4;0,4;3,60001389;3,606;Fachada;Trifásico;;MANGUERA CU(4X10);10;111,8;77,45731211;;1,9500000000000002;0,11;1;Simplex;9/2/1995, 0:00:00;;;;Propio;100;335656,356;4082880,0453;424;335659,356;4082878,045;424;0484401252LB368775854;0484397844LB368775679;;Andalucía;Andalucía;Ardales;Málaga;;No;;;;;;1;;870466,9551;4089363,8705;870470,0792;4089362,0603;-199659,3915;4110137,2497;-199656,5074;4110135,0515;;;;;;
R1-112;'112.BTV.D100000627;;'112.LBT.D100000002;LP45 DEPÓSITO AGUA * Vano: 131-132;'131-132;No;;0,4;0,4;2,23597854;2,236;Fachada;Trifásico;;MANGUERA CU(4X10);10;111,8;77,45731211;;1,9500000000000002;0,11;1;Simplex;9/2/1995, 0:00:00;;;;Propio;90;335510,355;4082763,0462;443;335511,355;4082761,0457;443;0484562457LB368765059;0484561292LB368764880;;Andalucía;Andalucía;Ardales;Málaga;;No;;;;;;1;;870328,409;4089237,7549;870329,5342;4089235,8186;-199813,3608;4110029,0874;-199812,4841;4110027,0161;;;;;;
R1-112;'112.BTV.D100000406;;'112.LBT.D100000002;LP45 DEPÓSITO AGUA * Vano: 49-50;'49-50;No;;0,4;0,4;8,94382474;8,944;Fachada;Trifásico;;MANGUERA CU(4X6);6;83,8;58,05834307;;3,39;0,11;1;Simplex;9/2/1995, 0:00:00;;;;Propio;90;335549,355;4082681,0451;457;335553,354;4082673,0454;457;0484516941LB368757738;0484512282LB368757025;;Andalucía;Andalucía;Ardales;Málaga;;No;;;;;;1;;870372,5457;4089158,2596;870377,0457;4089150,5165;-199779,4227;4109944,3069;-199775,9167;4109936,0237;;;;;;
R1-112;'112.BTV.D100000546;;'112.LBT.D100000002;LP45 DEPÓSITO AGUA * Vano: 87-AC1;'87-AC1;Sí;112-02804062;0,4;0,4;1;1;Fachada;Monofásico;;MANGUERA CU(2X4);4;43,2;29,92983795;;5,09;0,12000000000000001;1;Simplex;9/2/1995, 0:00:00;;;;Propio;90;335501,355;4082683,0464;446;335502,355;4082683,046;446;0484570816LB368757835;0484569694LB368757837;;Andalucía;Andalucía;Ardales;Málaga;;No;;;;;;1;;870324,4496;4089157,2386;870325,449;4089157,3011;-199827,4732;4109949,3631;-199826,4695;4109949,2991;;;;;;
R1-112;'112.BTV.D100000613;;'112.LBT.D100000002;LP45 DEPÓSITO AGUA * Vano: 124-AC1;'124-AC1;Sí;112-02804091;0,4;0,4;1;1;Fachada;Monofásico;;MANGUERA CU(2X4);4;43,2;29,92983795;;5,09;0,12000000000000001;1;Simplex;9/2/1995, 0:00:00;;;;Propio;90;335507,355;4082769,0476;443;335506,355;4082769,047;443;0484565952LB368765594;0484567073LB368765592;;Andalucía;Andalucía;Ardales;Málaga;;No;;;;;;1;;870325,0331;4089243,5638;870324,0338;4089243,5002;-199815,9909;4110035,3016;-199816,9946;4110035,3644;;;;;;
R1-112;'112.BTV.D100000606;;'112.LBT.D100000002;LP45 DEPÓSITO AGUA * Vano: 120-121;'120-121;No;;0,4;0,4;9,848857800000001;9,899000000000001;Fachada;Trifásico;;MANGUERA CU(4X10);10;111,8;77,45731211;;1,9500000000000002;0,11;1;Simplex;9/2/1995, 0:00:00;;;;Propio;90;335501,355;4082785,0472;439;335492,355;4082781,047;439;0484573028LB368767025;0484583035LB368766649;;Andalucía;Andalucía;Ardales;Málaga;;No;;;;;;1;;870318,0299;4089259,1758;870309,2872;4089254,6116;-199820,9972;4110051,7413;-199830,2845;4110048,2977;;;;;;
R1-112;'112.BTV.D100000599;;'112.LBT.D100000002;LP45 DEPÓSITO AGUA * Vano: 115-AC1;'115-AC1;Sí;112-02804086;0,4;0,4;2;2;Fachada;Monofásico;;MANGUERA CU(2X4);4;43,2;29,92983795;;5,09;0,12000000000000001;1;Simplex;9/2/1995, 0:00:00;;;;Propio;90;335469,355;4082765,0466;434;335471,355;4082765,0468;434;0484608482LB368765167;0484606239LB368765171;;Andalucía;Andalucía;Ardales;Málaga;;No;;;;;;1;;870287,3086;4089237,1737;870289,3074;4089237,2997;-199854,3855;4110033,6984;-199852,3781;4110033,5716;;;;;;
R1-112;'112.BTV.D100000730;;'112.LBT.D100000002;LP45 DEPÓSITO AGUA * Vano: 191-AC2;'191-AC2;Sí;112-02804141;0,4;0,4;2,23606798;2,236;Fachada;Monofásico;;MANGUERA (2X6);6;55;38,10511777;;3,39;0,11;1;Simplex;9/2/1995, 0:00:00;;;;Propio;90;335424,355;4082649,0471;448;335425,355;4082647,0466;448;0484656433LB368754638;0484655268LB368754459;;Andalucía;Andalucía;Ardales;Málaga;;No;;;;;;1;;870249,6375;4089118,4143;870250,7628;4089116,478;-199906,9167;4109920,1266;-199906,04;4109918,0552;;;;;;
R1-112;'112.BTV.D100000367;;'112.LBT.D100000002;LP45 DEPÓSITO AGUA * Vano: 14-15;'14-15;No;;0,4;0,4;6,70829338;6,708;Fachada;Trifásico;;MANGUERA CU(4X6);6;83,8;58,05834307;;3,39;0,11;1;Simplex;9/2/1995, 0:00:00;;;;Propio;90;335516,354;4082653,0447;449;335519,354;4082647,0455;449;0484553344LB368755158;0484549849LB368754623;;Andalucía;Andalucía;Ardales;Málaga;;No;;;;;;1;;870341,3275;4089128,1996;870344,7033;4089122,3929;-199814,3235;4109918,2981;-199811,6932;4109912,0862;;;;;;
R1-112;'112.BTV.D100000135;;'112.LBT.D200000129;LP36 CANTARRA,PRADO, AND NAVARRE * V: 92-AC1;'92-AC1;Sí;112-02802075;0,4;0,4;5,65685425;6;Fachada;Monofásico;;MANGUERA CU(2X4);4;43,2;29,92983795;;5,09;0,12000000000000001;1;Simplex;9/2/1995, 0:00:00;;;;Propio;100;335646,356;4082877,0453;424;335650,356;4082873,0446;424;0484412402LB368775567;0484407829LB368775213;;Andalucía;Andalucía;Ardales;Málaga;;No;;;;;;1;;870457,1502;4089360,243;870461,3995;4089356,4965;-199669,6189;4110134,8735;-199665,8582;4110130,6041;;;;;;
R1-112;'112.BTV.D100000683;;'112.LBT.D100000002;LP45 DEPÓSITO AGUA * Vano: 164-165;'164-165;No;;0,4;0,4;5,83095189;8,367;Fachada;Trifásico;;MANGUERA CU(4X10);10;111,8;77,45731211;;1,9500000000000002;0,11;1;Simplex;9/2/1995, 0:00:00;;;;Propio;90;335473,355;4082710,0476;440;335478,355;4082713,0475;440;0484602803LB368760219;0484597261LB368760498;;Andalucía;Andalucía;Ardales;Málaga;;No;;;;;;1;;870294,7677;4089182,4607;870299,5758;4089185,7734;-199853,8625;4109978,2419;-199848,6536;4109980,9354;;;;;;
R1-112;'112.BTV.D100000416;;'112.LBT.D100000002;LP45 DEPÓSITO AGUA * Vano: 56-60;'56-60;No;;0,4;0,4;2,2451062399999997;2,236;Fachada;Trifásico;;MANGUERA CU(4X6);6;83,8;58,05834307;;3,39;0,11;1;Simplex;9/2/1995, 0:00:00;;;;Propio;90;335543,355;4082702,0447;451;335542,355;4082704,0452;451;0484524125LB368759620;0484525290LB368759798;;Andalucía;Andalucía;Ardales;Málaga;;No;;;;112.APO.SG000399888;;1;;870365,2277;4089178,8685;870364,1025;4089180,8048;-199784,1117;4109965,7651;-199784,9883;4109967,8365;;;;;;
R1-112;'112.BTV.D100000296;;'112.LBT.D200000129;LP36 CANTARRA,PRADO, AND NAVARRE * V: 201-202;'201-202;No;;0,4;0,4;5;5;Fachada;Trifásico;;MANGUERA CU(4X10);10;111,8;77,45731211;;1,9500000000000002;0,11;1;Simplex;9/2/1995, 0:00:00;;;;Propio;100;335661,355;4082780,0445;457;335657,355;4082783,0441;457;0484393479LB368766853;0484398030LB368767116;;Andalucía;Andalucía;Ardales;Málaga;;No;;;;112.APO.SG000400006;;1;;870478,2452;4089264,2465;870474,0588;4089266,9925;-199660,723;4110036,5617;-199664,5474;4110039,8264;;;;;;
R1-112;'112.BTV.D100000578;;'112.LBT.D100000002;LP45 DEPÓSITO AGUA * Vano: 104-105;'104-105;No;;0,4;0,4;11,18033989;12,247;Fachada;Trifásico;;MANGUERA CU(4X10);10;111,8;77,45731211;;1,9500000000000002;0,11;1;Simplex;9/2/1995, 0:00:00;;;;Propio;90;335471,355;4082740,0466;440;335476,355;4082730,0475;440;0484605697LB368762918;0484599872LB368762026;;Andalucía;Andalucía;Ardales;Málaga;;No;;;;;;2;;870290,8809;4089212,3151;870296,5071;4089202,6369;-199853,9653;4110008,4788;-199849,5816;4109998,1253;;;;;;
R1-112;'112.BTV.D100000644;;'112.LBT.D100000002;LP45 DEPÓSITO AGUA * Vano: 143-144;'143-144;No;;0,4;0,4;4,47213595;4,472;Aérea;Trifásico;;MANGUERA CU(4X10);10;111,8;77,45731211;;1,9500000000000002;0,11;1;Simplex;9/2/1995, 0:00:00;;;;Propio;90;335538,355;4082798,0456;442;335536,355;4082802,0465;442;0484531814LB368768261;0484534144LB368768618;;Andalucía;Andalucía;Ardales;Málaga;;No;;;;;112.APO.SG000399877;1;;870354,1887;4089274,4948;870351,9382;4089278,3674;-199783,0351;4110062,4386;-199784,7884;4110066,5813;;;;;;
R1-112;'112.BTV.D100000609;;'112.LBT.D100000002;LP45 DEPÓSITO AGUA * Vano: 122-AC1;'122-AC1;Sí;112-02804089;0,4;0,4;1,41414285;1,4140000000000001;Fachada;Monofásico;;MANGUERA CU(2X4);4;43,2;29,92983795;;5,09;0,12000000000000001;1;Simplex;9/2/1995, 0:00:00;;;;Propio;90;335485,355;4082777,0469;439;335486,355;4082776,0476;439;0484590798LB368766277;0484589655LB368766188;;Andalucía;Andalucía;Ardales;Málaga;;No;;;;;;1;;870302,5433;4089250,1735;870303,6056;4089249,2377;-199837,5644;4110044,7272;-199836,6242;4110043,6607;;;;;;
R1-112;'112.BTV.D100000269;;'112.LBT.D200000129;LP36 CANTARRA,PRADO, AND NAVARRE * V: 174-175;'174-175;No;;0,4;0,4;5,09901951;5,099;Fachada;Trifásico;;RZ 3X95 AL /54.6;95;230;159,3486743;;0,193;0,09000000000000001;1;Simplex;9/2/1995, 0:00:00;;;;Propio;100;335623,356;4082868,0446;426;335618,356;4082869,0447;426;0484438002LB368774716;0484443631LB368774797;;Andalucía;Andalucía;Ardales;Málaga;;No;;;;112.APO.SG000399978;;1;;870434,731;4089349,8003;870429,6711;4089350,485;-199693,2754;4110127,2998;-199698,2305;4110128,6211;;;;;;
R1-112;'112.BTV.D100000462;;'112.LBT.D200000129;LP36 CANTARRA,PRADO, AND NAVARRE * V: 185-AC1;'185-AC1;Sí;112-02802155;0,4;0,4;0,9998;1;Fachada;Monofásico;;MANGUERA (2X6);6;55;38,10511777;;3,39;0,11;1;Simplex;9/2/1995, 0:00:00;;;;Propio;100;335600,356;4082870,0463;426;335600,356;4082869,0463;426;0484463840LB368774856;0484463818LB368774766;;Andalucía;Andalucía;Ardales;Málaga;;No;;;;;;1;;870411,6193;4089350,3531;870411,6823;4089349,3537;-199716,2334;4110130,7692;-199716,2969;4110129,7655;;;;;;
R1-112;'112.BTV.D100000147;;'112.LBT.D200000129;LP36 CANTARRA,PRADO, AND NAVARRE * V: 98-99;'98-99;No;;0,4;0,4;3,6055512800000002;3,606;Fachada;Monofásico;;MANGUERA CU(2X4);4;43,2;29,92983795;;5,09;0,12000000000000001;1;Simplex;9/2/1995, 0:00:00;;;;Propio;100;335633,356;4082894,0447;419;335636,356;4082892,0455;419;0484427350LB368777076;0484423942LB368776901;;Andalucía;Andalucía;Ardales;Málaga;;No;;;;;;1;;870443,0883;4089376,4136;870446,2123;4089374,6045;-199681,5877;4110152,7612;-199678,7035;4110150,5641;;;;;;
R1-112;'112.BTV.D100000385;;'112.LBT.D100000002;LP45 DEPÓSITO AGUA * Vano: 32-AC1;'32-AC1;Sí;112-02804021;0,4;0,4;7,81024968;'7,8100000000000005;Fachada;Monofásico;;MANGUERA CU(2X6);6;114,3;'79,18936292000001;;3,39;0,11;1;Simplex;9/2/1995, 0:00:00;;;;Propio;90;335589,354;4082651,0442;467;335584,354;4082645,0442;467;0484471432LB368755105;0484476909LB368754556;;Andalucía;Andalucía;Ardales;Málaga;;No;;;;;;1;;870414,408;4089130,7948;870409,7887;4089124,4838;-199741,1804;4109911,6556;-199746,5798;4109905,9508;;;;;;
R1-112;'112.BTV.D100000465;;'112.LBT.D200000129;LP36 CANTARRA,PRADO, AND NAVARRE * V: 183-AC1;'183-AC1;Sí;112-02802158;0,4;0,4;1,41421356;1,4140000000000001;Fachada;Monofásico;;MANGUERA (2X6);6;55;38,10511777;;3,39;0,11;1;Simplex;9/2/1995, 0:00:00;;;;Propio;100;335591,356;4082872,046;425;335590,356;4082871,0465;425;0484473977LB368775021;0484475077LB368774929;;Andalucía;Andalucía;Ardales;Málaga;;No;;;;;;1;;870402,499;4089351,7851;870401,5626;4089350,7232;-199725,1398;4110133,3477;-199726,2069;4110132,408;;;;;;
R1-112;'112.BTV.P200000008;;'112.LBT.D200000129;LP36 CANTARRA,PRADO, AND NAVARRE * V: 268-269;'268-269;No;;0,4;0,4;4,12310563;4,123;Fachada;Trifásico;;RZ 3X95 AL /54.6;95;230;159,3486743;;0,193;0,09000000000000001;1;Simplex;9/2/2015, 0:00:00;;;;Propio;100;335601,356;4082870,0458;426;335597,356;4082871,0466;426;0484462719LB368774858;0484467226LB368774941;;Andalucía;Andalucía;Ardales;Málaga;;No;;;;;;1;;870412,6188;4089350,4156;870408,5582;4089351,1639;-199715,2297;4110130,7052;-199719,181;4110131,9636;;;;;;
R1-112;'112.BTV.D100000215;;'112.LBT.D200000129;LP36 CANTARRA,PRADO, AND NAVARRE * V: 135-AC1;'135-AC1;Sí;112-02802112;0,4;0,4;2,9999000000000002;3;Fachada;Trifásico;;MANGUERA CU(4X10);10;111,8;77,45731211;;1,9500000000000002;0,11;1;Simplex;9/2/1995, 0:00:00;;;;Propio;100;335570,356;4082904,0471;419;335570,356;4082901,047;419;0484498223LB368777867;0484498158LB368777597;;Andalucía;Andalucía;Ardales;Málaga;;No;;;;;;1;;870379,498;4089382,4444;870379,6868;4089379,4463;-199744,1856;4110166,8005;-199744,3761;4110163,7893;;;;;;
R1-112;'112.BTV.D100000807;;'112.LBT.D100000002;LP45 DEPÓSITO AGUA * Vano: 73-AC1;'73-AC1;Sí;112-02804050;0,4;0,4;1;1;Fachada;Monofásico;;MANGUERA (2X6);6;55;38,10511777;;3,39;0,11;1;Simplex;9/2/1995, 0:00:00;;;;Propio;90;335489,355;4082723,0457;440;335489,355;4082724,0457;440;0484585141LB368761418;0484585163LB368761508;;Andalucía;Andalucía;Ardales;Málaga;;No;;;;;;1;;870309,9397;4089196,4577;870309,8767;4089197,4571;-199836,9781;4109990,2723;-199836,9146;4109991,276;;;;;;
R1-112;'112.BTV.D100000712;;'112.LBT.D100000002;LP45 DEPÓSITO AGUA * Vano: 182-183;'182-183;No;;0,4;0,4;5,83095189;8,367;Fachada;Trifásico;;MANGUERA CU(4X10);10;111,8;77,45731211;;1,9500000000000002;0,11;1;Simplex;9/2/1995, 0:00:00;;;;Propio;90;335472,355;4082714,047;440;335477,355;4082717,0469;440;0484604011LB368760578;0484598469LB368760857;;Andalucía;Andalucía;Ardales;Málaga;;No;;;;;;1;;870293,5166;4089186,3947;870298,3246;4089189,7074;-199854,6124;4109982,3196;-199849,4034;4109985,0131;;;;;;
R1-112;'112.BTV.D100000324;;'112.LBT.D200000129;LP36 CANTARRA,PRADO, AND NAVARRE * V: 229-230;'229-230;No;;0,4;0,4;8,24621125;8,246;Fachada;Trifásico;;MANGUERA CU(4X16);16;146,1;101,22104919;;1,22;0,11;1;Simplex;9/2/1995, 0:00:00;;;;Propio;100;335582,355;4082834,0465;431;335574,355;4082836,0458;431;0484483248LB368771581;0484492264LB368771747;;Andalucía;Andalucía;Ardales;Málaga;;No;;;;;;1;;870395,8954;4089313,2427;870387,7746;4089314,7372;-199736,5866;4110095,7792;-199744,4893;4110098,2938;;;;;;
R1-112;'112.BTV.D100000439;;'112.LBT.D200000129;LP36 CANTARRA,PRADO, AND NAVARRE * V: 156-AC1;'156-AC1;Sí;112-02802132;0,4;0,4;1;1;Fachada;Monofásico;;MANGUERA (2X6);6;55;38,10511777;;3,39;0,11;1;Simplex;9/2/1995, 0:00:00;;;;Propio;100;335653,355;4082849,0442;432;335653,355;4082850,0442;432;0484403946LB368773056;0484403967LB368773146;;Andalucía;Andalucía;Ardales;Málaga;;No;;;;;;1;;870465,9073;4089332,6998;870465,8443;4089333,6992;-199664,3719;4110106,3245;-199664,3084;4110107,3282;;;;;;
R1-112;'112.BTV.D100000218;;'112.LBT.D200000129;LP36 CANTARRA,PRADO, AND NAVARRE * V: 136-AC1;'136-AC1;Sí;112-02802114;0,4;0,4;1,00000001;1;Fachada;Trifásico;;MANGUERA CU(4X10);10;111,8;77,45731211;;1,9500000000000002;0,11;1;Simplex;9/2/1995, 0:00:00;;;;Propio;100;335567,356;4082896,0473;419;335568,356;4082896,0468;419;0484501414LB368777141;0484500292LB368777143;;Andalucía;Andalucía;Ardales;Málaga;;No;;;;;;1;;870377,0034;4089374,2608;870378,0028;4089374,3233;-199747,7046;4110158,9616;-199746,701;4110158,8976;;;;;;
R1-112;'112.BTV.D100000137;;'112.LBT.D200000129;LP36 CANTARRA,PRADO, AND NAVARRE * V: 93-AC1;'93-AC1;Sí;112-02802076;0,4;0,4;1,40716026;1,4140000000000001;Fachada;Monofásico;;MANGUERA (2X2.5);2,5;31,7;21,962404239999998;;8,21;0,12000000000000001;1;Simplex;9/2/1995, 0:00:00;;;;Propio;100;335643,356;4082880,0456;426;335642,356;4082879,0449;426;0484415832LB368775832;0484416931LB368775740;;Andalucía;Andalucía;Ardales;Málaga;;No;;;;;;1;;870453,9632;4089363,0526;870453,0268;4089361,9896;-199672,4395;4110138,0754;-199673,5068;4110137,1345;;;;;;
R1-112;'112.BTV.XX00000009;;'112.LBT.D200000129;LP36 CANTARRA,PRADO, AND NAVARRE * V: 34-AC2;'34-AC2;Sí;112-0440545;0,4;0,4;3;3;Subterránea;Trifásico;;RV 4X50 AL;50;120;83,13843876;;0,387;0,1;1;Simplex;9/2/1995, 0:00:00;;;;Propio;100;335703,355;4082745,0432;443;335706,355;4082745,0418;443;0484345617LB368763773;0484342253LB368763778;;Andalucía;Andalucía;Ardales;Málaga;;No;;;;;;1;;870522,422;4089231,9104;870525,4202;4089232,0979;-199620,7899;4109998,7644;-199617,7789;4109998,5726;;;;;;
R1-112;'112.BTV.D100000586;;'112.LBT.D100000002;LP45 DEPÓSITO AGUA * Vano: 108-AC1;'108-AC1;Sí;112-02804080;0,4;0,4;1;1;Fachada;Monofásico;;MANGUERA CU(2X4);4;43,2;29,92983795;;5,09;0,12000000000000001;1;Simplex;9/2/1995, 0:00:00;;;;Propio;90;335468,355;4082748,047;435;335467,355;4082748,0475;435;0484609235LB368763634;0484610356LB368763632;;Andalucía;Andalucía;Ardales;Málaga;;No;;;;;;1;;870287,3792;4089220,1217;870286,3798;4089220,0592;-199856,4685;4110016,6993;-199857,4722;4110016,7633;;;;;;
R1-112;'112.BTV.D100000011;;'112.LBT.D200000129;LP36 CANTARRA,PRADO, AND NAVARRE * V: 26-27;'26-27;No;;0,4;0,4;9,219479380000001;9,22;Subterránea;Trifásico;;RV 4X95 AL;95;210;124,70765813999999;;0,33;0,09000000000000001;1;Simplex;9/2/1995, 0:00:00;;;;Propio;100;335755,355;4082821,0417;430;335762,355;4082815,0419;430;0484288945LB368770711;0484280964LB368770182;;Andalucía;Andalucía;Ardales;Málaga;;No;;;;112.ARQ.SG000556553;112.ARQ.SG000556561;1;;870569,6064;4089311,1346;870576,9797;4089305,5792;-199563,7726;4110071,7425;-199557,1277;4110065,2761;;;;;;
R1-112;'112.BTV.D100000516;;'112.LBT.D200000129;LP36 CANTARRA,PRADO, AND NAVARRE * V: 244-AC1;'244-AC1;Sí;112-02802209;0,4;0,4;1;1;Fachada;Monofásico;;MANGUERA (2X6);6;55;38,10511777;;3,39;0,11;1;Simplex;9/2/1995, 0:00:00;;;;Propio;100;335573,356;4082844,0463;431;335573,356;4082845,0463;431;0484493557LB368772466;0484493579LB368772557;;Andalucía;Andalucía;Ardales;Málaga;;No;;;;;;1;;870386,2726;4089322,6699;870386,2097;4089323,6693;-199744,9841;4110106,3873;-199744,9205;4110107,391;;;;;;
R1-112;'112.BTV.D100000436;;'112.LBT.D200000129;LP36 CANTARRA,PRADO, AND NAVARRE * V: 153-AC1;'153-AC1;Sí;112-02802129;0,4;0,4;1;1;Fachada;Monofásico;;MANGUERA (2X6);6;55;38,10511777;;3,39;0,11;1;Simplex;9/2/1995, 0:00:00;;;;Propio;100;335687,355;4082829,0443;438;335687,355;4082830,0443;438;0484365381LB368771313;0484365403LB368771403;;Andalucía;Andalucía;Ardales;Málaga;;No;;;;;;1;;870501,145;4089314,8523;870501,082;4089315,8517;-199631,5159;4110084,0919;-199631,4525;4110085,0957;;;;;;
R1-112;'112.BTV.D100000653;;'112.LBT.D100000002;LP45 DEPÓSITO AGUA * Vano: 148-149;'148-149;No;;0,4;0,4;8,54400375;9,899000000000001;Fachada;Trifásico;;MANGUERA CU(4X16);16;146,1;101,22104919;;1,22;0,11;1;Simplex;9/2/1995, 0:00:00;;;;Propio;90;335543,355;4082800,0466;447;335551,355;4082803,0462;447;0484526250LB368768450;0484517343LB368768734;;Andalucía;Andalucía;Ardales;Málaga;;No;;;;;;1;;870359,0597;4089276,8093;870366,8659;4089280,3106;-199777,8895;4110064,1296;-199769,6695;4110066,6324;;;;;;
R1-112;'112.BTV.D200000328;;'112.LBT.D200000129;LP36 CANTARRA,PRADO, AND NAVARRE * V: 15-AC1;'15-AC1;Sí;112-02802005;0,4;0,4;1;1;Fachada;Monofásico;;MANGUERA CU(2X6);6;114,3;'79,18936292000001;;3,39;0,11;1;Simplex;9/2/1995, 0:00:00;;;;Propio;100;335698,354;4082679,0417;447;335698,354;4082680,0417;447;0484349796LB368757817;0484349818LB368757907;;Andalucía;Andalucía;Ardales;Málaga;;No;;;;;;1;;870521,5782;4089165,6351;870521,5153;4089166,6345;-199629,9998;4109932,8364;-199629,9362;4109933,8401;;;;;;
R1-112;'112.BTV.D100000175;;'112.LBT.D200000129;LP36 CANTARRA,PRADO, AND NAVARRE * V: 112-113;'112-113;No;;0,4;0,4;2,82842712;2,8280000000000003;Fachada;Trifásico;;MANGUERA CU(4X16);16;146,1;101,22104919;;1,22;0,11;1;Simplex;9/2/1995, 0:00:00;;;;Propio;100;335612,356;4082911,0466;415;335610,356;4082913,0465;415;0484451271LB368778571;0484453557LB368778748;;Andalucía;Andalucía;Ardales;Málaga;;No;;;;;;1;;870421,0313;4089392,0832;870418,9067;4089393,9559;-199701,5859;4110171,1593;-199703,4663;4110173,2935;;;;;;
R1-112;'112.BTV.D100000448;;'112.LBT.D200000129;LP36 CANTARRA,PRADO, AND NAVARRE * V: 166-AC1;'166-AC1;Sí;112-02802141;0,4;0,4;1;1;Fachada;Monofásico;;MANGUERA (2X6);6;55;38,10511777;;3,39;0,11;1;Simplex;9/2/1995, 0:00:00;;;;Propio;100;335669,355;4082831,0446;439;335669,355;4082830,0446;439;0484385612LB368771462;0484385590LB368771372;;Andalucía;Andalucía;Ardales;Málaga;;No;;;;;;1;;870483,0302;4089315,7185;870483,0932;4089314,7191;-199649,4555;4110087,2425;-199649,519;4110086,2388;;;;;;
R1-112;'112.BTV.D100000080;;'112.LBT.D200000129;LP36 CANTARRA,PRADO, AND NAVARRE * V: 66-AC1;'66-AC1;Sí;112-02802046;0,4;0,4;1,41421356;1,4140000000000001;Fachada;Monofásico;;MANGUERA (2X6);6;55;38,10511777;;3,39;0,11;1;Simplex;9/2/1995, 0:00:00;;;;Propio;100;335723,355;4082841,0427;430;335722,355;4082842,0431;430;0484325266LB368772457;0484326410LB368772545;;Andalucía;Andalucía;Ardales;Málaga;;No;;;;;;1;;870536,3674;4089329,1091;870535,3051;4089330,046;-199594,621;4110093,8491;-199595,5612;4110094,9167;;;;;;
R1-112;'112.BTV.D100000487;;'112.LBT.D200000129;LP36 CANTARRA,PRADO, AND NAVARRE * V: 214-AC1;'214-AC1;Sí;112-02802180;0,4;0,4;1;1;Fachada;Monofásico;;MANGUERA (2X6);6;55;38,10511777;;3,39;0,11;1;Simplex;9/2/1995, 0:00:00;;;;Propio;100;335601,355;4082829,0455;440;335602,355;4082829,0451;440;0484461831LB368771164;0484460709LB368771165;;Andalucía;Andalucía;Ardales;Málaga;;No;;;;;;1;;870415,1983;4089309,4407;870416,1978;4089309,5032;-199717,8339;4110089,5534;-199716,8302;4110089,4894;;;;;;
R1-112;'112.BTV.D100000662;;'112.LBT.D100000002;LP45 DEPÓSITO AGUA * Vano: 153-AC1;'153-AC1;Sí;112-02804111;0,4;0,4;1;11,045;Fachada;Monofásico;;MANGUERA CU(2X4);4;43,2;29,92983795;;5,09;0,12000000000000001;1;Simplex;9/2/1995, 0:00:00;;;;Propio;90;335577,355;4082809,0464;451;335577,355;4082808,0464;451;0484488314LB368769320;0484488292LB368769230;;Andalucía;Andalucía;Ardales;Málaga;;No;;;;;;1;;870392,472;4089287,9435;870392,535;4089286,9441;-199743,1924;4110071,0041;-199743,2559;4110070,0004;;;;;;
R1-112;'112.BTV.6307224640;;'112.LBT.6307224615;LP94 CALLE CERRILLO, CALLE CASTAÑA Vano: 3-4;'3-4;No;;0,4;0,42;38,109561479999996;38,1;Subterránea;Trifásico;;RV 3X240 /150;240;410;284,05633244;;0,075;0,08;1;Simplex;29/10/2020, 0:00:00;;;;Propio;0;335599,354;4082623,0427;476;335604,43;4082660,8095;476;0484459610LB368752599;0484454736LB368756011;;Andalucía;Andalucía;Ardales;Málaga;;No;;;;112.ARQ.SG000556453;112.ARQ.SG000556455;1;;870426,1641;4089103,4401;870428,86;4089141,5029;-199732,9211;4109882,9156;-199725,4287;4109920,4999;;;;;;
R1-112;'112.BTV.D100000440;;'112.LBT.D200000129;LP36 CANTARRA,PRADO, AND NAVARRE * V: 157-AC1;'157-AC1;Sí;112-02802133;0,4;0,4;1;1;Fachada;Trifásico;;MANGUERA CU(4X10);10;111,8;77,45731211;;1,9500000000000002;0,11;1;Simplex;9/2/1995, 0:00:00;;;;Propio;100;335644,355;4082855,045;433;335644,355;4082856,045;433;0484414169LB368773581;0484414191LB368773671;;Andalucía;Andalucía;Ardales;Málaga;;No;;;;;;1;;870456,5351;4089338,1304;870456,4723;4089339,1298;-199673,0242;4110112,9189;-199672,9606;4110113,9226;;;;;;
R1-112;'112.BTV.D100000639;;'112.LBT.D100000002;LP45 DEPÓSITO AGUA * Vano: 140-AC1;'140-AC1;Sí;112-02804101;0,4;0,4;3,16227766;5,916;Fachada;Monofásico;;MANGUERA (2X6);6;55;38,10511777;;3,39;0,11;1;Simplex;9/2/1995, 0:00:00;;;;Propio;90;335509,355;4082785,0468;443;335510,355;4082782,0474;443;0484564056LB368767039;0484562869LB368766771;;Andalucía;Andalucía;Ardales;Málaga;;No;;;;112.APO.SG000399849;;1;;870326,0249;4089259,6789;870327,2131;4089256,7444;-199812,9677;4110051,233;-199812,1544;4110048,159;;;;;;
R1-112;'112.BTV.D100000676;;'112.LBT.D100000002;LP45 DEPÓSITO AGUA * Vano: 161-AC1;'161-AC1;Sí;112-02804117;0,4;0,4;1,41421356;1,4140000000000001;Fachada;Monofásico;;MANGUERA CU(2X4);4;43,2;29,92983795;;5,09;0,12000000000000001;1;Simplex;9/2/1995, 0:00:00;;;;Propio;90;335462,355;4082703,0472;438;335463,355;4082702,0468;438;0484614988LB368759569;0484613845LB368759481;;Andalucía;Andalucía;Ardales;Málaga;;No;;;;;;1;;870284,2152;4089174,7724;870285,2775;4089173,8354;-199865,3477;4109971,914;-199864,4075;4109970,8463;;;;;;
R1-112;'112.BTV.D100000561;;'112.LBT.D100000002;LP45 DEPÓSITO AGUA * Vano: 94-AC1;'94-AC1;Sí;112-02804069;0,4;0,4;2;2;Fachada;Monofásico;;MANGUERA CU(2X4);4;43,2;29,92983795;;5,09;0,12000000000000001;1;Simplex;9/2/1995, 0:00:00;;;;Propio;90;335494,355;4082691,0465;439;335492,355;4082691,0463;439;0484578840LB368758544;0484581083LB368758540;;Andalucía;Andalucía;Ardales;Málaga;;No;;;;;;1;;870316,9505;4089164,7931;870314,9518;4089164,667;-199833,9912;4109957,8371;-199835,9986;4109957,9639;;;;;;
R1-112;'112.BTV.D100000332;;'112.LBT.D200000129;LP36 CANTARRA,PRADO, AND NAVARRE * V: 237-238;'237-238;No;;0,4;0,4;10,04987562;10,05;Fachada;Trifásico;;MANGUERA CU(4X10);10;111,8;77,45731211;;1,9500000000000002;0,11;1;Simplex;9/2/1995, 0:00:00;;;;Propio;100;335536,356;4082833,0468;436;335526,356;4082832,047;436;0484534815LB368771411;0484546008LB368771303;;Andalucía;Andalucía;Ardales;Málaga;;No;;;;;;1;;870349,988;4089309,3484;870340,0571;4089307,7198;-199782,8192;4110097,6962;-199792,9198;4110097,3276;;;;;;
R1-112;'112.BTV.D100000032;;'112.LBT.D200000129;LP36 CANTARRA,PRADO, AND NAVARRE * V: 37-38;'37-38;No;;0,4;0,4;21;21;Aérea;Trifásico;;RZ 4X25 AL;25;100;69,2820323;;0,727;0,11;1;Simplex;9/2/1995, 0:00:00;;;;Propio;100;335719,354;4082717,0426;443;335719,354;4082696,0424;443;0484327068LB368761278;0484326613LB368759386;;Andalucía;Andalucía;Ardales;Málaga;;No;;;;;112.APO.SG000400045;1;;870540,1734;4089204,9341;870541,4952;4089183,947;-199606,5095;4109969,6445;-199607,8427;4109948,5668;;;;;;
R1-112;'112.BTV.D100000151;;'112.LBT.D200000129;LP36 CANTARRA,PRADO, AND NAVARRE * V: 100-101;'100-101;No;;0,4;0,4;3,6055512800000002;3,606;Fachada;Trifásico;;MANGUERA CU(4X10);10;111,8;77,45731211;;1,9500000000000002;0,11;1;Simplex;9/2/1995, 0:00:00;;;;Propio;100;335640,356;4082889,0448;419;335643,356;4082887,0456;419;0484419391LB368776637;0484415983LB368776463;;Andalucía;Andalucía;Ardales;Málaga;;No;;;;;;1;;870450,3987;4089371,8574;870453,5227;4089370,0483;-199674,8793;4110147,2983;-199671,9951;4110145,1013;;;;;;
R1-112;'112.BTV.6308900654;;'112.LBT.D200000129;LP36 CANTARRA,PRADO, AND NAVARRE * V: 45-AC1;'45-AC1;Sí;;0,4;0,4;2,82890367;3;Subterránea;Monofásico;;MANGUERA CU(2X10);10;135,9;94,1542819;;1,9500000000000002;0,11;;Simplex;28/6/2021, 0:00:00;;;;Propio;100;335773,355;4082794,0425;431;335775,841;4082792,686;431;0484268173LB368768309;0484265356LB368768191;;Andalucía;Andalucía;Ardales;Málaga;;No;;;;112.ARQ.SG000556570;;1;;870589,2946;4089285,2851;870591,8644;4089284,0859;-199547,4202;4110043,5007;-199545,0112;4110041,9813;;;;;;
R1-112;'112.BTV.D100000270;;'112.LBT.D200000129;LP36 CANTARRA,PRADO, AND NAVARRE * V: 175-176;'175-176;No;;0,4;0,4;3,16227766;3,162;Fachada;Trifásico;;MANGUERA CU(4X10);10;111,8;77,45731211;;1,9500000000000002;0,11;1;Simplex;9/2/1995, 0:00:00;;;;Propio;100;335618,356;4082869,0447;426;335621,356;4082868,0455;426;0484443631LB368774797;0484440245LB368774712;;Andalucía;Andalucía;Ardales;Málaga;;No;;;;;;1;;870429,6711;4089350,485;870432,7322;4089349,6753;-199698,2305;4110128,6211;-199695,2827;4110127,4277;;;;;;
R1-112;'112.BTV.D100000375;;'112.LBT.D100000002;LP45 DEPÓSITO AGUA * Vano: 22-23;'22-23;No;;0,4;0,4;8,596458689999999;9,95;Fachada;Trifásico;;MANGUERA CU(4X6);6;83,8;58,05834307;;3,39;0,11;1;Simplex;9/2/1995, 0:00:00;;;;Propio;90;335553,354;4082640,0441;454;335546,354;4082635,0451;454;0484511567LB368754051;0484519309LB368753589;;Andalucía;Andalucía;Ardales;Málaga;;No;;;;;;1;;870379,1227;4089117,5357;870372,4417;4089112,0993;-199778,012;4109902,9003;-199785,3552;4109898,3272;;;;;;
R1-112;'112.BTV.D100000665;;'112.LBT.D100000002;LP45 DEPÓSITO AGUA * Vano: 155-AC1;'155-AC1;Sí;112-02804112;0,4;0,4;2;2;Fachada;Monofásico;;MANGUERA CU(2X4);4;43,2;29,92983795;;5,09;0,12000000000000001;1;Simplex;9/2/1995, 0:00:00;;;;Propio;90;335590,355;4082807,0449;451;335590,355;4082805,0449;451;0484473691LB368769162;0484473647LB368768982;;Andalucía;Andalucía;Ardales;Málaga;;No;;;;112.APO.SG000399949;;1;;870405,5899;4089286,7614;870405,7158;4089284,7626;-199730,2714;4110068,1697;-199730,3983;4110066,1623;;;;;;
R1-112;'112.BTV.D100000387;;'112.LBT.D100000002;LP45 DEPÓSITO AGUA * Vano: 32-33;'32-33;No;;0,4;0,4;9,21954446;9,695;Fachada;Trifásico;;MANGUERA CU(4X6);6;83,8;58,05834307;;3,39;0,11;1;Simplex;9/2/1995, 0:00:00;;;;Propio;90;335589,354;4082651,0442;464;335591,354;4082660,0445;464;0484471432LB368755105;0484469384LB368755919;;Andalucía;Andalucía;Ardales;Málaga;;No;;;;;;1;;870414,408;4089130,7948;870415,8403;4089139,9153;-199741,1804;4109911,6556;-199738,6016;4109920,5621;;;;;;
R1-112;'112.BTV.D100000786;;'112.LBT.D100000002;LP45 DEPÓSITO AGUA * Vano: 43-AC2;'43-AC2;Sí;112-02804029;0,4;0,4;2,24492717;2,236;Fachada;Monofásico;;MANGUERA (2X6);6;55;38,10511777;;3,39;0,11;1;Simplex;9/2/1995, 0:00:00;;;;Propio;90;335561,354;4082670,045;457;335560,354;4082672,0455;457;0484503246LB368756768;0484504410LB368756947;;Andalucía;Andalucía;Ardales;Málaga;;No;;;;;;1;;870385,2295;4089148,0215;870384,1043;4089149,9578;-199768,0777;4109932,5043;-199768,9543;4109934,5757;;;;;;
R1-112;'112.BTV.D100000230;;'112.LBT.D200000129;LP36 CANTARRA,PRADO, AND NAVARRE * V: 141-142;'141-142;No;;0,4;0,4;4,47213595;4,472;Fachada;Trifásico;;MANGUERA CU(4X10);10;111,8;77,45731211;;1,9500000000000002;0,11;1;Simplex;9/2/1995, 0:00:00;;;;Propio;100;335565,356;4082913,0472;414;335567,356;4082917,0474;414;0484504025LB368778669;0484501869LB368779033;;Andalucía;Andalucía;Ardales;Málaga;;No;;;;;;1;;870373,9346;4089391,1243;870375,6816;4089395,2479;-199748,6327;4110176,1514;-199746,3713;4110180,0394;;;;;;
R1-112;'112.BTV.D100000111;;'112.LBT.D200000129;LP36 CANTARRA,PRADO, AND NAVARRE * V: 81-AC1;'81-AC1;Sí;112-02802061;0,4;0,4;1;1;Aérea;Monofásico;;MANGUERA CU(2X4);4;43,2;29,92983795;;5,09;0,12000000000000001;1;Simplex;9/2/1995, 0:00:00;;;;Propio;100;335669,355;4082862,0437;424;335669,355;4082861,0437;424;0484386283LB368774255;0484386261LB368774165;;Andalucía;Andalucía;Ardales;Málaga;;No;;;;;;1;;870481,0791;4089346,6983;870481,1421;4089345,6989;-199647,4873;4110118,3562;-199647,5508;4110117,3525;;;;;;
R1-112;'112.BTV.D100000534;;'112.LBT.D100000002;LP45 DEPÓSITO AGUA * Vano: 80-81;'80-81;No;;0,4;0,4;7,28010989;7,28;Fachada;Trifásico;;MANGUERA CU(4X10);10;111,8;77,45731211;;1,9500000000000002;0,11;1;Simplex;9/2/1995, 0:00:00;;;;Propio;90;335501,355;4082675,0464;446;335503,355;4082668,0465;446;0484570642LB368757114;0484568247LB368756487;;Andalucía;Andalucía;Ardales;Málaga;;No;;;;;;1;;870324,9531;4089149,2435;870327,3925;4089142,3739;-199827,9811;4109941,3334;-199826,4181;4109934,1807;;;;;;
R1-112;'112.BTV.D100000673;;'112.LBT.D100000002;LP45 DEPÓSITO AGUA * Vano: 159-160;'159-160;No;;0,4;0,4;5;5;Fachada;Trifásico;;MANGUERA CU(4X10);10;111,8;77,45731211;;1,9500000000000002;0,11;1;Simplex;9/2/1995, 0:00:00;;;;Propio;90;335457,355;4082699,0474;438;335461,355;4082702,0466;438;0484620508LB368759200;0484616088LB368759477;;Andalucía;Andalucía;Ardales;Málaga;;No;;;;;;1;;870279,47;4089170,4603;870283,2787;4089173,7094;-199870,6201;4109968,2167;-199866,4149;4109970,9731;;;;;;
R1-112;'112.BTV.D100000200;;'112.LBT.D200000129;LP36 CANTARRA,PRADO, AND NAVARRE * V: 126-AC1;'126-AC1;Sí;112-02802106;0,4;0,4;1;1;Fachada;Monofásico;;MANGUERA (2X2.5);2,5;31,7;21,962404239999998;;8,21;0,12000000000000001;1;Simplex;9/2/1995, 0:00:00;;;;Propio;100;335602,356;4082910,0457;415;335602,356;4082909,0457;415;0484462464LB368778463;0484462442LB368778373;;Andalucía;Andalucía;Ardales;Málaga;;No;;;;;;1;;870411,1004;4089390,4534;870411,1634;4089389,4541;-199711,6865;4110170,7895;-199711,7499;4110169,7858;;;;;;
R1-112;'112.BTV.D100000293;;'112.LBT.D200000129;LP36 CANTARRA,PRADO, AND NAVARRE * V: 198-199;'198-199;No;;0,4;0,4;4,24264069;4,243;Fachada;Trifásico;;MANGUERA CU(4X10);10;111,8;77,45731211;;1,9500000000000002;0,11;1;Simplex;9/2/1995, 0:00:00;;;;Propio;100;335667,355;4082780,044;457;335670,355;4082777,0427;457;0484386750LB368766864;0484383320LB368766598;;Andalucía;Andalucía;Ardales;Málaga;;No;;;;;;1;;870484,2414;4089264,6237;870487,4284;4089261,813;-199654,7009;4110036,1803;-199651,8804;4110032,9774;;;;;;
R1-112;'112.BTV.D100000331;;'112.LBT.D200000129;LP36 CANTARRA,PRADO, AND NAVARRE * V: 236-237;'236-237;No;;0,4;0,4;5,09901951;7,141;Fachada;Trifásico;;MANGUERA CU(4X10);10;111,8;77,45731211;;1,9500000000000002;0,11;1;Simplex;9/2/1995, 0:00:00;;;;Propio;100;335541,356;4082834,0455;436;335536,356;4082833,0468;436;0484529229LB368771510;0484534815LB368771411;;Andalucía;Andalucía;Ardales;Málaga;;No;;;;;;1;;870354,922;4089310,6613;870349,988;4089309,3484;-199777,7373;4110098,3812;-199782,8192;4110097,6962;;;;;;
R1-112;'112.BTV.D200000315;;'112.LBT.D200000129;LP36 CANTARRA,PRADO, AND NAVARRE * V: 6-7;'6-7;No;;0,4;0,4;28,55193163;32,326;Subterránea;Trifásico;;RV 3X240 AL /150;240;320;221,70250337;;0,125;0,08;1;Simplex;9/2/1995, 0:00:00;;;;Propio;100;335640,875;4082705,3564;460;335653,355;4082731,0433;460;0484414829LB368760088;0484401389LB368762424;;Andalucía;Andalucía;Ardales;Málaga;;No;;;;;112.ARQ.SG000556479;1;;870462,4787;4089188,3159;870473,3342;4089214,7723;-199686,0206;4109962,8977;-199671,8636;4109987,8873;;;;;;
R1-112;'112.BTV.D100000805;;'112.LBT.D100000002;LP45 DEPÓSITO AGUA * Vano: 67-AC1;'67-AC1;Sí;112-02804048;0,4;0,4;1,00000001;1;Fachada;Monofásico;;MANGUERA (2X6);6;55;38,10511777;;3,39;0,11;1;Simplex;9/2/1995, 0:00:00;;;;Propio;90;335507,355;4082722,0461;445;335506,355;4082722,0466;445;0484564933LB368761359;0484566054LB368761358;;Andalucía;Andalucía;Ardales;Málaga;;No;;;;;;1;;870327,9913;4089196,5916;870326,9919;4089196,5292;-199818,975;4109988,1262;-199819,9786;4109988,1901;;;;;;
R1-112;'112.BTV.6307224672;;'112.LBT.6307224615;LP94 CALLE CERRILLO, CALLE CASTAÑA Vano: 7-8;'7-8;No;;0,4;0,42;33,08755379;33,09;Subterránea;Trifásico;;RV 3X240 /150;240;410;284,05633244;;0,075;0,08;1;Simplex;29/10/2020, 0:00:00;;;;Propio;0;335542,573;4082631,1525;476;335569,427;4082650,4826;476;0484523465LB368753231;0484493768LB368755020;;Andalucía;Andalucía;Ardales;Málaga;;No;;;;;;1;;870368,9081;4089107,9712;870394,5287;4089128,9794;-199789,3973;4109894,6603;-199761,2168;4109912,357;;;;;;
R1-112;'112.BTV.D200000333;;'112.LBT.D200000129;LP36 CANTARRA,PRADO, AND NAVARRE * V: 17-18;'17-18;No;;0,4;0,4;36,12478374;36,249;Subterránea;Trifásico;;RV 4X50 AL;50;120;83,13843876;;0,387;0,1;1;Simplex;9/2/1995, 0:00:00;;;;Propio;100;335698,354;4082633,0425;449;335695,354;4082597,0414;449;0484348800LB368753673;0484351384LB368750424;;Andalucía;Andalucía;Ardales;Málaga;;No;;;;112.ARQ.SG000556503;112.ARQ.SG000556500;1;;870524,4733;4089119,6644;870523,741;4089083,4969;-199632,9201;4109886,6671;-199638,2168;4109850,7233;;;;;;
R1-112;'112.BTV.D100000577;;'112.LBT.D100000002;LP45 DEPÓSITO AGUA * Vano: 104-AC1;'104-AC1;Sí;112-02804075;0,4;0,4;5,09901951;5,099;Fachada;Monofásico;;MANGUERA CU(2X4);4;43,2;29,92983795;;5,09;0,12000000000000001;1;Simplex;9/2/1995, 0:00:00;;;;Propio;90;335471,355;4082740,0466;435;335472,355;4082735,0472;435;0484605697LB368762918;0484604467LB368762470;;Andalucía;Andalucía;Ardales;Málaga;;No;;;;;;1;;870290,8809;4089212,3151;870292,1949;4089207,3817;-199853,9653;4110008,4788;-199853,2791;4110003,3974;;;;;;
R1-112;'112.BTV.D100000241;;'112.LBT.D200000129;LP36 CANTARRA,PRADO, AND NAVARRE * V: 146-147;'146-147;No;;0,4;0,4;25,45584412;25,768;Subterránea;Trifásico;;RV 4X240 AL;240;320;221,70250337;;0,125;0,08;1;Simplex;9/2/1995, 0:00:00;;;;Propio;100;335729,355;4082829,0433;436;335711,355;4082811,0434;436;0484318277LB368771386;0484338075LB368769733;;Andalucía;Andalucía;Ardales;Málaga;;No;;;;112.ARQ.SG000556528;112.ARQ.SG000556514;1;;870543,1189;4089317,4948;870526,263;4089298,3732;-199589,3607;4110081,4244;-199608,5701;4110064,5008;;;;;;
R1-112;'112.BTV.D100000132;;'112.LBT.D200000129;LP36 CANTARRA,PRADO, AND NAVARRE * V: 90-91;'90-91;No;;0,4;0,4;4,99926005;5;Fachada;Trifásico;;MANGUERA CU(4X10);10;111,8;77,45731211;;1,9500000000000002;0,11;1;Simplex;9/2/1995, 0:00:00;;;;Propio;100;335658,355;4082869,0454;424;335654,356;4082872,045;424;0484398772LB368774867;0484403321LB368775130;;Andalucía;Andalucía;Ardales;Málaga;;No;;;;;;1;;870469,6453;4089353,0033;870465,46;4089355,7493;-199658,0835;4110126,0822;-199661,9068;4110129,3468;;;;;;
R1-112;'112.BTV.D100000116;;'112.LBT.D200000129;LP36 CANTARRA,PRADO, AND NAVARRE * V: 84-AC1;'84-AC1;Sí;112-02802064;0,4;0,4;1;1;Fachada;Monofásico;;MANGUERA (2X2.5);2,5;31,7;21,962404239999998;;8,21;0,12000000000000001;1;Simplex;9/2/1995, 0:00:00;;;;Propio;100;335684,355;4082853,0436;432;335683,355;4082853,044;432;0484369265LB368773470;0484370387LB368773469;;Andalucía;Andalucía;Ardales;Málaga;;No;;;;;;1;;870496,6363;4089338,6479;870495,6369;4089338,5854;-199633,0033;4110108,3704;-199634,007;4110108,4344;;;;;;
R1-112;'112.BTV.D100000076;;'112.LBT.D200000129;LP36 CANTARRA,PRADO, AND NAVARRE * V: 64-AC1;'64-AC1;Sí;112-02802044;0,4;0,4;1;1;Fachada;Monofásico;;MANGUERA CU(2X4);4;43,2;29,92983795;;5,09;0,12000000000000001;1;Simplex;9/2/1995, 0:00:00;;;;Propio;100;335706,355;4082849,0426;430;335706,355;4082850,0426;430;0484344505LB368773148;0484344527LB368773238;;Andalucía;Andalucía;Ardales;Málaga;;No;;;;;;1;;870518,8744;4089336,034;870518,8115;4089337,0334;-199611,176;4110102,9579;-199611,1125;4110103,9616;;;;;;
R1-112;'112.BTV.D100000555;;'112.LBT.D100000002;LP45 DEPÓSITO AGUA * Vano: 91-92;'91-92;No;;0,4;0,4;3,6055512800000002;7,874;Fachada;Trifásico;;MANGUERA CU(4X10);10;111,8;77,45731211;;1,9500000000000002;0,11;1;Simplex;9/2/1995, 0:00:00;;;;Propio;90;335500,355;4082678,0458;439;335498,355;4082681,0456;439;0484571829LB368757383;0484574137LB368757650;;Andalucía;Andalucía;Ardales;Málaga;;No;;;;;;1;;870323,765;4089152,1781;870321,5774;4089155,0502;-199828,7944;4109944,4074;-199830,6114;4109947,5453;;;;;;
R1-112;'112.BTV.D100000680;;'112.LBT.D100000002;LP45 DEPÓSITO AGUA * Vano: 163-AC1;'163-AC1;Sí;112-02804119;0,4;0,4;2,23606798;4,583;Fachada;Monofásico;;MANGUERA CU(2X4);4;43,2;29,92983795;;5,09;0,12000000000000001;1;Simplex;9/2/1995, 0:00:00;;;;Propio;90;335471,355;4082709,0475;438;335472,355;4082707,047;438;0484605024LB368760125;0484603860LB368759947;;Andalucía;Andalucía;Ardales;Málaga;;No;;;;;;1;;870292,8319;4089181,3353;870293,9572;4089179,399;-199855,9334;4109977,365;-199855,0567;4109975,2936;;;;;;
R1-112;'112.BTV.D100000537;;'112.LBT.D100000002;LP45 DEPÓSITO AGUA * Vano: 82-AC1;'82-AC1;Sí;112-02804058;0,4;0,4;1;1;Fachada;Monofásico;;MANGUERA CU(2X4);4;43,2;29,92983795;;5,09;0,12000000000000001;1;Simplex;9/2/1995, 0:00:00;;;;Propio;90;335505,355;4082661,0466;446;335504,355;4082661,046;446;0484565853LB368755860;0484566974LB368755858;;Andalucía;Andalucía;Ardales;Málaga;;No;;;;;;1;;870329,8318;4089135,5042;870328,8324;4089135,4407;-199824,8551;4109927,0279;-199825,8589;4109927,0907;;;;;;
R1-112;'112.BTV.D100000084;;'112.LBT.D200000129;LP36 CANTARRA,PRADO, AND NAVARRE * V: 68-AC1;'68-AC1;Sí;112-02802048;0,4;0,4;1;1;Fachada;Monofásico;;MANGUERA (2X2.5);2,5;31,7;21,962404239999998;;8,21;0,12000000000000001;1;Simplex;9/2/1995, 0:00:00;;;;Propio;100;335727,355;4082840,0431;428;335727,355;4082841,0431;428;0484320759LB368772374;0484320780LB368772464;;Andalucía;Andalucía;Ardales;Málaga;;No;;;;;;1;;870540,4279;4089328,3619;870540,3649;4089329,3613;-199590,6697;4110092,5919;-199590,6062;4110093,5956;;;;;;
R1-112;'112.BTV.D100000708;;'112.LBT.D100000002;LP45 DEPÓSITO AGUA * Vano: 180-181;'180-181;No;;0,4;0,4;9,43398113;9,434;Fachada;Trifásico;;MANGUERA CU(4X10);10;111,8;77,45731211;;1,9500000000000002;0,11;1;Simplex;9/2/1995, 0:00:00;;;;Propio;90;335451,355;4082700,0469;438;335459,355;4082705,0476;438;0484627259LB368759280;0484618396LB368759744;;Andalucía;Andalucía;Ardales;Málaga;;No;;;;112.APO.SG000399795;;1;;870273,4109;4089171,0816;870281,0911;4089176,5826;-199876,5789;4109969,6009;-199868,2318;4109974,1122;;;;;;
R1-112;'112.BTV.D100000313;;'112.LBT.D200000129;LP36 CANTARRA,PRADO, AND NAVARRE * V: 218-219;'218-219;No;;0,4;0,4;6,40312424;6,4030000000000005;Fachada;Trifásico;;MANGUERA CU(4X10);10;111,8;77,45731211;;1,9500000000000002;0,11;1;Simplex;9/2/1995, 0:00:00;;;;Propio;100;335617,355;4082819,0448;440;335622,355;4082815,0447;440;0484443670LB368770290;0484437976LB368769939;;Andalucía;Andalucía;Ardales;Málaga;;No;;;;;;1;;870431,8178;4089300,4532;870437,0665;4089296,7703;-199702,4096;4110078,4998;-199697,6451;4110074,1675;;;;;;
R1-112;'112.BTV.D100000388;;'112.LBT.D100000002;LP45 DEPÓSITO AGUA * Vano: 33-34;'33-34;No;;0,4;0,4;21,02379604;21,024;Aérea;Trifásico;;MANGUERA CU(4X6);6;83,8;58,05834307;;3,39;0,11;1;Simplex;9/2/1995, 0:00:00;;;;Propio;90;335591,354;4082660,0445;464;335592,354;4082681,0442;464;0484469384LB368755919;0484468718LB368757813;;Andalucía;Andalucía;Ardales;Málaga;;No;;;;;112.APO.SG000399953;1;;870415,8403;4089139,9153;870415,518;4089160,9649;-199738,6016;4109920,5621;-199736,2647;4109941,576;;;;;;
R1-112;'112.BTV.D100000222;;'112.LBT.D200000129;LP36 CANTARRA,PRADO, AND NAVARRE * V: 137-AC2;'137-AC2;Sí;112-02802117;0,4;0,4;5,09901951;5,099;Fachada;Monofásico;;MANGUERA (2X2.5);2,5;31,7;21,962404239999998;;8,21;0,12000000000000001;1;Simplex;9/2/1995, 0:00:00;;;;Propio;100;335565,356;4082889,047;419;335564,356;4082884,0464;419;0484503505LB368776507;0484504518LB368776055;;Andalucía;Andalucía;Ardales;Málaga;;No;;;;;;1;;870375,4452;4089367,1391;870374,7606;4089362,0786;-199750,1565;4110152,0624;-199751,4777;4110147,1067;;;;;;
R1-112;'112.BTV.D100000560;;'112.LBT.D100000002;LP45 DEPÓSITO AGUA * Vano: 93-94;'93-94;No;;0,4;0,4;4,47213595;4,472;Fachada;Trifásico;;MANGUERA CU(4X10);10;111,8;77,45731211;;1,9500000000000002;0,11;1;Simplex;9/2/1995, 0:00:00;;;;Propio;90;335496,355;4082687,0466;439;335494,355;4082691,0465;439;0484576510LB368758187;0484578840LB368758544;;Andalucía;Andalucía;Ardales;Málaga;;No;;;;;;1;;870319,201;4089160,9216;870316,9505;4089164,7931;-199832,2377;4109953,6955;-199833,9912;4109957,8371;;;;;;
R1-112;'112.BTV.D100000400;;'112.LBT.D100000002;LP45 DEPÓSITO AGUA * Vano: 22-44;'22-44;No;;0,4;0,4;18,02775638;18,028;Fachada;Trifásico;;RZ 4X95 AL;95;230;159,3486743;;0,193;0,09000000000000001;1;Simplex;9/2/1995, 0:00:00;;;;Propio;90;335553,354;4082640,0441;459;335568,354;4082650,0439;459;0484511567LB368754051;0484494961LB368754978;;Andalucía;Andalucía;Ardales;Málaga;;No;;;;;;1;;870379,1227;4089117,5357;870393,4841;4089128,4734;-199778,012;4109902,9003;-199762,3215;4109911,9848;;;;;;
R1-112;'112.BTV.D100000289;;'112.LBT.D200000129;LP36 CANTARRA,PRADO, AND NAVARRE * V: 194-195;'194-195;No;;0,4;0,4;1,5292746599999998;1,4140000000000001;Subterránea;Trifásico;;RZ 4X240;240;320;221,70250337;;0,075;0,08;1;Simplex;9/2/1995, 0:00:00;;;;Propio;100;335678,355;4082770,0435;448;335677,696;4082771,4158;448;0484374196LB368765982;0484374965LB368766104;;Andalucía;Andalucía;Ardales;Málaga;;No;;;;112.ARQ.SG000556490;;1;;870495,864;4089255,3217;870495,1191;4089256,6517;-199644,2952;4110025,4444;-199644,8695;4110026,8636;;;;;;
R1-112;'112.BTV.D100000390;;'112.LBT.D100000002;LP45 DEPÓSITO AGUA * Vano: 34-35;'34-35;No;;0,4;0,4;6;6,083;Fachada;Trifásico;;MANGUERA CU(4X6);6;83,8;58,05834307;;3,39;0,11;1;Simplex;9/2/1995, 0:00:00;;;;Propio;90;335592,354;4082681,0442;465;335592,354;4082687,0442;465;0484468718LB368757813;0484468848LB368758354;;Andalucía;Andalucía;Ardales;Málaga;;No;;;;112.APO.SG000399953;;1;;870415,518;4089160,9649;870415,1404;4089166,9612;-199736,2647;4109941,576;-199735,8837;4109947,5983;;;;;;
R1-112;'112.BTV.D100000106;;'112.LBT.D200000129;LP36 CANTARRA,PRADO, AND NAVARRE * V: 78-80;'78-80;No;;0,4;0,4;5,83095189;5,831;Fachada;Trifásico;;MANGUERA CU(4X16);16;146,1;101,22104919;;1,22;0,11;1;Simplex;9/2/1995, 0:00:00;;;;Propio;100;335661,355;4082867,044;424;335666,355;4082864,044;424;0484395364LB368774692;0484389691LB368774430;;Andalucía;Andalucía;Ardales;Málaga;;No;;;;112.APO.SG000400007;;1;;870472,7694;4089351,192;870477,9551;4089348,5085;-199655,1995;4110123,883;-199650,3714;4110120,5544;;;;;;
R1-112;'112.BTV.D100000085;;'112.LBT.D200000129;LP36 CANTARRA,PRADO, AND NAVARRE * V: 68-69;'68-69;No;;0,4;0,4;4,47213595;4,472;Fachada;Trifásico;;MANGUERA CU(4X16);16;146,1;101,22104919;;1,22;0,11;1;Simplex;9/2/1995, 0:00:00;;;;Propio;100;335727,355;4082840,0431;428;335731,355;4082838,0436;428;0484320759LB368772374;0484316229LB368772201;;Andalucía;Andalucía;Ardales;Málaga;;No;;;;;;1;;870540,4279;4089328,3619;870544,5512;4089326,6154;-199590,6697;4110092,5919;-199586,7819;4110090,331;;;;;;
R1-112;'112.BTV.D100000273;;'112.LBT.D200000129;LP36 CANTARRA,PRADO, AND NAVARRE * V: 178-179;'178-179;No;;0,4;0,4;5,385164809999999;5,385;Fachada;Trifásico;;MANGUERA CU(4X10);10;111,8;77,45731211;;1,9500000000000002;0,11;1;Simplex;9/2/1995, 0:00:00;;;;Propio;100;335610,356;4082872,0462;426;335605,356;4082874,0462;426;0484452668LB368775054;0484458319LB368775225;;Andalucía;Andalucía;Ardales;Málaga;;No;;;;;;1;;870421,4873;4089352,9811;870416,3645;4089354,6652;-199706,0694;4110132,1416;-199710,961;4110134,4665;;;;;;
R1-112;'112.BTV.D100000229;;'112.LBT.D200000129;LP36 CANTARRA,PRADO, AND NAVARRE * V: 141-AC1;'141-AC1;Sí;112-02802120;0,4;0,4;1;1;Fachada;Trifásico;;MANGUERA CU(4X10);10;111,8;77,45731211;;1,9500000000000002;0,11;1;Simplex;9/2/1995, 0:00:00;;;;Propio;100;335565,356;4082913,0472;414;335565,356;4082914,0472;414;0484504025LB368778669;0484504047LB368778760;;Andalucía;Andalucía;Ardales;Málaga;;No;;;;;;1;;870373,9346;4089391,1243;870373,8717;4089392,1237;-199748,6327;4110176,1514;-199748,5692;4110177,1551;;;;;;
R1-112;'112.BTV.D100000659;;'112.LBT.D100000002;LP45 DEPÓSITO AGUA * Vano: 151-152;'151-152;No;;0,4;0,4;5,09901951;5,099;Fachada;Trifásico;;MANGUERA CU(4X10);10;111,8;77,45731211;;1,9500000000000002;0,11;1;Simplex;9/2/1995, 0:00:00;;;;Propio;90;335565,355;4082807,0464;447;335570,355;4082808,0463;447;0484501728LB368769119;0484496143LB368769218;;Andalucía;Andalucía;Ardales;Málaga;;No;;;;;;1;;870380,6054;4089285,1894;870385,5393;4089286,5034;-199755,3637;4110069,7585;-199750,2818;4110070,4447;;;;;;
R1-112;'112.BTV.D100000469;;'112.LBT.D200000129;LP36 CANTARRA,PRADO, AND NAVARRE * V: 191-AC1;'191-AC1;Sí;112-02802162;0,4;0,4;1,0001;1;Fachada;Monofásico;;MANGUERA (2X6);6;55;38,10511777;;3,39;0,11;1;Simplex;9/2/1995, 0:00:00;;;;Propio;100;335590,356;4082878,0465;425;335590,356;4082879,0465;425;0484475229LB368775559;0484475250LB368775650;;Andalucía;Andalucía;Ardales;Málaga;;No;;;;;;1;;870401,1221;4089357,7189;870401,0591;4089358,7183;-199725,7624;4110139,4339;-199725,6989;4110140,4376;;;;;;
R1-112;'112.BTV.D100000058;;'112.LBT.D200000129;LP36 CANTARRA,PRADO, AND NAVARRE * V: 44-52;'44-52;No;;0,4;0,4;7,21104708;7,211;Subterránea;Trifásico;;RV 4X50 AL;50;120;83,13843876;;0,387;0,1;1;Simplex;9/2/1995, 0:00:00;;;;Propio;100;335778,3551;4082801,0426;426;335784,355;4082797,0411;426;0484262717LB368768949;0484255901LB368768599;;Andalucía;Andalucía;Ardales;Málaga;;No;;;;112.ARQ.SG000556573;112.ARQ.SG000556578;1;;870593,851;4089292,5955;870600,099;4089288,9741;-199541,9573;4110050,2092;-199536,1892;4110045,8119;;;;;;
R1-112;'112.BTV.D100000451;;'112.LBT.D200000129;LP36 CANTARRA,PRADO, AND NAVARRE * V: 169-AC1;'169-AC1;Sí;112-02802144;0,4;0,4;1;1;Fachada;Monofásico;;MANGUERA (2X6);6;55;38,10511777;;3,39;0,11;1;Simplex;9/2/1995, 0:00:00;;;;Propio;100;335685,355;4082819,044;438;335685,355;4082818,044;438;0484367407LB368770409;0484367386LB368770319;;Andalucía;Andalucía;Ardales;Málaga;;No;;;;;;1;;870499,7756;4089304,7323;870499,8386;4089303,7329;-199634,1582;4110074,1817;-199634,2217;4110073,178;;;;;;
R1-112;'112.BTV.D100000404;;'112.LBT.D100000002;LP45 DEPÓSITO AGUA * Vano: 47-48;'47-48;No;;0,4;0,4;6,70820393;6,708;Fachada;Trifásico;;MANGUERA CU(4X6);6;83,8;58,05834307;;3,39;0,11;1;Simplex;9/2/1995, 0:00:00;;;;Propio;90;335543,355;4082691,0446;451;335546,355;4082685,0454;451;0484523887LB368758629;0484520392LB368758094;;Andalucía;Andalucía;Ardales;Málaga;;No;;;;;;1;;870365,92;4089167,8752;870369,2958;4089162,0686;-199784,81;4109954,7244;-199782,1798;4109948,5125;;;;;;
R1-112;'112.BTV.D100000502;;'112.LBT.D200000129;LP36 CANTARRA,PRADO, AND NAVARRE * V: 231-AC1;'231-AC1;Sí;112-02802195;0,4;0,4;1;1;Fachada;Monofásico;;MANGUERA (2X6);6;55;38,10511777;;3,39;0,11;1;Simplex;9/2/1995, 0:00:00;;;;Propio;100;335569,355;4082836,0459;431;335569,355;4082835,0459;431;0484497871LB368771739;0484497849LB368771649;;Andalucía;Andalucía;Ardales;Málaga;;No;;;;;;1;;870382,7776;4089314,4226;870382,8406;4089313,4232;-199749,5078;4110098,6113;-199749,5713;4110097,6076;;;;;;
R1-112;'112.BTV.D100000454;;'112.LBT.D200000129;LP36 CANTARRA,PRADO, AND NAVARRE * V: 172-AC1;'172-AC1;Sí;112-02802147;0,4;0,4;1;4,123;Fachada;Monofásico;;MANGUERA (2X6);6;55;38,10511777;;3,39;0,11;1;Simplex;9/2/1995, 0:00:00;;;;Propio;100;335699,355;4082809,0432;440;335699,355;4082808,0432;440;0484351490LB368769532;0484351468LB368769442;;Andalucía;Andalucía;Ardales;Málaga;;No;;;;;;1;;870514,3964;4089295,6189;870514,4593;4089294,6195;-199620,7414;4110063,255;-199620,8049;4110062,2513;;;;;;
R1-112;'112.BTV.D100000083;;'112.LBT.D200000129;LP36 CANTARRA,PRADO, AND NAVARRE * V: 66-68;'66-68;No;;0,4;0,4;4,12310563;4,583;Fachada;Trifásico;;MANGUERA CU(4X16);16;146,1;101,22104919;;1,22;0,11;1;Simplex;9/2/1995, 0:00:00;;;;Propio;100;335723,355;4082841,0427;428;335727,355;4082840,0431;428;0484325266LB368772457;0484320759LB368772374;;Andalucía;Andalucía;Ardales;Málaga;;No;;;;;;1;;870536,3674;4089329,1091;870540,4279;4089328,3619;-199594,621;4110093,8491;-199590,6697;4110092,5919;;;;;;
R1-112;'112.BTV.D100000341;;'112.LBT.D200000129;LP36 CANTARRA,PRADO, AND NAVARRE * V: 246-247;'246-247;No;;0,4;0,4;3,6055512800000002;3,606;Fachada;Monofásico;;MANGUERA CU(2X6);6;114,3;'79,18936292000001;;3,39;0,11;1;Simplex;9/2/1995, 0:00:00;;;;Propio;100;335552,356;4082856,0462;431;335555,356;4082854,0459;431;0484517369LB368773511;0484513961LB368773336;;Andalucía;Andalucía;Ardales;Málaga;;No;;;;;;1;;870364,5304;4089333,3405;870367,6544;4089331,5303;-199765,2998;4110119,7648;-199762,4157;4110117,5667;;;;;;
R1-112;'112.BTV.D100000549;;'112.LBT.D100000002;LP45 DEPÓSITO AGUA * Vano: 88-89;'88-89;No;;0,4;0,4;5,09901951;7,874;Fachada;Trifásico;;MANGUERA CU(4X10);10;111,8;77,45731211;;1,9500000000000002;0,11;1;Simplex;9/2/1995, 0:00:00;;;;Propio;90;335499,355;4082688,0463;439;335498,355;4082693,0457;439;0484573167LB368758282;0484574397LB368758731;;Andalucía;Andalucía;Ardales;Málaga;;No;;;;;;1;;870322,1362;4089162,1095;870320,8222;4089167,0428;-199829,1632;4109954,5084;-199829,8494;4109959,5898;;;;;;
R1-112;'112.BTV.D100000594;;'112.LBT.D100000002;LP45 DEPÓSITO AGUA * Vano: 112-113;'112-113;No;;0,4;0,4;6,324555320000001;8,718;Fachada;Trifásico;;MANGUERA CU(4X10);10;111,8;77,45731211;;1,9500000000000002;0,11;1;Simplex;9/2/1995, 0:00:00;;;;Propio;90;335474,355;4082747,0475;435;335472,355;4082753,0473;435;0484602484LB368763554;0484604857LB368764092;;Andalucía;Andalucía;Ardales;Málaga;;No;;;;;;1;;870293,4383;4089219,5004;870291,062;4089225,3707;-199850,5098;4110015,3151;-199852,1362;4110021,4642;;;;;;
R1-112;'112.BTV.D100000284;;'112.LBT.D200000129;LP36 CANTARRA,PRADO, AND NAVARRE * V: 189-190;'189-190;No;;0,4;0,4;12,64911064;12,649000000000001;Fachada;Trifásico;;MANGUERA CU(4X10);10;111,8;77,45731211;;1,9500000000000002;0,11;1;Simplex;9/2/1995, 0:00:00;;;;Propio;100;335578,356;4082875,0465;425;335566,356;4082879,0465;425;0484488622LB368775268;0484502167LB368775608;;Andalucía;Andalucía;Ardales;Málaga;;No;;;;;;1;;870389,3183;4089353,9654;870377,074;4089357,2077;-199737,9973;4110137,1847;-199749,7878;4110141,9614;;;;;;
R1-112;'112.BTV.D100000259;;'112.LBT.D200000129;LP36 CANTARRA,PRADO, AND NAVARRE * V: 164-165;'164-165;No;;0,4;0,4;30,89174809;30,903;Fachada;Trifásico;;MANGUERA CU(4X16);16;146,1;101,22104919;;1,22;0,11;1;Simplex;9/2/1995, 0:00:00;;;;Propio;100;335637,355;4082849,0448;432;335664,355;4082834,0435;432;0484421890LB368773028;0484391284LB368771724;;Andalucía;Andalucía;Ardales;Málaga;;No;;;;;;1;;870449,9172;4089331,6934;870477,8446;4089318,4008;-199680,4309;4110107,3409;-199654,2836;4110090,57;;;;;;
R1-112;'112.BTV.D100000433;;'112.LBT.D100000002;LP45 DEPÓSITO AGUA * Vano: 76-77;'76-77;No;;0,4;0,4;3,16227766;3,162;Fachada;Trifásico;;MANGUERA CU(4X6);6;83,8;58,05834307;;3,39;0,11;1;Simplex;9/2/1995, 0:00:00;;;;Propio;90;335496,355;4082721,0458;440;335493,355;4082720,046;440;0484577247LB368761250;0484580590LB368761155;;Andalucía;Andalucía;Ardales;Málaga;;No;;;;;;1;;870317,0611;4089194,8995;870314,1259;4089193,7116;-199830,0792;4109987,8205;-199833,1538;4109987,0075;;;;;;
R1-112;'112.BTV.D100000199;;'112.LBT.D200000129;LP36 CANTARRA,PRADO, AND NAVARRE * V: 125-126;'125-126;No;;0,4;0,4;1,41421356;1,4140000000000001;Fachada;Monofásico;;MANGUERA CU(2X6);6;114,3;'79,18936292000001;;3,39;0,11;1;Simplex;9/2/1995, 0:00:00;;;;Propio;100;335603,356;4082909,0463;415;335602,356;4082910,0457;415;0484461321LB368778375;0484462464LB368778463;;Andalucía;Andalucía;Ardales;Málaga;;No;;;;;;1;;870412,1627;4089389,5177;870411,1004;4089390,4534;-199710,7462;4110169,723;-199711,6865;4110170,7895;;;;;;
R1-112;'112.BTV.D100000304;;'112.LBT.D200000129;LP36 CANTARRA,PRADO, AND NAVARRE * V: 209-210;'209-210;No;;0,4;0,4;6,40312424;6,4030000000000005;Fachada;Trifásico;;MANGUERA CU(4X10);10;111,8;77,45731211;;1,9500000000000002;0,11;1;Simplex;9/2/1995, 0:00:00;;;;Propio;100;335657,355;4082789,0442;447;335652,355;4082793,0442;447;0484398160LB368767657;0484403854LB368768009;;Andalucía;Andalucía;Ardales;Málaga;;No;;;;;;1;;870473,6812;4089272,9888;870468,4325;4089276,6717;-199664,1665;4110045,8486;-199668,931;4110050,1809;;;;;;
R1-112;'112.BTV.D100000373;;'112.LBT.D100000002;LP45 DEPÓSITO AGUA * Vano: 4-21;'4-21;No;;0,4;0,4;14,86714216;14,866;Aérea;Trifásico;;RZ 4X95 AL;95;230;159,3486743;;0,193;0,09000000000000001;1;Simplex;9/2/1995, 1:00:00;;;9/2/1995, 1:00:00;Propio;90;335528,354;4082620,0455;457;335538,3539;4082631,0453;457;0484539171LB368752206;0484528194LB368753214;;Andalucía;Andalucía;Ardales;Málaga;;No;;;;112.APO.SG000399871;;2;;870355,3969;4089095,9762;870364,6984;4089107,5985;-199804,3741;4109884,415;-199793,6388;4109894,8206;;;;;;
R1-112;'112.BTV.D100000397;;'112.LBT.D100000002;LP45 DEPÓSITO AGUA * Vano: 40-41;'40-41;No;;0,4;0,4;5,38145891;5,385;Aérea;Trifásico;;MANGUERA CU(4X6);6;83,8;58,05834307;;3,39;0,11;1;Simplex;9/2/1995, 0:00:00;;;;Propio;90;335560,354;4082662,0454;457;335565,354;4082664,0442;457;0484504194LB368756046;0484498629LB368756234;;Andalucía;Andalucía;Ardales;Málaga;;No;;;;;112.APO.SG000399910;1;;870384,7337;4089139,964;870389,6048;4089142,2762;-199769,5892;4109924,5386;-199764,4438;4109926,2274;;;;;;
R1-112;'112.BTV.D100000431;;'112.LBT.D100000002;LP45 DEPÓSITO AGUA * Vano: 74-75;'74-75;No;;0,4;0,4;3,16227766;5,916;Fachada;Trifásico;;MANGUERA CU(4X6);6;83,8;58,05834307;;3,39;0,11;1;Simplex;9/2/1995, 0:00:00;;;;Propio;90;335498,355;4082726,046;445;335501,355;4082727,0457;445;0484575113LB368761704;0484571770LB368761799;;Andalucía;Andalucía;Ardales;Málaga;;No;;;;;;1;;870318,7452;4089200,0225;870321,6804;4089201,2104;-199827,7543;4109992,7122;-199824,6797;4109993,5251;;;;;;
R1-112;'112.BTV.D100000709;;'112.LBT.D100000002;LP45 DEPÓSITO AGUA * Vano: 181-AC1;'181-AC1;Sí;112-02804130;0,4;0,4;1,41421356;1,4140000000000001;Fachada;Monofásico;;MANGUERA CU(2X6);6;114,3;'79,18936292000001;;3,39;0,11;1;Simplex;9/2/1995, 0:00:00;;;;Propio;90;335459,355;4082705,0476;438;335458,355;4082706,0469;438;0484618396LB368759744;0484619539LB368759832;;Andalucía;Andalucía;Ardales;Málaga;;No;;;;;;1;;870281,0911;4089176,5826;870280,0288;4089177,5184;-199868,2318;4109974,1122;-199869,1721;4109975,1787;;;;;;
R1-112;'112.BTV.D100000092;;'112.LBT.D200000129;LP36 CANTARRA,PRADO, AND NAVARRE * V: 72-AC1;'72-AC1;Sí;112-02802052;0,4;0,4;1;1;Fachada;Monofásico;;MANGUERA (2X2.5);2,5;31,7;21,962404239999998;;8,21;0,12000000000000001;1;Simplex;9/2/1995, 0:00:00;;;;Propio;100;335685,355;4082862,0443;424;335685,355;4082863,0443;424;0484368339LB368774283;0484368361LB368774373;;Andalucía;Andalucía;Ardales;Málaga;;No;;;;;;1;;870497,0692;4089347,7059;870497,0062;4089348,7053;-199631,4281;4110117,341;-199631,3646;4110118,3447;;;;;;
R1-112;'112.BTV.D100000301;;'112.LBT.D200000129;LP36 CANTARRA,PRADO, AND NAVARRE * V: 206-207;'206-207;No;;0,4;0,4;5;5;Fachada;Trifásico;;MANGUERA CU(4X10);10;111,8;77,45731211;;1,9500000000000002;0,11;1;Simplex;9/2/1995, 0:00:00;;;;Propio;100;335640,355;4082796,0441;451;335636,355;4082799,0438;451;0484417377LB368768258;0484421928LB368768521;;Andalucía;Andalucía;Ardales;Málaga;;No;;;;;;1;;870456,2511;4089278,9145;870452,0649;4089281,6605;-199680,7849;4110053,9538;-199684,6092;4110057,2185;;;;;;
R1-112;'112.BTV.D100000580;;'112.LBT.D100000002;LP45 DEPÓSITO AGUA * Vano: 105-AC2;'105-AC2;Sí;112-02804077;0,4;0,4;2;2;Fachada;Monofásico;;MANGUERA CU(2X6);6;114,3;'79,18936292000001;;3,39;0,11;1;Simplex;9/2/1995, 0:00:00;;;;Propio;90;335476,355;4082730,0475;440;335476,355;4082728,0475;440;0484599872LB368762026;0484599829LB368761846;;Andalucía;Andalucía;Ardales;Málaga;;No;;;;;;1;;870296,5071;4089202,6369;870296,6329;4089200,6381;-199849,5816;4109998,1253;-199849,7087;4109996,1179;;;;;;
R1-112;'112.BTV.XX00000046;;'112.LBT.D100000002;LP45 DEPÓSITO AGUA * Vano: 73-AC2;'73-AC2;Sí;112-02804151;0,23;0,4;16,15549442;16,155;Fachada;Monofásico;;MANGUERA CU(2X6);6;114,3;45,53388368;;3,39;0,11;1;Simplex;9/2/1995, 0:00:00;;;;Propio;0;335489,355;4082723,0457;440;335474,355;4082717,0472;440;0484585141LB368761418;0484601833LB368760851;;Andalucía;Andalucía;Ardales;Málaga;;No;;;;;;1;;870309,9397;4089196,4577;870295,3266;4089189,5189;-199836,9781;4109990,2723;-199852,4144;4109985,2039;;;;;;
R1-112;'112.BTV.D100000769;;'112.LBT.D100000002;LP45 DEPÓSITO AGUA * Vano: 11-AC1;'11-AC1;Sí;112-02804008;0,4;0,4;1;1;Fachada;Monofásico;;MANGUERA CU(2X10);10;135,9;94,1542819;;1,9500000000000002;0,11;1;Simplex;9/2/1995, 0:00:00;;;;Propio;90;335513,354;4082647,045;449;335513,354;4082646,045;449;0484556578LB368754612;0484556557LB368754522;;Andalucía;Andalucía;Ardales;Málaga;;No;;;;;;1;;870338,707;4089122,0148;870338,77;4089121,0154;-199817,7155;4109912,4666;-199817,7789;4109911,4629;;;;;;
R1-112;'112.BTV.D100000205;;'112.LBT.D200000129;LP36 CANTARRA,PRADO, AND NAVARRE * V: 128-129;'128-129;No;;0,4;0,4;12,52996409;12,53;Fachada;Monofásico;;MANGUERA CU(2X6);6;114,3;'79,18936292000001;;3,39;0,11;1;Simplex;9/2/1995, 0:00:00;;;;Propio;100;335597,356;4082914,0458;415;335586,356;4082920,0465;415;0484468158LB368778815;0484480625LB368779337;;Andalucía;Andalucía;Ardales;Málaga;;No;;;;;;1;;870405,8518;4089394,1364;870394,481;4089399,4409;-199716,451;4110175,1219;-199727,1106;4110181,8432;;;;;;
R1-112;'112.BTV.D100000001;;'112.LBT.D200000129;LP36 CANTARRA,PRADO, AND NAVARRE * V: 21-22;'21-22;No;;0,4;0,4;11,3137085;11,314;Subterránea;Trifásico;;RV 4X240 AL;240;320;221,70250337;;0,125;0,08;1;Simplex;9/2/1995, 0:00:00;;;;Propio;100;335681,355;4082765,0432;448;335689,355;4082773,043;448;0484370723LB368765536;0484361925LB368766271;;Andalucía;Andalucía;Ardales;Málaga;;No;;;;112.ARQ.SG000556491;112.ARQ.SG000556496;1;;870499,1769;4089250,5133;870506,6684;4089259,0117;-199641,6015;4110020,2351;-199633,064;4110027,7566;;;;;;
R1-112;'112.BTV.D100000623;;'112.LBT.D100000002;LP45 DEPÓSITO AGUA * Vano: 129-130;'129-130;No;;0,4;0,4;6,324555320000001;6,325;Fachada;Trifásico;;MANGUERA CU(4X16);16;146,1;101,22104919;;1,22;0,11;1;Simplex;9/2/1995, 0:00:00;;;;Propio;90;335511,355;4082773,0458;443;335513,355;4082767,0459;443;0484561553LB368765961;0484559179LB368765424;;Andalucía;Andalucía;Ardales;Málaga;;No;;;;;;1;;870328,779;4089247,8112;870331,1553;4089241,941;-199811,7222;4110039,0605;-199810,0958;4110032,9115;;;;;;
R1-112;'112.BTV.D100000169;;'112.LBT.D200000129;LP36 CANTARRA,PRADO, AND NAVARRE * V: 109-110;'109-110;No;;0,4;0,4;12,21229299;12,247;Fachada;Trifásico;;MANGUERA CU(4X16);16;146,1;101,22104919;;1,22;0,11;1;Simplex;9/2/1995, 0:00:00;;;;Propio;100;335627,356;4082899,0452;420;335617,356;4082906,0465;420;0484434188LB368777516;0484445555LB368778129;;Andalucía;Andalucía;Ardales;Málaga;;No;;;;;;1;;870436,7773;4089381,0334;870426,3429;4089387,4009;-199687,2924;4110158,1612;-199696,8848;4110165,8232;;;;;;
R1-112;'112.BTV.D100000544;;'112.LBT.D100000002;LP45 DEPÓSITO AGUA * Vano: 86-AC1;'86-AC1;Sí;112-02804061;0,4;0,4;1;1;Fachada;Monofásico;;MANGUERA CU(2X4);4;43,2;29,92983795;;5,09;0,12000000000000001;1;Simplex;9/2/1995, 0:00:00;;;;Propio;90;335503,3551;4082679,0466;446;335504,355;4082679,0461;446;0484568486LB368757478;0484567365LB368757480;;Andalucía;Andalucía;Ardales;Málaga;;No;;;;;;1;;870326,7002;4089153,3671;870327,6995;4089153,4296;-199825,7197;4109945,2214;-199824,7161;4109945,1575;;;;;;
R1-112;'112.BTV.D100000272;;'112.LBT.D200000129;LP36 CANTARRA,PRADO, AND NAVARRE * V: 177-178;'177-178;No;;0,4;0,4;5,385164809999999;5,385;Fachada;Trifásico;;MANGUERA CU(4X16);16;146,1;101,22104919;;1,22;0,11;1;Simplex;9/2/1995, 0:00:00;;;;Propio;100;335615,356;4082870,045;426;335610,356;4082872,0462;426;0484447017LB368774882;0484452668LB368775054;;Andalucía;Andalucía;Ardales;Málaga;;No;;;;;;1;;870426,6101;4089351,2959;870421,4873;4089352,9811;-199701,178;4110129,8155;-199706,0694;4110132,1416;;;;;;
R1-112;'112.BTV.D100000675;;'112.LBT.D100000002;LP45 DEPÓSITO AGUA * Vano: 160-161;'160-161;No;;0,4;0,4;1,41421356;1,4140000000000001;Fachada;Trifásico;;MANGUERA CU(4X10);10;111,8;77,45731211;;1,9500000000000002;0,11;1;Simplex;9/2/1995, 0:00:00;;;;Propio;90;335461,355;4082702,0466;438;335462,355;4082703,0472;438;0484616088LB368759477;0484614988LB368759569;;Andalucía;Andalucía;Ardales;Málaga;;No;;;;;;1;;870283,2787;4089173,7094;870284,2152;4089174,7724;-199866,4149;4109970,9731;-199865,3477;4109971,914;;;;;;
R1-112;'112.BTV.D100000489;;'112.LBT.D200000129;LP36 CANTARRA,PRADO, AND NAVARRE * V: 216-AC1;'216-AC1;Sí;112-02802182;0,4;0,4;1,4142842700000002;1,4140000000000001;Fachada;Monofásico;;MANGUERA (2X6);6;55;38,10511777;;3,39;0,11;1;Simplex;9/2/1995, 0:00:00;;;;Propio;100;335609,355;4082825,0452;440;335610,355;4082826,0447;440;0484452772LB368770817;0484451672LB368770909;;Andalucía;Andalucía;Ardales;Málaga;;No;;;;;;1;;870423,4451;4089305,9463;870424,3816;4089307,0082;-199710,0583;4110085,0303;-199708,9911;4110085,97;;;;;;
R1-112;'112.BTV.D100000447;;'112.LBT.D200000129;LP36 CANTARRA,PRADO, AND NAVARRE * V: 165-AC1;'165-AC1;Sí;112-02802140;0,4;0,4;1;7,071;Fachada;Monofásico;;MANGUERA (2X6);6;55;38,10511777;;3,39;0,11;1;Simplex;9/2/1995, 0:00:00;;;;Propio;100;335664,355;4082834,0435;439;335664,355;4082833,0446;439;0484391284LB368771724;0484391262LB368771634;;Andalucía;Andalucía;Ardales;Málaga;;No;;;;;;1;;870477,8446;4089318,4008;870477,9074;4089317,4026;-199654,2836;4110090,57;-199654,347;4110089,5674;;;;;;
R1-112;'112.BTV.D100000645;;'112.LBT.D100000002;LP45 DEPÓSITO AGUA * Vano: 144-145;'144-145;No;;0,4;0,4;1;1;Fachada;Trifásico;;MANGUERA CU(4X10);10;111,8;77,45731211;;1,9500000000000002;0,11;1;Simplex;9/2/1995, 0:00:00;;;;Propio;90;335536,355;4082802,0465;442;335536,355;4082803,0465;442;0484534144LB368768618;0484534165LB368768708;;Andalucía;Andalucía;Ardales;Málaga;;No;;;;112.APO.SG000399877;;1;;870351,9382;4089278,3674;870351,8752;4089279,3668;-199784,7884;4110066,5813;-199784,725;4110067,5851;;;;;;
R1-112;'112.BTV.D100000216;;'112.LBT.D200000129;LP36 CANTARRA,PRADO, AND NAVARRE * V: 135-AC2;'135-AC2;Sí;112-02802113;0,4;0,4;1,4142842700000002;1,4140000000000001;Fachada;Trifásico;;MANGUERA CU(4X10);10;111,8;77,45731211;;1,9500000000000002;0,11;1;Simplex;9/2/1995, 0:00:00;;;;Propio;100;335570,356;4082904,0471;419;335571,356;4082905,0466;419;0484498223LB368777867;0484497123LB368777959;;Andalucía;Andalucía;Ardales;Málaga;;No;;;;;;1;;870379,498;4089382,4444;870380,4344;4089383,5063;-199744,1856;4110166,8005;-199743,1185;4110167,7402;;;;;;
R1-112;'112.BTV.D200000311;;'112.LBT.D200000129;LP36 CANTARRA,PRADO, AND NAVARRE * V: 2-3;'2-3;No;;0,4;0,4;56,01187806;56,152;Subterránea;Trifásico;;RV 3X240 AL /150;240;320;221,70250337;;0,125;0,08;1;Simplex;9/2/1995, 0:00:00;;;;Propio;100;335595,788;4082566,6629;471;335599,91;4082622,5226;471;0484462387LB368747513;0484458975LB368752554;;Andalucía;Andalucía;Ardales;Málaga;;No;;;;;;1;;870426,1487;4089046,8709;870426,7525;4089102,9552;-199740,0798;4109826,5536;-199732,3961;4109882,3582;;;;;;
R1-112;'112.BTV.D100000376;;'112.LBT.D100000002;LP45 DEPÓSITO AGUA * Vano: 23-24;'23-24;No;;0,4;0,4;3,6056067499999997;4,69;Fachada;Monofásico;;MANGUERA CU(2X6);6;114,3;'79,18936292000001;;3,39;0,11;1;Simplex;9/2/1995, 0:00:00;;;;Propio;90;335546,354;4082635,0451;457;335543,354;4082633,0453;457;0484519309LB368753589;0484522630LB368753403;;Andalucía;Andalucía;Ardales;Málaga;;No;;;;;;1;;870372,4417;4089112,0993;870369,5694;4089109,912;-199785,3552;4109898,3272;-199788,4933;4109896,5105;;;;;;
R1-112;'112.BTV.D100000513;;'112.LBT.D200000129;LP36 CANTARRA,PRADO, AND NAVARRE * V: 241-AC1;'241-AC1;Sí;112-02802206;0,4;0,4;1,41421356;1,4140000000000001;Fachada;Monofásico;;MANGUERA (2X6);6;55;38,10511777;;3,39;0,11;1;Simplex;9/2/1995, 0:00:00;;;;Propio;100;335590,355;4082836,0462;431;335591,355;4082837,0458;431;0484474319LB368771775;0484473220LB368771867;;Andalucía;Andalucía;Ardales;Málaga;;No;;;;;;1;;870403,7646;4089315,7447;870404,701;4089316,8065;-199728,4301;4110097,2783;-199727,3629;4110098,2181;;;;;;
R1-112;'112.BTV.D100000434;;'112.LBT.D200000129;LP36 CANTARRA,PRADO, AND NAVARRE * V: 151-AC1;'151-AC1;Sí;112-02802127;0,4;0,4;1;1;Fachada;Monofásico;;MANGUERA (2X6);6;55;38,10511777;;3,39;0,11;1;Simplex;9/2/1995, 0:00:00;;;;Propio;100;335693,355;4082825,0427;438;335693,355;4082826,0427;438;0484358565LB368770963;0484358587LB368771053;;Andalucía;Andalucía;Ardales;Málaga;;No;;;;;;1;;870507,393;4089311,2308;870507,3302;4089312,2302;-199625,7478;4110079,6946;-199625,6843;4110080,6983;;;;;;
R1-112;'112.BTV.D100000046;;'112.LBT.D200000129;LP36 CANTARRA,PRADO, AND NAVARRE * V: 45-AC1;'45-AC1;Sí;112-02802033;0,4;0,4;2,9999000000000002;3;Subterránea;Monofásico;;MANGUERA CU(2X10);10;135,9;94,1542819;;1,9500000000000002;0,11;1;Simplex;9/2/1995, 0:00:00;;;;Propio;100;335773,355;4082794,0425;431;335773,355;4082791,0425;431;0484268173LB368768309;0484268108LB368768039;;Andalucía;Andalucía;Ardales;Málaga;;No;;;;112.ARQ.SG000556570;;1;;870589,2946;4089285,2851;870589,4834;4089282,2869;-199547,4202;4110043,5007;-199547,6107;4110040,4896;;;;;;
R1-112;'112.BTV.D100000054;;'112.LBT.D200000129;LP36 CANTARRA,PRADO, AND NAVARRE * V: 49-50;'49-50;No;;0,4;0,4;8,485281370000001;10,392;Subterránea;Trifásico;;RV 4X50 AL;50;120;83,13843876;;0,387;0,1;1;Simplex;9/2/1995, 0:00:00;;;;Propio;100;335749,355;4082765,0418;436;335743,355;4082759,0422;436;0484294461LB368765655;0484301060LB368765104;;Andalucía;Andalucía;Ardales;Málaga;;No;;;;112.ARQ.SG000556547;112.ARQ.SG000556542;1;;870567,1348;4089254,7918;870561,5161;4089248,4183;-199573,3502;4110015,9165;-199579,7532;4110010,2756;;;;;;
R1-112;'112.BTV.D100000511;;'112.LBT.D200000129;LP36 CANTARRA,PRADO, AND NAVARRE * V: 239-AC1;'239-AC1;Sí;112-02802204;0,4;0,4;1;1;Fachada;Monofásico;;MANGUERA (2X6);6;55;38,10511777;;3,39;0,11;1;Simplex;9/2/1995, 0:00:00;;;;Propio;100;335521,356;4082831,0471;434;335521,356;4082830,0471;434;0484551594LB368771205;0484551572LB368771115;;Andalucía;Andalucía;Ardales;Málaga;;No;;;;;;1;;870335,1232;4089306,4059;870335,1861;4089305,4065;-199798,0017;4110096,6415;-199798,0652;4110095,6378;;;;;;
R1-112;'112.BTV.D100000287;;'112.LBT.D200000129;LP36 CANTARRA,PRADO, AND NAVARRE * V: 148-193;'148-193;No;;0,4;0,4;11,04536102;11,747;Subterránea;Trifásico;;RZ 4X240;240;320;221,70250337;;0,075;0,08;1;Simplex;9/2/1995, 0:00:00;;;;Propio;100;335704,355;4082816,0432;440;335703,355;4082805,0436;440;0484346034LB368770171;0484346917LB368769179;;Andalucía;Andalucía;Ardales;Málaga;;No;;;;112.ARQ.SG000556510;112.ARQ.SG000556509;1;;870518,9527;4089302,9293;870518,6456;4089291,8736;-199615,2785;4110069,9635;-199616,9805;4110058,9867;;;;;;
R1-112;'112.BTV.D100000408;;'112.LBT.D100000002;LP45 DEPÓSITO AGUA * Vano: 51-52;'51-52;No;;0,4;0,4;5,83086615;5,831;Fachada;Trifásico;;MANGUERA CU(4X6);6;83,8;58,05834307;;3,39;0,11;1;Simplex;9/2/1995, 0:00:00;;;;Propio;90;335555,354;4082671,0456;457;335558,354;4082666,0453;457;0484509996LB368756848;0484506523LB368756403;;Andalucía;Andalucía;Ardales;Málaga;;No;;;;;;1;;870379,1703;4089148,6438;870382,4832;4089143,8354;-199774,0363;4109933,8895;-199771,3427;4109928,6803;;;;;;
R1-112;'112.BTV.D100000519;;'112.LBT.D200000129;LP36 CANTARRA,PRADO, AND NAVARRE * V: 250-AC1;'250-AC1;Sí;112-02802212;0,4;0,4;1,00000001;1;Fachada;Monofásico;;MANGUERA (2X6);6;55;38,10511777;;3,39;0,11;1;Simplex;9/2/1995, 0:00:00;;;;Propio;100;335553,356;4082850,0456;431;335554,356;4082850,0463;431;0484516118LB368772972;0484514996LB368772974;;Andalucía;Andalucía;Ardales;Málaga;;No;;;;;;1;;870365,9075;4089327,4067;870366,9068;4089327,4703;-199764,6771;4110113,6786;-199763,6734;4110113,6158;;;;;;
R1-112;'112.BTV.D100000542;;'112.LBT.D100000002;LP45 DEPÓSITO AGUA * Vano: 85-AC1;'85-AC1;Sí;112-02804060;0,4;0,4;1;1;Fachada;Monofásico;;MANGUERA CU(2X4);4;43,2;29,92983795;;5,09;0,12000000000000001;1;Simplex;9/2/1995, 0:00:00;;;;Propio;90;335504,355;4082678,0461;446;335505,355;4082678,0456;446;0484567343LB368757390;0484566221LB368757391;;Andalucía;Andalucía;Ardales;Málaga;;No;;;;;;1;;870327,7625;4089152,4302;870328,7619;4089152,4927;-199824,7796;4109944,1538;-199823,7759;4109944,0898;;;;;;
R1-112;'112.BTV.D100000326;;'112.LBT.D200000129;LP36 CANTARRA,PRADO, AND NAVARRE * V: 231-232;'231-232;No;;0,4;0,4;4,999;5;Fachada;Trifásico;;MANGUERA CU(4X10);10;111,8;77,45731211;;1,9500000000000002;0,11;1;Simplex;9/2/1995, 0:00:00;;;;Propio;100;335569,355;4082836,0459;431;335564,356;4082836,046;431;0484497871LB368771739;0484503478LB368771730;;Andalucía;Andalucía;Ardales;Málaga;;No;;;;;;1;;870382,7776;4089314,4226;870377,7818;4089314,1081;-199749,5078;4110098,6113;-199754,5252;4110098,9288;;;;;;
R1-112;'112.BTV.D100000285;;'112.LBT.D200000129;LP36 CANTARRA,PRADO, AND NAVARRE * V: 180-191;'180-191;No;;0,4;0,4;4,47209123;4,472;Fachada;Trifásico;;MANGUERA CU(4X10);10;111,8;77,45731211;;1,9500000000000002;0,11;1;Simplex;9/2/1995, 0:00:00;;;;Propio;100;335594,356;4082876,0458;425;335590,356;4082878,0465;425;0484470699LB368775386;0484475229LB368775559;;Andalucía;Andalucía;Ardales;Málaga;;No;;;;;;1;;870405,2455;4089355,9712;870401,1221;4089357,7189;-199721,8747;4110137,1718;-199725,7624;4110139,4339;;;;;;
R1-112;'112.BTV.D100000509;;'112.LBT.D200000129;LP36 CANTARRA,PRADO, AND NAVARRE * V: 237-AC1;'237-AC1;Sí;112-02802202;0,4;0,4;1;1;Fachada;Monofásico;;MANGUERA (2X6);6;55;38,10511777;;3,39;0,11;1;Simplex;9/2/1995, 0:00:00;;;;Propio;100;335536,356;4082833,0468;436;335536,356;4082832,0468;436;0484534815LB368771411;0484534793LB368771321;;Andalucía;Andalucía;Ardales;Málaga;;No;;;;;;1;;870349,988;4089309,3484;870350,0508;4089308,349;-199782,8192;4110097,6962;-199782,8828;4110096,6925;;;;;;
R1-112;'112.BTV.D100000620;;'112.LBT.D100000002;LP45 DEPÓSITO AGUA * Vano: 128-129;'128-129;No;;0,4;0,4;1;1;Fachada;Trifásico;;MANGUERA CU(4X10);10;111,8;77,45731211;;1,9500000000000002;0,11;1;Simplex;9/2/1995, 0:00:00;;;;Propio;90;335511,355;4082772,0458;443;335511,355;4082773,0458;443;0484561531LB368765871;0484561553LB368765961;;Andalucía;Andalucía;Ardales;Málaga;;No;;;;112.APO.SG000399853;;1;;870328,8419;4089246,8119;870328,779;4089247,8112;-199811,7857;4110038,0568;-199811,7222;4110039,0605;;;;;;
R1-112;'112.BTV.D100000349;;'112.LBT.D200000129;LP36 CANTARRA,PRADO, AND NAVARRE * V: 246-255;'246-255;No;;0,4;0,4;6,09837487;9,695;Fachada;Monofásico;;MANGUERA CU(2X6);6;114,3;'79,18936292000001;;3,39;0,11;1;Simplex;9/2/1995, 0:00:00;;;;Propio;100;335552,356;4082856,0462;424;335547,28;4082859,4296;424;0484517369LB368773511;0484523136LB368773807;;Andalucía;Andalucía;Ardales;Málaga;;No;;;;;;2;;870364,5304;4089333,3405;870359,2446;4089336,4023;-199765,2998;4110119,7648;-199770,1798;4110123,483;;;;;;
R1-112;'112.BTV.D100000778;;'112.LBT.D100000002;LP45 DEPÓSITO AGUA * Vano: 26-AC1;'26-AC1;Sí;112-02804017;0,4;0,4;1;1;Fachada;Monofásico;;MANGUERA (2X6);6;55;38,10511777;;3,39;0,11;1;Simplex;9/2/1995, 0:00:00;;;;Propio;90;335536,354;4082630,0452;457;335536,354;4082631,0452;457;0484530415LB368753121;0484530437LB368753211;;Andalucía;Andalucía;Ardales;Málaga;;No;;;;;;1;;870362,7626;4089106,4732;870362,6997;4089107,4726;-199795,7096;4109893,9437;-199795,6461;4109894,9475;;;;;;
R1-112;'112.BTV.D100000012;;'112.LBT.D200000129;LP36 CANTARRA,PRADO, AND NAVARRE * V: 27-AC1;'27-AC1;Sí;112-02802017;0,4;0,4;3,16227766;3,162;Subterránea;Monofásico;;RV 2X50 AL;50;125;86,60254038000001;;0,524;0,10500000000000001;1;Simplex;9/2/1995, 0:00:00;;;;Propio;100;335762,355;4082815,0419;430;335765,355;4082814,0417;430;0484280964LB368770182;0484277578LB368770097;;Andalucía;Andalucía;Ardales;Málaga;;No;;;;112.ARQ.SG000556561;;1;;870576,9797;4089305,5792;870580,0408;4089304,7684;-199557,1277;4110065,2761;-199554,1801;4110064,0817;;;;;;
R1-112;'112.BTV.D100000006;;'112.LBT.D200000129;LP36 CANTARRA,PRADO, AND NAVARRE * V: 24-AC1;'24-AC1;Sí;112-02802014;0,4;0,4;3,6055512800000002;3,606;Subterránea;Trifásico;;RV 4X50 AL;50;120;83,13843876;;0,387;0,1;1;Simplex;9/2/1995, 0:00:00;;;;Propio;100;335714,355;4082801,0431;440;335717,355;4082799,0429;440;0484334494LB368768837;0484331086LB368768662;;Andalucía;Andalucía;Ardales;Málaga;;No;;;;112.ARQ.SG000556516;;1;;870529,8905;4089288,5679;870533,0146;4089286,7577;-199606,1939;4110054,273;-199603,3098;4110052,0749;;;;;;
R1-112;'112.BTV.D100000096;;'112.LBT.D200000129;LP36 CANTARRA,PRADO, AND NAVARRE * V: 74-AC1;'74-AC1;Sí;112-02802054;0,4;0,4;1,00000002;1;Fachada;Monofásico;;MANGUERA (2X2.5);2,5;31,7;21,962404239999998;;8,21;0,12000000000000001;1;Simplex;9/2/1995, 0:00:00;;;;Propio;100;335675,355;4082869,0444;424;335676,355;4082869,0439;424;0484379706LB368774896;0484378584LB368774898;;Andalucía;Andalucía;Ardales;Málaga;;No;;;;;;1;;870486,6348;4089354,0723;870487,6341;4089354,1348;-199641,0207;4110125,0019;-199640,017;4110124,9379;;;;;;
R1-112;'112.BTV.D100000632;;'112.LBT.D100000002;LP45 DEPÓSITO AGUA * Vano: 134-135;'134-135;No;;0,4;0,4;4,47213595;4,472;Fachada;Trifásico;;RZ 4X50 AL;50;150;103,92304845;;0,387;0,1;1;Simplex;9/2/1995, 0:00:00;;;;Propio;90;335509,355;4082785,0468;438;335513,355;4082787,0472;438;0484564056LB368767039;0484559613LB368767226;;Andalucía;Andalucía;Ardales;Málaga;;No;;;;112.APO.SG000399849;;1;;870326,0249;4089259,6789;870329,8965;4089261,9298;-199812,9677;4110051,233;-199808,8258;4110052,9868;;;;;;
R1-112;'112.BTV.D100000790;;'112.LBT.D100000002;LP45 DEPÓSITO AGUA * Vano: 48-AC1;'48-AC1;Sí;112-02804033;0,4;0,4;1;1;Fachada;Monofásico;;MANGUERA (2X6);6;55;38,10511777;;3,39;0,11;1;Simplex;9/2/1995, 0:00:00;;;;Propio;90;335546,355;4082685,0454;451;335545,355;4082685,0448;451;0484520392LB368758094;0484521513LB368758092;;Andalucía;Andalucía;Ardales;Málaga;;No;;;;;;1;;870369,2958;4089162,0686;870368,2965;4089162,005;-199782,1798;4109948,5125;-199783,1835;4109948,5753;;;;;;
R1-112;'112.BTV.D100000176;;'112.LBT.D200000129;LP36 CANTARRA,PRADO, AND NAVARRE * V: 113-AC1;'113-AC1;Sí;112-02802095;0,4;0,4;2,23606798;2,236;Fachada;Trifásico;;MANGUERA CU(4X10);10;111,8;77,45731211;;1,9500000000000002;0,11;1;Simplex;9/2/1995, 0:00:00;;;;Propio;100;335610,356;4082913,0465;415;335609,356;4082915,0458;415;0484453557LB368778748;0484454722LB368778926;;Andalucía;Andalucía;Ardales;Málaga;;No;;;;;;1;;870418,9067;4089393,9559;870417,7814;4089395,8911;-199703,4663;4110173,2935;-199704,3431;4110175,3637;;;;;;
R1-112;'112.BTV.D100000477;;'112.LBT.D200000129;LP36 CANTARRA,PRADO, AND NAVARRE * V: 204-AC1;'204-AC1;Sí;112-02802170;0,4;0,4;1;1;Fachada;Monofásico;;MANGUERA (2X6);6;55;38,10511777;;3,39;0,11;1;Simplex;9/2/1995, 0:00:00;;;;Propio;100;335650,355;4082789,044;447;335650,355;4082788,044;447;0484406010LB368767645;0484405988LB368767555;;Andalucía;Andalucía;Ardales;Málaga;;No;;;;;;1;;870466,6856;4089272,5481;870466,7485;4089271,5487;-199671,1923;4110046,2929;-199671,2558;4110045,2892;;;;;;
R1-112;'112.BTV.D100000715;;'112.LBT.D100000002;LP45 DEPÓSITO AGUA * Vano: 184-AC1;'184-AC1;Sí;112-02804133;0,4;0,4;1,00000001;1;Fachada;Monofásico;;MANGUERA CU(2X6);6;114,3;'79,18936292000001;;3,39;0,11;1;Simplex;9/2/1995, 0:00:00;;;;Propio;90;335416,355;4082677,0468;438;335417,3551;4082677,0474;438;0484666012LB368757146;0484664891LB368757148;;Andalucía;Andalucía;Ardales;Málaga;;No;;;;;;1;;870239,8803;4089145,8929;870240,8797;4089145,9565;-199913,1686;4109948,7377;-199912,1649;4109948,6749;;;;;;
R1-112;'112.BTV.D100000658;;'112.LBT.D100000002;LP45 DEPÓSITO AGUA * Vano: 151-AC1;'151-AC1;Sí;112-02804109;0,4;0,4;1;1;Fachada;Monofásico;;MANGUERA CU(2X4);4;43,2;29,92983795;;5,09;0,12000000000000001;1;Simplex;9/2/1995, 0:00:00;;;;Propio;90;335565,355;4082807,0464;447;335565,355;4082806,0464;447;0484501728LB368769119;0484501707LB368769029;;Andalucía;Andalucía;Ardales;Málaga;;No;;;;;;1;;870380,6054;4089285,1894;870380,6683;4089284,1901;-199755,3637;4110069,7585;-199755,4272;4110068,7548;;;;;;
R1-112;'112.BTV.D100000030;;'112.LBT.D200000129;LP36 CANTARRA,PRADO, AND NAVARRE * V: 36-AC1;'36-AC1;Sí;112-02802026;0,4;0,4;1,41421356;1,4140000000000001;Fachada;Trifásico;;RV 4X25;25;100;69,2820323;;0,727;0,11;1;Simplex;9/2/1995, 0:00:00;;;;Propio;100;335718,354;4082733,042;443;335717,354;4082732,0424;443;0484328536LB368762717;0484329636LB368762626;;Andalucía;Andalucía;Ardales;Málaga;;No;;;;;;1;;870538,1671;4089220,8607;870537,2306;4089219,7988;-199606,4974;4109985,7666;-199607,5645;4109984,8268;;;;;;
R1-112;'112.BTV.D100000102;;'112.LBT.D200000129;LP36 CANTARRA,PRADO, AND NAVARRE * V: 61-77;'61-77;No;;0,4;0,4;25,238858930000003;26,476;Fachada;Trifásico;;RZ 4X150 AL;150;240;166,27687753;;0,124;0,085;1;Simplex;9/2/1995, 0:00:00;;;;Propio;100;335695,355;4082855,0442;424;335674,355;4082869,0437;424;0484356972LB368773670;0484380827LB368774895;;Andalucía;Andalucía;Ardales;Málaga;;No;;;;;;1;;870507,5036;4089341,3396;870485,6354;4089354,0087;-199621,8356;4110109,6801;-199642,0244;4110125,0647;;;;;;
R1-112;'112.BTV.D100000396;;'112.LBT.D100000002;LP45 DEPÓSITO AGUA * Vano: 39-40;'39-40;No;;0,4;0,4;3,61387604;3,606;Fachada;Trifásico;;MANGUERA CU(4X6);6;83,8;58,05834307;;3,39;0,11;1;Simplex;9/2/1995, 0:00:00;;;;Propio;90;335562,354;4082659,0445;457;335560,354;4082662,0454;457;0484501886LB368755779;0484504194LB368756046;;Andalucía;Andalucía;Ardales;Málaga;;No;;;;;;1;;870386,9213;4089137,0908;870384,7337;4089139,964;-199767,7724;4109921,3996;-199769,5892;4109924,5386;;;;;;
R1-112;'112.BTV.D100000377;;'112.LBT.D100000002;LP45 DEPÓSITO AGUA * Vano: 24-25;'24-25;No;;0,4;0,4;2,24055797;2,236;Fachada;Monofásico;;MANGUERA CU(2X6);6;114,3;'79,18936292000001;;3,39;0,11;1;Simplex;9/2/1995, 0:00:00;;;;Propio;90;335543,354;4082633,0453;457;335541,354;4082632,0451;457;0484522630LB368753403;0484524851LB368753310;;Andalucía;Andalucía;Ardales;Málaga;;No;;;;;;1;;870369,5694;4089109,912;870367,6336;4089108,7865;-199788,4933;4109896,5105;-199790,5642;4109895,6336;;;;;;
R1-112;'112.BTV.D100000428;;'112.LBT.D100000002;LP45 DEPÓSITO AGUA * Vano: 71-72;'71-72;No;;0,4;0,4;1,00000001;1;Aérea;Trifásico;;MANGUERA CU(4X6);6;83,8;58,05834307;;3,39;0,11;1;Simplex;9/2/1995, 0:00:00;;;;Propio;90;335495,355;4082725,0463;440;335494,355;4082725,0456;440;0484578456LB368761609;0484579577LB368761607;;Andalucía;Andalucía;Ardales;Málaga;;No;;;;112.APO.SG000399833;112.APO.SG000399831;1;;870315,81;4089198,8346;870314,8107;4089198,771;-199830,8289;4109991,8992;-199831,8326;4109991,9621;;;;;;
R1-112;'112.BTV.D100000063;;'112.LBT.D200000129;LP36 CANTARRA,PRADO, AND NAVARRE * V: 54-55;'54-55;No;;0,4;0,4;8,60232527;8,66;Subterránea;Monofásico;;MANGUERA CU(2X10);10;135,9;94,1542819;;1,9500000000000002;0,11;1;Simplex;9/2/1995, 0:00:00;;;;Propio;100;335801,355;4082783,0413;422;335806,355;4082790,0414;422;0484236533LB368767367;0484231077LB368768006;;Andalucía;Andalucía;Ardales;Málaga;;No;;;;112.ARQ.SG000556587;112.ARQ.SG000556591;1;;870617,9697;4089276,053;870622,526;4089283,3635;-199520,0152;4110030,6811;-199514,5522;4110037,3896;;;;;;
R1-112;'112.BTV.D100000337;;'112.LBT.D200000129;LP36 CANTARRA,PRADO, AND NAVARRE * V: 242-243;'242-243;No;;0,4;0,4;2,23521834;2,236;Fachada;Trifásico;;MANGUERA CU(4X10);10;111,8;77,45731211;;1,9500000000000002;0,11;1;Simplex;9/2/1995, 0:00:00;;;;Propio;100;335582,3551;4082840,0466;431;335580,356;4082841,0464;431;0484483378LB368772122;0484485642LB368772208;;Andalucía;Andalucía;Ardales;Málaga;;No;;;;;;1;;870395,5178;4089319,2391;870393,4571;4089320,1124;-199736,2056;4110101,8014;-199738,1486;4110102,9318;;;;;;
R1-112;'112.BTV.D100000226;;'112.LBT.D200000129;LP36 CANTARRA,PRADO, AND NAVARRE * V: 140-AC1;'140-AC1;Sí;112-02802118;0,4;0,4;1,41421356;1,4140000000000001;Fachada;Monofásico;;MANGUERA CU(2X6);6;114,3;'79,18936292000001;;3,39;0,11;1;Simplex;9/2/1995, 0:00:00;;;;Propio;100;335563,356;4082910,047;414;335562,356;4082911,0475;414;0484506203LB368778396;0484507347LB368778484;;Andalucía;Andalucía;Ardales;Málaga;;No;;;;;;1;;870372,1247;4089388,0001;870371,0624;4089388,937;-199750,8306;4110173,267;-199751,7707;4110174,3347;;;;;;
R1-112;'112.BTV.D100000618;;'112.LBT.D100000002;LP45 DEPÓSITO AGUA * Vano: 126-127;'126-127;No;;0,4;0,4;1;1;Fachada;Trifásico;;MANGUERA CU(4X10);10;111,8;77,45731211;;1,9500000000000002;0,11;1;Simplex;9/2/1995, 0:00:00;;;;Propio;90;335509,355;4082765,0455;443;335509,355;4082764,0466;443;0484563622LB368765237;0484563600LB368765147;;Andalucía;Andalucía;Ardales;Málaga;;No;;;;;;1;;870327,2838;4089239,6901;870327,3467;4089238,6918;-199814,2375;4110031,1577;-199814,3009;4110030,1551;;;;;;
R1-112;'112.BTV.D100000463;;'112.LBT.D200000129;LP36 CANTARRA,PRADO, AND NAVARRE * V: 186-AC1;'186-AC1;Sí;112-02802156;0,4;0,4;1,41421356;1,4140000000000001;Fachada;Monofásico;;MANGUERA (2X6);6;55;38,10511777;;3,39;0,11;1;Simplex;9/2/1995, 0:00:00;;;;Propio;100;335605,356;4082869,0462;426;335604,356;4082868,0455;426;0484458211LB368774775;0484459311LB368774683;;Andalucía;Andalucía;Ardales;Málaga;;No;;;;;;1;;870416,6792;4089349,6683;870415,7428;4089348,6053;-199711,2784;4110129,448;-199712,3456;4110128,5071;;;;;;
R1-112;'112.BTV.D100000649;;'112.LBT.D100000002;LP45 DEPÓSITO AGUA * Vano: 147-AC1;'147-AC1;Sí;112-02804104;0,4;0,4;1;1;Fachada;Monofásico;;MANGUERA CU(2X4);4;43,2;29,92983795;;5,09;0,12000000000000001;1;Simplex;9/2/1995, 0:00:00;;;;Propio;90;335529,355;4082799,0464;442;335529,355;4082800,0465;442;0484541929LB368768335;0484541951LB368768425;;Andalucía;Andalucía;Ardales;Málaga;;No;;;;;;1;;870345,1313;4089274,9286;870345,0684;4089275,928;-199792,0048;4110064,0146;-199791,9413;4110065,0183;;;;;;
R1-112;'112.BTV.D100000647;;'112.LBT.D100000002;LP45 DEPÓSITO AGUA * Vano: 146-AC1;'146-AC1;Sí;112-02804103;0,4;0,4;0,9999;1;Fachada;Monofásico;;MANGUERA CU(2X4);4;43,2;29,92983795;;5,09;0,12000000000000001;1;Simplex;9/2/1995, 0:00:00;;;;Propio;90;335532,355;4082800,0462;442;335532,355;4082801,0462;442;0484538586LB368768431;0484538608LB368768521;;Andalucía;Andalucía;Ardales;Málaga;;No;;;;;;1;;870348,0665;4089276,1165;870348,0036;4089277,1159;-199788,9303;4110064,8275;-199788,8668;4110065,8312;;;;;;
R1-112;'112.BTV.D100000120;;'112.LBT.D200000129;LP36 CANTARRA,PRADO, AND NAVARRE * V: 85-86;'85-86;No;;0,4;0,4;12,52996409;12,689;Fachada;Trifásico;;MANGUERA CU(4X16);16;146,1;101,22104919;;1,22;0,11;1;Simplex;9/2/1995, 0:00:00;;;;Propio;100;335689,355;4082851,0446;430;335700,355;4082845,0441;430;0484363615LB368773299;0484351148LB368772777;;Andalucía;Andalucía;Ardales;Málaga;;No;;;;;;1;;870501,759;4089336,9649;870513,1299;4089331,6604;-199628,1117;4110106,0467;-199617,452;4110099,3256;;;;;;
R1-112;'112.BTV.D100000186;;'112.LBT.D200000129;LP36 CANTARRA,PRADO, AND NAVARRE * V: 118-AC1;'118-AC1;Sí;112-02802100;0,4;0,4;2,23606798;2,236;Fachada;Monofásico;;MANGUERA CU(2X16);16;177,8;123,18345343;;1,22;0,11;1;Simplex;9/2/1995, 0:00:00;;;;Propio;100;335589,356;4082930,0463;415;335590,356;4082932,0458;415;0484477477LB368780243;0484476399LB368780425;;Andalucía;Andalucía;Ardales;Málaga;;No;;;;;;1;;870396,8497;4089409,6233;870397,7233;4089411,6846;-199723,4646;4110191,6895;-199722,334;4110193,6329;;;;;;
R1-112;'112.BTV.6307224680;;'112.LBT.6307224615;LP94 CALLE CERRILLO, CALLE CASTAÑA Vano: 8-9;'8-9;No;;0,4;0,42;3,78168864;3,8;Subterránea;Trifásico;;RV 3X240 /150;240;410;284,05633244;;0,075;0,08;1;Simplex;29/10/2020, 0:00:00;;;;Propio;0;335538,91;4082630,2133;476;335542,573;4082631,1525;476;0484527553LB368753140;0484523465LB368753231;;Andalucía;Andalucía;Ardales;Málaga;;No;;;;;;1;;870365,3064;4089106,8021;870368,9081;4089107,9712;-199793,1335;4109893,9502;-199789,3973;4109894,6603;;;;;;
R1-112;'112.BTV.D100000235;;'112.LBT.D200000129;LP36 CANTARRA,PRADO, AND NAVARRE * V: 143-144;'143-144;No;;0,4;0,4;11,18042933;11,18;Fachada;Trifásico;;MANGUERA CU(4X10);10;111,8;77,45731211;;1,9500000000000002;0,11;1;Simplex;9/2/1995, 0:00:00;;;;Propio;100;335559,356;4082902,0466;419;335554,356;4082892,0466;419;0484510516LB368777668;0484515907LB368776758;;Andalucía;Andalucía;Ardales;Málaga;;No;;;;;;1;;870368,6307;4089379,7529;870364,2633;4089369,4444;-199755,3534;4110165,491;-199761,0067;4110155,7715;;;;;;
R1-112;'112.BTV.D100000587;;'112.LBT.D100000002;LP45 DEPÓSITO AGUA * Vano: 108-109;'108-109;No;;0,4;0,4;7,61577311;7,616;Aérea;Trifásico;;MANGUERA CU(4X10);10;111,8;77,45731211;;1,9500000000000002;0,11;1;Simplex;9/2/1995, 0:00:00;;;;Propio;90;335468,355;4082748,047;435;335465,355;4082755,0474;435;0484609235LB368763634;0484612751LB368764260;;Andalucía;Andalucía;Ardales;Málaga;;No;;;;;;1;;870287,3792;4089220,1217;870283,9405;4089226,9288;-199856,4685;4110016,6993;-199859,0351;4110023,916;;;;;;
R1-112;'112.BTV.D200000327;;'112.LBT.D200000129;LP36 CANTARRA,PRADO, AND NAVARRE * V: 14-15;'14-15;No;;0,4;0,4;10,04987562;10,817;Fachada;Trifásico;;MANGUERA CU(4X6);6;83,8;58,05834307;;3,39;0,11;1;Simplex;9/2/1995, 0:00:00;;;;Propio;100;335699,354;4082689,0424;447;335698,354;4082679,0417;447;0484348891LB368758720;0484349796LB368757817;;Andalucía;Andalucía;Ardales;Málaga;;No;;;;112.APO.SG000400034;;1;;870521,9481;4089175,6926;870521,5782;4089165,6351;-199628,3611;4109942,8106;-199629,9998;4109932,8364;;;;;;
R1-112;'112.BTV.D100000203;;'112.LBT.D200000129;LP36 CANTARRA,PRADO, AND NAVARRE * V: 127-128;'127-128;No;;0,4;0,4;1,41421356;1,4140000000000001;Fachada;Monofásico;;MANGUERA CU(2X6);6;114,3;'79,18936292000001;;3,39;0,11;1;Simplex;9/2/1995, 0:00:00;;;;Propio;100;335598,356;4082913,0464;415;335597,356;4082914,0458;415;0484467015LB368778727;0484468158LB368778815;;Andalucía;Andalucía;Ardales;Málaga;;No;;;;;;1;;870406,9141;4089393,2006;870405,8518;4089394,1364;-199715,5107;4110174,0554;-199716,451;4110175,1219;;;;;;
R1-112;'112.BTV.D100000279;;'112.LBT.D200000129;LP36 CANTARRA,PRADO, AND NAVARRE * V: 184-185;'184-185;No;;0,4;0,4;4,12312988;4,243;Fachada;Trifásico;;MANGUERA CU(4X10);10;111,8;77,45731211;;1,9500000000000002;0,11;1;Simplex;9/2/1995, 0:00:00;;;;Propio;100;335596,356;4082871,0459;426;335600,356;4082870,0463;426;0484468348LB368774939;0484463840LB368774856;;Andalucía;Andalucía;Ardales;Málaga;;No;;;;;;1;;870407,5589;4089351,1003;870411,6193;4089350,3531;-199720,1847;4110132,0265;-199716,2334;4110130,7692;;;;;;
R1-112;'112.BTV.D100000655;;'112.LBT.D100000002;LP45 DEPÓSITO AGUA * Vano: 149-150;'149-150;No;;0,4;0,4;4,12310563;4,123;Fachada;Trifásico;;MANGUERA CU(4X16);16;146,1;101,22104919;;1,22;0,11;1;Simplex;9/2/1995, 0:00:00;;;;Propio;90;335551,355;4082803,0462;447;335555,355;4082804,0466;447;0484517343LB368768734;0484512879LB368768831;;Andalucía;Andalucía;Ardales;Málaga;;No;;;;;;1;;870366,8659;4089280,3106;870370,8004;4089281,5621;-199769,6695;4110066,6324;-199765,5912;4110067,3825;;;;;;
R1-112;'112.BTV.D100000026;;'112.LBT.D200000129;LP36 CANTARRA,PRADO, AND NAVARRE * V: 33-34;'33-34;No;;0,4;0,4;2;2;Aérea;Trifásico;;RV 4X50 AL;50;120;83,13843876;;0,387;0,1;1;Simplex;9/2/1995, 0:00:00;;;;Propio;100;335703,355;4082747,0432;443;335703,355;4082745,0432;443;0484345660LB368763953;0484345617LB368763773;;Andalucía;Andalucía;Ardales;Málaga;;No;;;;112.ARQ.SG000556508;;2;;870522,2962;4089233,9092;870522,422;4089231,9104;-199620,6629;4110000,7719;-199620,7899;4109998,7644;;;;;;
R1-112;'112.BTV.D100000435;;'112.LBT.D200000129;LP36 CANTARRA,PRADO, AND NAVARRE * V: 152-AC1;'152-AC1;Sí;112-02802128;0,4;0,4;1;1;Fachada;Monofásico;;MANGUERA (2X6);6;55;38,10511777;;3,39;0,11;1;Simplex;9/2/1995, 0:00:00;;;;Propio;100;335707,355;4082815,043;436;335707,355;4082816,043;436;0484342647LB368770087;0484342669LB368770177;;Andalucía;Andalucía;Ardales;Málaga;;No;;;;;;1;;870522,0138;4089302,1185;870521,9509;4089303,1179;-199612,3309;4110068,7691;-199612,2674;4110069,7728;;;;;;
R1-112;'112.BTV.D100000777;;'112.LBT.D100000002;LP45 DEPÓSITO AGUA * Vano: 25-AC1;'25-AC1;Sí;112-02804016;0,4;0,4;1,42130222;1,4140000000000001;Fachada;Monofásico;;MANGUERA (2X6);6;55;38,10511777;;3,39;0,11;1;Simplex;9/2/1995, 0:00:00;;;;Propio;90;335541,354;4082632,0451;457;335542,354;4082633,0447;457;0484524851LB368753310;0484523752LB368753401;;Andalucía;Andalucía;Ardales;Málaga;;No;;;;;;1;;870367,6336;4089108,7865;870368,5701;4089109,8484;-199790,5642;4109895,6336;-199789,4971;4109896,5734;;;;;;
R1-112;'112.BTV.D100000552;;'112.LBT.D100000002;LP45 DEPÓSITO AGUA * Vano: 90-AC1;'90-AC1;Sí;112-02804065;0,4;0,4;1;1;Fachada;Monofásico;;MANGUERA CU(2X4);4;43,2;29,92983795;;5,09;0,12000000000000001;1;Simplex;9/2/1995, 0:00:00;;;;Propio;90;335507,355;4082671,0457;446;335508,355;4082671,0464;446;0484563827LB368756764;0484562705LB368756766;;Andalucía;Andalucía;Ardales;Málaga;;No;;;;;;1;;870331,2012;4089145,623;870332,2006;4089145,6866;-199822,2129;4109936,9371;-199821,2091;4109936,8742;;;;;;
R1-112;'112.BTV.D100000736;;'112.LBT.D100000002;LP45 DEPÓSITO AGUA * Vano: 194-AC1;'194-AC1;Sí;112-02804144;0,4;0,4;1,41421356;1,4140000000000001;Fachada;Monofásico;;MANGUERA (2X6);6;55;38,10511777;;3,39;0,11;1;Simplex;9/2/1995, 0:00:00;;;;Propio;90;335412,355;4082688,0477;434;335413,355;4082689,0483;434;0484670737LB368758131;0484669637LB368758222;;Andalucía;Andalucía;Ardales;Málaga;;No;;;;;;1;;870235,1904;4089156,6352;870236,1268;4089157,6982;-199916,485;4109960,0333;-199915,4178;4109960,9741;;;;;;
R1-112;'112.BTV.D100000250;;'112.LBT.D200000129;LP36 CANTARRA,PRADO, AND NAVARRE * V: 155-156;'155-156;No;;0,4;0,4;18,02775638;18,028;Fachada;Trifásico;;MANGUERA CU(4X10);10;111,8;77,45731211;;1,9500000000000002;0,11;1;Simplex;9/2/1995, 0:00:00;;;;Propio;100;335668,355;4082839,044;432;335653,355;4082849,0442;432;0484386906LB368772181;0484403946LB368773056;;Andalucía;Andalucía;Ardales;Málaga;;No;;;;;;1;;870481,5274;4089323,6499;870465,9073;4089332,6998;-199649,9513;4110095,335;-199664,3719;4110106,3245;;;;;;
R1-112;'112.BTV.D100000633;;'112.LBT.D100000002;LP45 DEPÓSITO AGUA * Vano: 135-136;'135-136;No;;0,4;0,4;2,23606798;2,236;Fachada;Trifásico;;RZ 4X50 AL;50;150;103,92304845;;0,387;0,1;1;Simplex;9/2/1995, 0:00:00;;;;Propio;90;335513,355;4082787,0472;438;335512,355;4082789,0466;438;0484559613LB368767226;0484560778LB368767405;;Andalucía;Andalucía;Ardales;Málaga;;No;;;;;;1;;870329,8965;4089261,9298;870328,7713;4089263,865;-199808,8258;4110052,9868;-199809,7026;4110055,057;;;;;;
R1-112;'112.BTV.D100000795;;'112.LBT.D100000002;LP45 DEPÓSITO AGUA * Vano: 53-AC1;'53-AC1;Sí;112-02804038;0,4;0,4;1;1;Fachada;Monofásico;;MANGUERA (2X6);6;55;38,10511777;;3,39;0,11;1;Simplex;9/2/1995, 0:00:00;;;;Propio;90;335536,355;4082707,0447;451;335535,355;4082707,0451;451;0484532084LB368760058;0484533205LB368760057;;Andalucía;Andalucía;Ardales;Málaga;;No;;;;;;1;;870357,9175;4089183,4247;870356,9181;4089183,3623;-199790,8201;4109971,228;-199791,8237;4109971,292;;;;;;
R1-112;'112.BTV.D100000650;;'112.LBT.D100000002;LP45 DEPÓSITO AGUA * Vano: 147-AC2;'147-AC2;Sí;112-02804105;0,4;0,4;13,92838828;14,491;Fachada;Trifásico;;MANGUERA CU(4X10);10;111,8;77,45731211;;1,9500000000000002;0,11;1;Simplex;9/2/1995, 0:00:00;;;;Propio;90;335529,355;4082799,0464;438;335516,355;4082794,0469;438;0484541929LB368768335;0484556400LB368767862;;Andalucía;Andalucía;Ardales;Málaga;;No;;;;;;1;;870345,1313;4089274,9286;870332,4541;4089269,114;-199792,0048;4110064,0146;-199805,3704;4110059,822;;;;;;
R1-112;'112.BTV.6307224735;;'112.LBT.6307224615;LP94 CALLE CERRILLO, CALLE CASTAÑA Vano: 9-10;'9-10;No;;0,4;0,42;1,0864833200000001;3,8;Fachada;Trifásico;;RV 3X240 /150;240;410;284,05633244;;0,075;0,08;1;Simplex;29/10/2020, 0:00:00;;;;Propio;0;335538,91;4082630,2133;476;335538,124;4082629,4638;476;0484527553LB368753140;0484528418LB368753071;;Andalucía;Andalucía;Ardales;Málaga;;No;;;;;;1;;870365,3064;4089106,8021;870364,5681;4089106,0035;-199793,1335;4109893,9502;-199793,97;4109893,2478;;;;;;
R1-112;'112.BTV.D100000780;;'112.LBT.D100000002;LP45 DEPÓSITO AGUA * Vano: 28-AC2;'28-AC2;Sí;112-02804019;0,4;0,4;3,16227766;4,359;Fachada;Monofásico;;MANGUERA (2X6);6;55;38,10511777;;3,39;0,11;1;Simplex;9/2/1995, 0:00:00;;;;Propio;90;335528,3541;4082633,0456;454;335527,354;4082636,045;454;0484539452LB368753377;0484540639LB368753646;;Andalucía;Andalucía;Ardales;Málaga;;No;;;;;;1;;870354,5788;4089108,9682;870353,3906;4089111,9028;-199803,5487;4109897,4632;-199804,362;4109900,5371;;;;;;
R1-112;'112.BTV.D100000129;;'112.LBT.D200000129;LP36 CANTARRA,PRADO, AND NAVARRE * V: 89-AC2;'89-AC2;Sí;112-02802072;0,4;0,4;1;1;Fachada;Trifásico;;LC 4X80;91,58;330,3;228,8385527;;0,3;0,38;1;Simplex;9/2/1995, 0:00:00;;;;Propio;100;335719,355;4082836,0433;430;335719,355;4082835,0433;430;0484329644LB368772000;0484329622LB368771909;;Andalucía;Andalucía;Ardales;Málaga;;No;;;;;;1;;870532,6846;4089323,8611;870532,7475;4089322,8617;-199598,9532;4110089,0852;-199599,0167;4110088,0815;;;;;;
R1-112;'112.BTV.D100000698;;'112.LBT.D100000002;LP45 DEPÓSITO AGUA * Vano: 173-174;'173-174;No;;0,4;0,4;5,83095189;7,681;Fachada;Trifásico;;MANGUERA CU(4X10);10;111,8;77,45731211;;1,9500000000000002;0,11;1;Simplex;9/2/1995, 0:00:00;;;;Propio;90;335430,355;4082684,0468;443;335425,355;4082681,0469;443;0484650463LB368757801;0484656006LB368757522;;Andalucía;Andalucía;Ardales;Málaga;;No;;;;;;1;;870253,4309;4089153,7697;870248,6229;4089150,4571;-199898,6725;4109954,8748;-199903,8814;4109952,1813;;;;;;
R1-112;'7801057586308899688;;'112.LBT.D100000002;LP45 DEPÓSITO AGUA *Vano: 59-60;'59-60;No;;0,4;0,4;5,8989583;5,9;Fachada;Trifásico;;MANGUERA CU(4X6);6;83,8;58,05834307;;3,39;0,11;1;Simplex;9/2/1995, 0:00:00;;;;Propio;90;335549,958;4082689,4386;456;335552,355;4082684,0448;456;0484516446LB368758496;0484513641LB368758014;;Andalucía;Andalucía;Ardales;Málaga;;No;;;;;;1;;870372,6201;4089166,6858;870375,355;4089161,4462;-199778,2845;4109952,6932;-199776,2211;4109947,1273;;;;;;
R1-112;'112.BTV.D100000412;;'112.LBT.D100000002;LP45 DEPÓSITO AGUA * Vano: 45-56;'45-56;No;;0,4;0,4;5;5;Aérea;Trifásico;;MANGUERA CU(4X6);6;83,8;58,05834307;;3,39;0,11;1;Simplex;9/2/1995, 0:00:00;;;;Propio;90;335538,355;4082702,0448;451;335543,355;4082702,0447;451;0484529732LB368759611;0484524125LB368759620;;Andalucía;Andalucía;Ardales;Málaga;;No;;;;;112.APO.SG000399888;1;;870360,2309;4089178,5539;870365,2277;4089178,8685;-199789,1301;4109966,0827;-199784,1117;4109965,7651;;;;;;
R1-112;'112.BTV.D100000130;;'112.LBT.D200000129;LP36 CANTARRA,PRADO, AND NAVARRE * V: 78-90;'78-90;No;;0,4;0,4;3,6110521999999996;3,606;Fachada;Trifásico;;MANGUERA CU(4X10);10;111,8;77,45731211;;1,9500000000000002;0,11;1;Simplex;9/2/1995, 0:00:00;;;;Propio;100;335661,355;4082867,044;424;335658,355;4082869,0454;424;0484395364LB368774692;0484398772LB368774867;;Andalucía;Andalucía;Ardales;Málaga;;No;;;;112.APO.SG000400007;;1;;870472,7694;4089351,192;870469,6453;4089353,0033;-199655,1995;4110123,883;-199658,0835;4110126,0822;;;;;;
R1-112;'112.BTV.D100000295;;'112.LBT.D200000129;LP36 CANTARRA,PRADO, AND NAVARRE * V: 196-201;'196-201;No;;0,4;0,4;3,04070321;3,606;Aérea;Trifásico;;MANGUERA CU(4X10);10;111,8;77,45731211;;1,9500000000000002;0,11;1;Simplex;9/2/1995, 0:00:00;;;;Propio;100;335661,355;4082780,0445;457;335663,729;4082781,9365;457;0484393479LB368766853;0484390857LB368767028;;Andalucía;Andalucía;Ardales;Málaga;;No;;;;112.APO.SG000400006;;1;;870478,2452;4089264,2465;870480,4986;4089266,2868;-199660,723;4110036,5617;-199658,2202;4110038,31;;;;;;
R1-112;'112.BTV.D100000607;;'112.LBT.D100000002;LP45 DEPÓSITO AGUA * Vano: 121-AC1;'121-AC1;Sí;112-02804088;0,4;0,4;1;1;Fachada;Monofásico;;MANGUERA CU(2X4);4;43,2;29,92983795;;5,09;0,12000000000000001;1;Simplex;9/2/1995, 0:00:00;;;;Propio;90;335492,355;4082781,047;439;335492,355;4082780,047;439;0484583035LB368766649;0484583013LB368766559;;Andalucía;Andalucía;Ardales;Málaga;;No;;;;;;1;;870309,2872;4089254,6116;870309,3502;4089253,6123;-199830,2845;4110048,2977;-199830,348;4110047,294;;;;;;
R1-112;'112.BTV.D100000704;;'112.LBT.D100000002;LP45 DEPÓSITO AGUA * Vano: 159-179;'159-179;No;;0,4;0,4;3,4613661700000002;4,243;Fachada;Trifásico;;MANGUERA CU(4X10);10;111,8;77,45731211;;1,9500000000000002;0,11;1;Simplex;9/2/1995, 1:00:00;;;9/2/1995, 1:00:00;Propio;90;335454,844;4082696,6653;438;335457,355;4082699,0474;438;0484623273LB368758981;0484620508LB368759200;;Andalucía;Andalucía;Ardales;Málaga;;No;;;;;;1;;870277,1105;4089167,9216;870279,47;4089170,4603;-199873,2917;4109965,9852;-199870,6201;4109968,2167;;;;;;
R1-112;'112.BTV.D100000053;;'112.LBT.D200000129;LP36 CANTARRA,PRADO, AND NAVARRE * V: 49-AC1;'49-AC1;Sí;112-02802036;0,4;0,4;2,82842712;2,8280000000000003;Subterránea;Monofásico;;MANGUERA CU(2X6);6;114,3;'79,18936292000001;;3,39;0,11;1;Simplex;9/2/1995, 0:00:00;;;;Propio;100;335749,355;4082765,0418;430;335751,355;4082763,042;430;0484294461LB368765655;0484292175LB368765478;;Andalucía;Andalucía;Ardales;Málaga;;No;;;;112.ARQ.SG000556547;;1;;870567,1348;4089254,7918;870569,2594;4089252,9191;-199573,3502;4110015,9165;-199571,4697;4110013,7823;;;;;;
R1-112;'112.BTV.D100000539;;'112.LBT.D100000002;LP45 DEPÓSITO AGUA * Vano: 83-AC1;'83-AC1;Sí;112-02804059;0,4;0,4;1,4149208500000001;3,317;Fachada;Monofásico;;MANGUERA (2X6);6;55;38,10511777;;3,39;0,11;1;Simplex;9/2/1995, 0:00:00;;;;Propio;90;335506,355;4082659,0461;449;335505,354;4082658,0466;449;0484564688LB368755681;0484565789LB368755590;;Andalucía;Andalucía;Ardales;Málaga;;No;;;;;;1;;870330,957;4089133,5679;870330,0196;4089132,506;-199823,9785;4109924,9565;-199825,0466;4109924,0169;;;;;;
R1-112;'112.BTV.D100000124;;'112.LBT.D200000129;LP36 CANTARRA,PRADO, AND NAVARRE * V: 87-AC1;'87-AC1;Sí;112-02802069;0,4;0,4;1,0001;1;Fachada;Monofásico;;MANGUERA (2X2.5);2,5;31,7;21,962404239999998;;8,21;0,12000000000000001;1;Simplex;9/2/1995, 0:00:00;;;;Propio;100;335708,355;4082841,0427;430;335708,355;4082840,0427;430;0484342089LB368772431;0484342067LB368772341;;Andalucía;Andalucía;Ardales;Málaga;;No;;;;;;1;;870521,3767;4089328,165;870521,4397;4089327,1657;-199609,6765;4110094,8015;-199609,74;4110093,7978;;;;;;
R1-112;'112.BTV.D100000566;;'112.LBT.D100000002;LP45 DEPÓSITO AGUA * Vano: 97-AC1;'97-AC1;Sí;112-02804071;0,4;0,4;1,00000001;1;Fachada;Monofásico;;MANGUERA CU(2X6);6;114,3;'79,18936292000001;;3,39;0,11;1;Simplex;9/2/1995, 0:00:00;;;;Propio;90;335491,355;4082698,0457;439;335490,355;4082698,0462;439;0484582356LB368759169;0484583477LB368759167;;Andalucía;Andalucía;Ardales;Málaga;;No;;;;;;1;;870313,5119;4089171,5991;870312,5125;4089171,5367;-199836,5579;4109965,0527;-199837,5616;4109965,1167;;;;;;
R1-112;'112.BTV.D100000634;;'112.LBT.D100000002;LP45 DEPÓSITO AGUA * Vano: 136-137;'136-137;No;;0,4;0,4;3,16227766;3,162;Fachada;Trifásico;;RZ 4X50 AL;50;150;103,92304845;;0,387;0,1;1;Simplex;9/2/1995, 0:00:00;;;;Propio;90;335512,355;4082789,0466;438;335515,355;4082790,0474;438;0484560778LB368767405;0484557435LB368767500;;Andalucía;Andalucía;Ardales;Málaga;;No;;;;;;1;;870328,7713;4089263,865;870331,7064;4089265,054;-199809,7026;4110055,057;-199806,628;4110055,8711;;;;;;
R1-112;'112.BTV.D100000631;;'112.LBT.D100000002;LP45 DEPÓSITO AGUA * Vano: 120-134;'120-134;No;;0,4;0,4;8;8;Aérea;Trifásico;;RZ 4X50 AL;50;150;103,92304845;;0,387;0,1;1;Simplex;9/2/1995, 0:00:00;;;;Propio;90;335501,355;4082785,0472;438;335509,355;4082785,0468;438;0484573028LB368767025;0484564056LB368767039;;Andalucía;Andalucía;Ardales;Málaga;;No;;;;;112.APO.SG000399849;1;;870318,0299;4089259,1758;870326,0249;4089259,6789;-199820,9972;4110051,7413;-199812,9677;4110051,233;;;;;;
R1-112;'112.BTV.D100000691;;'112.LBT.D100000002;LP45 DEPÓSITO AGUA * Vano: 170-171;'170-171;No;;0,4;0,4;7,61577311;7,616;Fachada;Trifásico;;MANGUERA CU(4X16);16;146,1;101,22104919;;1,22;0,11;1;Simplex;9/2/1995, 0:00:00;;;;Propio;90;335444,355;4082691,0468;438;335437,355;4082688,0468;438;0484634914LB368758457;0484642700LB368758174;;Andalucía;Andalucía;Ardales;Málaga;;No;;;;;;1;;870266,9817;4089161,6465;870260,1748;4089158,2078;-199884,1762;4109961,0119;-199891,3926;4109958,4452;;;;;;
R1-112;'112.BTV.D100000378;;'112.LBT.D100000002;LP45 DEPÓSITO AGUA * Vano: 25-26;'25-26;No;;0,4;0,4;5,38145891;5,385;Fachada;Monofásico;;MANGUERA CU(2X6);6;114,3;'79,18936292000001;;3,39;0,11;1;Simplex;9/2/1995, 0:00:00;;;;Propio;90;335541,354;4082632,0451;457;335536,354;4082630,0452;457;0484524851LB368753310;0484530415LB368753121;;Andalucía;Andalucía;Ardales;Málaga;;No;;;;;;1;;870367,6336;4089108,7865;870362,7626;4089106,4732;-199790,5642;4109895,6336;-199795,7096;4109893,9437;;;;;;
R1-112;'112.BTV.D100000163;;'112.LBT.D200000129;LP36 CANTARRA,PRADO, AND NAVARRE * V: 97-107;'97-107;No;;0,4;0,4;1,41421356;1,4140000000000001;Fachada;Trifásico;;MANGUERA CU(4X16);16;146,1;101,22104919;;1,22;0,11;1;Simplex;9/2/1995, 0:00:00;;;;Propio;100;335632,356;4082895,0452;419;335631,356;4082896,0456;419;0484428493LB368777164;0484429637LB368777253;;Andalucía;Andalucía;Ardales;Málaga;;No;;;;;;1;;870442,026;4089377,3505;870440,9636;4089378,2874;-199682,5279;4110153,8288;-199683,4681;4110154,8965;;;;;;
R1-112;'112.BTV.D100000362;;'112.LBT.D100000002;LP45 DEPÓSITO AGUA * Vano: 9-10;'9-10;No;;0,4;0,4;5,82237924;5,916;Fachada;Trifásico;;MANGUERA CU(4X6);6;83,8;58,05834307;;3,39;0,11;1;Simplex;9/2/1995, 0:00:00;;;;Propio;90;335521,3541;4082633,0456;449;335518,354;4082638,0448;449;0484547303LB368753365;0484550776LB368753810;;Andalucía;Andalucía;Ardales;Málaga;;No;;;;;;1;;870347,5832;4089108,5276;870344,2704;4089113,3349;-199810,5746;4109897,9075;-199813,2684;4109903,1157;;;;;;
R1-112;'112.BTV.D100000654;;'112.LBT.D100000002;LP45 DEPÓSITO AGUA * Vano: 149-AC1;'149-AC1;Sí;112-02804107;0,4;0,4;1;1;Fachada;Monofásico;;MANGUERA CU(2X4);4;43,2;29,92983795;;5,09;0,12000000000000001;1;Simplex;9/2/1995, 0:00:00;;;;Propio;90;335551,355;4082803,0462;447;335551,355;4082802,0462;447;0484517343LB368768734;0484517321LB368768644;;Andalucía;Andalucía;Ardales;Málaga;;No;;;;;;1;;870366,8659;4089280,3106;870366,9288;4089279,3112;-199769,6695;4110066,6324;-199769,733;4110065,6287;;;;;;
R1-112;'112.BTV.D100000565;;'112.LBT.D100000002;LP45 DEPÓSITO AGUA * Vano: 95-97;'95-97;No;;0,4;0,4;6,70820393;6,708;Fachada;Trifásico;;MANGUERA CU(4X16);16;146,1;101,22104919;;1,22;0,11;1;Simplex;9/2/1995, 0:00:00;;;;Propio;90;335488,355;4082704,0461;439;335491,355;4082698,0457;439;0484585851LB368759704;0484582356LB368759169;;Andalucía;Andalucía;Ardales;Málaga;;No;;;;;;1;;870310,1361;4089177,4069;870313,5119;4089171,5991;-199839,188;4109971,2658;-199836,5579;4109965,0527;;;;;;
R1-112;'112.BTV.D100000456;;'112.LBT.D200000129;LP36 CANTARRA,PRADO, AND NAVARRE * V: 177-AC1;'177-AC1;Sí;112-02802149-;0,4;0,4;1;1;Fachada;Monofásico;;MANGUERA (2X6);6;55;38,10511777;;3,39;0,11;1;Simplex;9/2/1995, 0:00:00;;;;Propio;100;335615,356;4082870,045;426;335615,356;4082871,045;426;0484447017LB368774882;0484447039LB368774972;;Andalucía;Andalucía;Ardales;Málaga;;No;;;;;;1;;870426,6101;4089351,2959;870426,5471;4089352,2952;-199701,178;4110129,8155;-199701,1146;4110130,8192;;;;;;
R1-112;'112.BTV.D100000007;;'112.LBT.D200000129;LP36 CANTARRA,PRADO, AND NAVARRE * V: 24-25;'24-25;No;;0,4;0,4;41,03656906;41,809;Subterránea;Trifásico;;RV 4X240 AL;240;320;221,70250337;;0,125;0,08;1;Simplex;9/2/1995, 0:00:00;;;;Propio;100;335714,355;4082801,0431;432;335742,355;4082831,0431;432;0484334494LB368768837;0484303741LB368771589;;Andalucía;Andalucía;Ardales;Málaga;;No;;;;112.ARQ.SG000556516;112.ARQ.SG000556540;1;;870529,8905;4089288,5679;870555,985;4089320,3116;-199606,1939;4110054,273;-199576,1857;4110082,6062;;;;;;